date,cash_index,annual_rate,source_series,effective_date,accrual_days
2000-07-03,1.000000000000,7.030000000000,EFFR,2000-07-03,2
2000-07-05,1.000390555556,6.520000000000,EFFR,2000-07-05,1
2000-07-06,1.000571737401,6.510000000000,EFFR,2000-07-06,1
2000-07-07,1.000752674123,6.420000000000,EFFR,2000-07-07,3
2000-07-10,1.001288076804,6.510000000000,EFFR,2000-07-10,1
2000-07-11,1.001469143064,6.390000000000,EFFR,2000-07-11,1
2000-07-12,1.001646903837,6.380000000000,EFFR,2000-07-12,1
2000-07-13,1.001824417927,6.500000000000,EFFR,2000-07-13,1
2000-07-14,1.002005302892,6.510000000000,EFFR,2000-07-14,3
2000-07-17,1.002548890769,6.580000000000,EFFR,2000-07-17,1
2000-07-18,1.002732134427,6.470000000000,EFFR,2000-07-18,1
2000-07-19,1.002912347674,6.450000000000,EFFR,2000-07-19,1
2000-07-20,1.003092036137,6.520000000000,EFFR,2000-07-20,1
2000-07-21,1.003273707250,6.510000000000,EFFR,2000-07-21,3
2000-07-24,1.003817983236,6.520000000000,EFFR,2000-07-24,1
2000-07-25,1.003999785826,6.460000000000,EFFR,2000-07-25,1
2000-07-26,1.004179948010,6.490000000000,EFFR,2000-07-26,1
2000-07-27,1.004360979340,6.520000000000,EFFR,2000-07-27,1
2000-07-28,1.004542880273,6.440000000000,EFFR,2000-07-28,3
2000-07-31,1.005081984952,6.640000000000,EFFR,2000-07-31,1
2000-08-01,1.005267366740,6.510000000000,EFFR,2000-08-01,1
2000-08-02,1.005449152589,6.420000000000,EFFR,2000-08-02,1
2000-08-03,1.005628457688,6.450000000000,EFFR,2000-08-03,1
2000-08-04,1.005808632786,6.440000000000,EFFR,2000-08-04,3
2000-08-07,1.006348416753,6.460000000000,EFFR,2000-08-07,1
2000-08-08,1.006529000385,6.440000000000,EFFR,2000-08-08,1
2000-08-09,1.006709057240,6.480000000000,EFFR,2000-08-09,1
2000-08-10,1.006890264870,6.520000000000,EFFR,2000-08-10,1
2000-08-11,1.007072623885,6.500000000000,EFFR,2000-08-11,3
2000-08-14,1.007618121556,6.580000000000,EFFR,2000-08-14,1
2000-08-15,1.007802291757,6.630000000000,EFFR,2000-08-15,1
2000-08-16,1.007987895346,6.480000000000,EFFR,2000-08-16,1
2000-08-17,1.008169333167,6.470000000000,EFFR,2000-08-17,1
2000-08-18,1.008350523600,6.440000000000,EFFR,2000-08-18,3
2000-08-21,1.008891671714,6.480000000000,EFFR,2000-08-21,1
2000-08-22,1.009073272215,6.420000000000,EFFR,2000-08-22,1
2000-08-23,1.009253223615,6.500000000000,EFFR,2000-08-23,1
2000-08-24,1.009435449892,6.560000000000,EFFR,2000-08-24,1
2000-08-25,1.009619391463,6.540000000000,EFFR,2000-08-25,3
2000-08-28,1.010169634031,6.570000000000,EFFR,2000-08-28,1
2000-08-29,1.010353989989,6.510000000000,EFFR,2000-08-29,1
2000-08-30,1.010536695669,6.510000000000,EFFR,2000-08-30,1
2000-08-31,1.010719434388,6.650000000000,EFFR,2000-08-31,1
2000-09-01,1.010906136728,6.520000000000,EFFR,2000-09-01,4
2000-09-05,1.011638482063,6.610000000000,EFFR,2000-09-05,1
2000-09-06,1.011824230129,6.560000000000,EFFR,2000-09-06,1
2000-09-07,1.012008606988,6.530000000000,EFFR,2000-09-07,1
2000-09-08,1.012192174105,6.500000000000,EFFR,2000-09-08,3
2000-09-11,1.012740444866,6.500000000000,EFFR,2000-09-11,1
2000-09-12,1.012923300780,6.470000000000,EFFR,2000-09-12,1
2000-09-13,1.013105345606,6.470000000000,EFFR,2000-09-13,1
2000-09-14,1.013287423150,6.500000000000,EFFR,2000-09-14,1
2000-09-15,1.013470377824,6.550000000000,EFFR,2000-09-15,3
2000-09-18,1.014023563738,6.440000000000,EFFR,2000-09-18,1
2000-09-19,1.014204961287,6.400000000000,EFFR,2000-09-19,1
2000-09-20,1.014385264391,6.500000000000,EFFR,2000-09-20,1
2000-09-21,1.014568417286,6.530000000000,EFFR,2000-09-21,1
2000-09-22,1.014752448724,6.480000000000,EFFR,2000-09-22,3
2000-09-25,1.015300415047,6.540000000000,EFFR,2000-09-25,1
2000-09-26,1.015484861289,6.500000000000,EFFR,2000-09-26,1
2000-09-27,1.015668212722,6.500000000000,EFFR,2000-09-27,1
2000-09-28,1.015851597260,6.590000000000,EFFR,2000-09-28,1
2000-09-29,1.016037554539,6.600000000000,EFFR,2000-09-29,3
2000-10-02,1.016596375194,6.680000000000,EFFR,2000-10-02,1
2000-10-03,1.016785010299,6.460000000000,EFFR,2000-10-03,1
2000-10-04,1.016967466720,6.510000000000,EFFR,2000-10-04,1
2000-10-05,1.017151368337,6.540000000000,EFFR,2000-10-05,1
2000-10-06,1.017336150836,6.430000000000,EFFR,2000-10-06,4
2000-10-10,1.018062980997,6.570000000000,EFFR,2000-10-10,1
2000-10-11,1.018248777491,6.460000000000,EFFR,2000-10-11,1
2000-10-12,1.018431496577,6.470000000000,EFFR,2000-10-12,1
2000-10-13,1.018614531349,6.460000000000,EFFR,2000-10-13,3
2000-10-16,1.019162885505,6.590000000000,EFFR,2000-10-16,1
2000-10-17,1.019349448933,6.450000000000,EFFR,2000-10-17,1
2000-10-18,1.019532082376,6.530000000000,EFFR,2000-10-18,1
2000-10-19,1.019717014168,6.540000000000,EFFR,2000-10-19,1
2000-10-20,1.019902262758,6.500000000000,EFFR,2000-10-20,3
2000-10-23,1.020454709817,6.530000000000,EFFR,2000-10-23,1
2000-10-24,1.020639808963,6.490000000000,EFFR,2000-10-24,1
2000-10-25,1.020823807640,6.530000000000,EFFR,2000-10-25,1
2000-10-26,1.021008973736,6.530000000000,EFFR,2000-10-26,1
2000-10-27,1.021194173420,6.510000000000,EFFR,2000-10-27,3
2000-10-30,1.021748171259,6.590000000000,EFFR,2000-10-30,1
2000-10-31,1.021935207938,6.590000000000,EFFR,2000-10-31,1
2000-11-01,1.022122278855,6.610000000000,EFFR,2000-11-01,1
2000-11-02,1.022309951862,6.540000000000,EFFR,2000-11-02,1
2000-11-03,1.022495671504,6.480000000000,EFFR,2000-11-03,3
2000-11-06,1.023047819166,6.490000000000,EFFR,2000-11-06,1
2000-11-07,1.023232251954,6.480000000000,EFFR,2000-11-07,1
2000-11-08,1.023416433759,6.510000000000,EFFR,2000-11-08,1
2000-11-09,1.023601501564,6.520000000000,EFFR,2000-11-09,1
2000-11-10,1.023786887169,6.480000000000,EFFR,2000-11-10,3
2000-11-13,1.024339732088,6.550000000000,EFFR,2000-11-13,1
2000-11-14,1.024526105012,6.520000000000,EFFR,2000-11-14,1
2000-11-15,1.024711658073,6.610000000000,EFFR,2000-11-15,1
2000-11-16,1.024899806519,6.550000000000,EFFR,2000-11-16,1
2000-11-17,1.025086281345,6.480000000000,EFFR,2000-11-17,3
2000-11-20,1.025639827937,6.520000000000,EFFR,2000-11-20,1
2000-11-21,1.025825582706,6.500000000000,EFFR,2000-11-21,1
2000-11-22,1.026010801214,6.580000000000,EFFR,2000-11-22,2
2000-11-24,1.026385865162,6.490000000000,EFFR,2000-11-24,3
2000-11-27,1.026940968851,6.500000000000,EFFR,2000-11-27,1
2000-11-28,1.027126388748,6.460000000000,EFFR,2000-11-28,1
2000-11-29,1.027310700873,6.500000000000,EFFR,2000-11-29,1
2000-11-30,1.027496187527,6.620000000000,EFFR,2000-11-30,1
2000-12-01,1.027685132659,6.600000000000,EFFR,2000-12-01,3
2000-12-04,1.028250359482,6.570000000000,EFFR,2000-12-04,1
2000-12-05,1.028438015173,6.510000000000,EFFR,2000-12-05,1
2000-12-06,1.028623991047,6.480000000000,EFFR,2000-12-06,1
2000-12-07,1.028809143365,6.490000000000,EFFR,2000-12-07,1
2000-12-08,1.028994614792,6.470000000000,EFFR,2000-12-08,3
2000-12-11,1.029549414388,6.490000000000,EFFR,2000-12-11,1
2000-12-12,1.029735019269,6.430000000000,EFFR,2000-12-12,1
2000-12-13,1.029918941385,6.470000000000,EFFR,2000-12-13,1
2000-12-14,1.030104040705,6.530000000000,EFFR,2000-12-14,1
2000-12-15,1.030290890133,6.580000000000,EFFR,2000-12-15,3
2000-12-18,1.030855832971,6.500000000000,EFFR,2000-12-18,1
2000-12-19,1.031041959718,6.470000000000,EFFR,2000-12-19,1
2000-12-20,1.031227260871,6.470000000000,EFFR,2000-12-20,1
2000-12-21,1.031412595326,6.480000000000,EFFR,2000-12-21,1
2000-12-22,1.031598249593,6.440000000000,EFFR,2000-12-22,4
2000-12-26,1.032336415451,6.580000000000,EFFR,2000-12-26,1
2000-12-27,1.032525103607,6.530000000000,EFFR,2000-12-27,1
2000-12-28,1.032712392189,6.530000000000,EFFR,2000-12-28,1
2000-12-29,1.032899714742,5.410000000000,EFFR,2000-12-29,4
2001-01-02,1.033520602237,6.670000000000,EFFR,2001-01-02,1
2001-01-03,1.033712090638,6.350000000000,EFFR,2001-01-03,1
2001-01-04,1.033894425965,5.920000000000,EFFR,2001-01-04,1
2001-01-05,1.034064444159,5.830000000000,EFFR,2001-01-05,3
2001-01-08,1.034566827135,5.980000000000,EFFR,2001-01-08,1
2001-01-09,1.034738680180,5.950000000000,EFFR,2001-01-09,1
2001-01-10,1.034909699490,6.060000000000,EFFR,2001-01-10,1
2001-01-11,1.035083909289,6.050000000000,EFFR,2001-01-11,1
2001-01-12,1.035257860891,5.980000000000,EFFR,2001-01-12,4
2001-01-16,1.035945732225,6.200000000000,EFFR,2001-01-16,1
2001-01-17,1.036124145101,5.940000000000,EFFR,2001-01-17,1
2001-01-18,1.036295105585,5.930000000000,EFFR,2001-01-18,1
2001-01-19,1.036465806418,5.920000000000,EFFR,2001-01-19,3
2001-01-22,1.036977129549,6.000000000000,EFFR,2001-01-22,1
2001-01-23,1.037149959070,5.970000000000,EFFR,2001-01-23,1
2001-01-24,1.037321953105,6.050000000000,EFFR,2001-01-24,1
2001-01-25,1.037496280822,6.100000000000,EFFR,2001-01-25,1
2001-01-26,1.037672078803,5.960000000000,EFFR,2001-01-26,3
2001-01-29,1.038187455936,5.980000000000,EFFR,2001-01-29,1
2001-01-30,1.038359910408,5.900000000000,EFFR,2001-01-30,1
2001-01-31,1.038530086060,5.740000000000,EFFR,2001-01-31,1
2001-02-01,1.038695673912,5.570000000000,EFFR,2001-02-01,1
2001-02-02,1.038856383215,5.500000000000,EFFR,2001-02-02,3
2001-02-05,1.039332525724,5.520000000000,EFFR,2001-02-05,1
2001-02-06,1.039491890045,5.480000000000,EFFR,2001-02-06,1
2001-02-07,1.039650123810,5.500000000000,EFFR,2001-02-07,1
2001-02-08,1.039808959246,5.500000000000,EFFR,2001-02-08,1
2001-02-09,1.039967818948,5.440000000000,EFFR,2001-02-09,3
2001-02-12,1.040439271026,5.480000000000,EFFR,2001-02-12,1
2001-02-13,1.040597649004,5.460000000000,EFFR,2001-02-13,1
2001-02-14,1.040755472980,5.500000000000,EFFR,2001-02-14,1
2001-02-15,1.040914477289,5.570000000000,EFFR,2001-02-15,1
2001-02-16,1.041075529890,5.460000000000,EFFR,2001-02-16,4
2001-02-20,1.041707115711,5.570000000000,EFFR,2001-02-20,1
2001-02-21,1.041868290951,5.500000000000,EFFR,2001-02-21,1
2001-02-22,1.042027465273,5.520000000000,EFFR,2001-02-22,1
2001-02-23,1.042187242818,5.460000000000,EFFR,2001-02-23,3
2001-02-26,1.042661438014,5.550000000000,EFFR,2001-02-26,1
2001-02-27,1.042822181652,5.490000000000,EFFR,2001-02-27,1
2001-02-28,1.042981212035,5.590000000000,EFFR,2001-02-28,1
2001-03-01,1.043143163840,5.590000000000,EFFR,2001-03-01,1
2001-03-02,1.043305140792,5.520000000000,EFFR,2001-03-02,3
2001-03-05,1.043785061157,5.520000000000,EFFR,2001-03-05,1
2001-03-06,1.043945108199,5.390000000000,EFFR,2001-03-06,1
2001-03-07,1.044101409981,5.340000000000,EFFR,2001-03-07,1
2001-03-08,1.044256285023,5.460000000000,EFFR,2001-03-08,1
2001-03-09,1.044414663893,5.420000000000,EFFR,2001-03-09,3
2001-03-12,1.044886391183,5.500000000000,EFFR,2001-03-12,1
2001-03-13,1.045046026604,5.500000000000,EFFR,2001-03-13,1
2001-03-14,1.045205686414,5.480000000000,EFFR,2001-03-14,1
2001-03-15,1.045364789946,5.520000000000,EFFR,2001-03-15,1
2001-03-16,1.045525079214,5.400000000000,EFFR,2001-03-16,3
2001-03-19,1.045995565499,5.380000000000,EFFR,2001-03-19,1
2001-03-20,1.046151883725,5.140000000000,EFFR,2001-03-20,1
2001-03-21,1.046301250967,5.050000000000,EFFR,2001-03-21,1
2001-03-22,1.046448023781,5.040000000000,EFFR,2001-03-22,1
2001-03-23,1.046594526504,4.940000000000,EFFR,2001-03-23,3
2001-03-26,1.047025374584,5.030000000000,EFFR,2001-03-26,1
2001-03-27,1.047171667296,5.040000000000,EFFR,2001-03-27,1
2001-03-28,1.047318271330,5.050000000000,EFFR,2001-03-28,1
2001-03-29,1.047465186810,5.190000000000,EFFR,2001-03-29,1
2001-03-30,1.047616196374,5.290000000000,EFFR,2001-03-30,3
2001-04-02,1.048078020514,5.300000000000,EFFR,2001-04-02,1
2001-04-03,1.048232320889,5.100000000000,EFFR,2001-04-03,1
2001-04-04,1.048380820468,5.010000000000,EFFR,2001-04-04,1
2001-04-05,1.048526720132,5.040000000000,EFFR,2001-04-05,1
2001-04-06,1.048673513873,4.940000000000,EFFR,2001-04-06,3
2001-04-09,1.049105217803,4.980000000000,EFFR,2001-04-09,1
2001-04-10,1.049250344025,4.960000000000,EFFR,2001-04-10,1
2001-04-11,1.049394907405,4.950000000000,EFFR,2001-04-11,1
2001-04-12,1.049539199205,5.020000000000,EFFR,2001-04-12,1
2001-04-13,1.049685551616,5.010000000000,EFFR,2001-04-13,3
2001-04-16,1.050123795334,5.170000000000,EFFR,2001-04-16,1
2001-04-17,1.050274604779,4.990000000000,EFFR,2001-04-17,1
2001-04-18,1.050420184509,4.670000000000,EFFR,2001-04-18,1
2001-04-19,1.050556447349,4.470000000000,EFFR,2001-04-19,1
2001-04-20,1.050686891441,4.380000000000,EFFR,2001-04-20,3
2001-04-23,1.051070392157,4.400000000000,EFFR,2001-04-23,1
2001-04-24,1.051198856316,4.410000000000,EFFR,2001-04-24,1
2001-04-25,1.051327628176,4.540000000000,EFFR,2001-04-25,1
2001-04-26,1.051460212271,4.570000000000,EFFR,2001-04-26,1
2001-04-27,1.051593689303,4.510000000000,EFFR,2001-04-27,3
2001-04-30,1.051988913265,4.670000000000,EFFR,2001-04-30,1
2001-05-01,1.052125379605,4.610000000000,EFFR,2001-05-01,1
2001-05-02,1.052260110105,4.350000000000,EFFR,2001-05-02,1
2001-05-03,1.052387258201,4.480000000000,EFFR,2001-05-03,1
2001-05-04,1.052518221949,4.410000000000,EFFR,2001-05-04,3
2001-05-07,1.052905022396,4.470000000000,EFFR,2001-05-07,1
2001-05-08,1.053035758102,4.410000000000,EFFR,2001-05-08,1
2001-05-09,1.053164754983,4.430000000000,EFFR,2001-05-09,1
2001-05-10,1.053294352757,4.510000000000,EFFR,2001-05-10,1
2001-05-11,1.053426307133,4.470000000000,EFFR,2001-05-11,3
2001-05-14,1.053818708432,4.430000000000,EFFR,2001-05-14,1
2001-05-15,1.053948386679,4.220000000000,EFFR,2001-05-15,1
2001-05-16,1.054071932851,4.040000000000,EFFR,2001-05-16,1
2001-05-17,1.054190223145,4.040000000000,EFFR,2001-05-17,1
2001-05-18,1.054308526715,3.950000000000,EFFR,2001-05-18,3
2001-05-21,1.054655569938,4.020000000000,EFFR,2001-05-21,1
2001-05-22,1.054773339810,3.990000000000,EFFR,2001-05-22,1
2001-05-23,1.054890243855,3.970000000000,EFFR,2001-05-23,1
2001-05-24,1.055006574807,3.980000000000,EFFR,2001-05-24,1
2001-05-25,1.055123211645,3.940000000000,EFFR,2001-05-25,4
2001-05-29,1.055585121140,4.090000000000,EFFR,2001-05-29,1
2001-05-30,1.055705047339,4.050000000000,EFFR,2001-05-30,1
2001-05-31,1.055823814157,4.240000000000,EFFR,2001-05-31,1
2001-06-01,1.055948166739,4.140000000000,EFFR,2001-06-01,3
2001-06-04,1.056312468857,4.030000000000,EFFR,2001-06-04,1
2001-06-05,1.056430717169,3.930000000000,EFFR,2001-06-05,1
2001-06-06,1.056546044189,3.910000000000,EFFR,2001-06-06,1
2001-06-07,1.056660796829,3.920000000000,EFFR,2001-06-07,1
2001-06-08,1.056775855449,4.020000000000,EFFR,2001-06-08,3
2001-06-11,1.057129875361,4.030000000000,EFFR,2001-06-11,1
2001-06-12,1.057248215177,3.980000000000,EFFR,2001-06-12,1
2001-06-13,1.057365099841,4.040000000000,EFFR,2001-06-13,1
2001-06-14,1.057483759702,4.030000000000,EFFR,2001-06-14,1
2001-06-15,1.057602139134,3.940000000000,EFFR,2001-06-15,3
2001-06-18,1.057949385170,3.910000000000,EFFR,2001-06-18,1
2001-06-19,1.058064290228,3.910000000000,EFFR,2001-06-19,1
2001-06-20,1.058179207766,3.980000000000,EFFR,2001-06-20,1
2001-06-21,1.058296195356,4.020000000000,EFFR,2001-06-21,1
2001-06-22,1.058414371765,3.980000000000,EFFR,2001-06-22,3
2001-06-25,1.058765412531,3.970000000000,EFFR,2001-06-25,1
2001-06-26,1.058882170828,3.750000000000,EFFR,2001-06-26,1
2001-06-27,1.058992471054,3.680000000000,EFFR,2001-06-27,1
2001-06-28,1.059100723618,3.860000000000,EFFR,2001-06-28,1
2001-06-29,1.059214282751,3.950000000000,EFFR,2001-06-29,3
2001-07-02,1.059562940786,4.110000000000,EFFR,2001-07-02,1
2001-07-03,1.059683907555,3.690000000000,EFFR,2001-07-03,2
2001-07-05,1.059901142756,3.720000000000,EFFR,2001-07-05,1
2001-07-06,1.060010665874,3.600000000000,EFFR,2001-07-06,3
2001-07-09,1.060328669074,3.670000000000,EFFR,2001-07-09,1
2001-07-10,1.060436763691,3.710000000000,EFFR,2001-07-10,1
2001-07-11,1.060546047591,3.780000000000,EFFR,2001-07-11,1
2001-07-12,1.060657404926,3.780000000000,EFFR,2001-07-12,1
2001-07-13,1.060768773953,3.750000000000,EFFR,2001-07-13,3
2001-07-16,1.061100264195,3.820000000000,EFFR,2001-07-16,1
2001-07-17,1.061212858723,3.710000000000,EFFR,2001-07-17,1
2001-07-18,1.061322222604,3.730000000000,EFFR,2001-07-18,1
2001-07-19,1.061432187379,3.770000000000,EFFR,2001-07-19,1
2001-07-20,1.061543342916,3.800000000000,EFFR,2001-07-20,3
2001-07-23,1.061879498308,3.820000000000,EFFR,2001-07-23,1
2001-07-24,1.061992175522,3.820000000000,EFFR,2001-07-24,1
2001-07-25,1.062104864691,3.890000000000,EFFR,2001-07-25,1
2001-07-26,1.062219631023,3.870000000000,EFFR,2001-07-26,1
2001-07-27,1.062333819633,3.750000000000,EFFR,2001-07-27,3
2001-07-30,1.062665798952,3.790000000000,EFFR,2001-07-30,1
2001-07-31,1.062777674045,3.820000000000,EFFR,2001-07-31,1
2001-08-01,1.062890446565,3.790000000000,EFFR,2001-08-01,1
2001-08-02,1.063002345309,3.680000000000,EFFR,2001-08-02,1
2001-08-03,1.063111007771,3.690000000000,EFFR,2001-08-03,3
2001-08-06,1.063437914406,3.730000000000,EFFR,2001-08-06,1
2001-08-07,1.063548098390,3.690000000000,EFFR,2001-08-07,1
2001-08-08,1.063657112070,3.750000000000,EFFR,2001-08-08,1
2001-08-09,1.063767909686,3.770000000000,EFFR,2001-08-09,1
2001-08-10,1.063879309826,3.700000000000,EFFR,2001-08-10,3
2001-08-13,1.064207339279,3.790000000000,EFFR,2001-08-13,1
2001-08-14,1.064319376663,3.760000000000,EFFR,2001-08-14,1
2001-08-15,1.064430538909,3.830000000000,EFFR,2001-08-15,1
2001-08-16,1.064543782492,3.750000000000,EFFR,2001-08-16,1
2001-08-17,1.064654672469,3.660000000000,EFFR,2001-08-17,3
2001-08-20,1.064979392144,3.640000000000,EFFR,2001-08-20,1
2001-08-21,1.065087073394,3.530000000000,EFFR,2001-08-21,1
2001-08-22,1.065191511098,3.510000000000,EFFR,2001-08-22,1
2001-08-23,1.065295367271,3.550000000000,EFFR,2001-08-23,1
2001-08-24,1.065400417230,3.510000000000,EFFR,2001-08-24,3
2001-08-27,1.065712046853,3.540000000000,EFFR,2001-08-27,1
2001-08-28,1.065816841870,3.500000000000,EFFR,2001-08-28,1
2001-08-29,1.065920462952,3.500000000000,EFFR,2001-08-29,1
2001-08-30,1.066024094108,3.580000000000,EFFR,2001-08-30,1
2001-08-31,1.066130104282,3.660000000000,EFFR,2001-08-31,4
2001-09-04,1.066563663858,3.670000000000,EFFR,2001-09-04,1
2001-09-05,1.066672394098,3.490000000000,EFFR,2001-09-05,1
2001-09-06,1.066775802061,3.520000000000,EFFR,2001-09-06,1
2001-09-07,1.066880109028,3.440000000000,EFFR,2001-09-07,3
2001-09-10,1.067185947993,3.500000000000,EFFR,2001-09-10,1
2001-09-11,1.067289702182,3.500000000000,EFFR,2001-09-11,1
2001-09-12,1.067393466459,3.560000000000,EFFR,2001-09-12,1
2001-09-13,1.067499019813,3.310000000000,EFFR,2001-09-13,1
2001-09-14,1.067597170417,3.130000000000,EFFR,2001-09-14,3
2001-09-17,1.067875635346,2.130000000000,EFFR,2001-09-17,1
2001-09-18,1.067938817987,1.250000000000,EFFR,2001-09-18,1
2001-09-19,1.067975899196,1.190000000000,EFFR,2001-09-19,1
2001-09-20,1.068011201733,2.220000000000,EFFR,2001-09-20,1
2001-09-21,1.068077062424,3.110000000000,EFFR,2001-09-21,3
2001-09-24,1.068353872396,3.310000000000,EFFR,2001-09-24,1
2001-09-25,1.068452101599,3.110000000000,EFFR,2001-09-25,1
2001-09-26,1.068544403989,2.960000000000,EFFR,2001-09-26,1
2001-09-27,1.068632262084,3.080000000000,EFFR,2001-09-27,1
2001-09-28,1.068723689511,2.750000000000,EFFR,2001-09-28,3
2001-10-01,1.068968605357,3.020000000000,EFFR,2001-10-01,1
2001-10-02,1.069058279945,2.350000000000,EFFR,2001-10-02,1
2001-10-03,1.069128065694,2.270000000000,EFFR,2001-10-03,1
2001-10-04,1.069195480158,2.450000000000,EFFR,2001-10-04,1
2001-10-05,1.069268244851,2.420000000000,EFFR,2001-10-05,4
2001-10-09,1.069555759201,2.500000000000,EFFR,2001-10-09,1
2001-10-10,1.069630033906,2.420000000000,EFFR,2001-10-10,1
2001-10-11,1.069701936814,2.420000000000,EFFR,2001-10-11,1
2001-10-12,1.069773844556,2.390000000000,EFFR,2001-10-12,3
2001-10-15,1.069986907846,2.510000000000,EFFR,2001-10-15,1
2001-10-16,1.070061509711,2.470000000000,EFFR,2001-10-16,1
2001-10-17,1.070134927820,2.510000000000,EFFR,2001-10-17,1
2001-10-18,1.070209540006,2.500000000000,EFFR,2001-10-18,1
2001-10-19,1.070283860113,2.470000000000,EFFR,2001-10-19,3
2001-10-22,1.070504160207,2.520000000000,EFFR,2001-10-22,1
2001-10-23,1.070579095498,2.480000000000,EFFR,2001-10-23,1
2001-10-24,1.070652846503,2.530000000000,EFFR,2001-10-24,1
2001-10-25,1.070728089605,2.540000000000,EFFR,2001-10-25,1
2001-10-26,1.070803635421,2.510000000000,EFFR,2001-10-26,3
2001-10-29,1.071027611848,2.550000000000,EFFR,2001-10-29,1
2001-10-30,1.071103476304,2.550000000000,EFFR,2001-10-30,1
2001-10-31,1.071179346133,2.660000000000,EFFR,2001-10-31,1
2001-11-01,1.071258494385,2.610000000000,EFFR,2001-11-01,1
2001-11-02,1.071336160626,2.430000000000,EFFR,2001-11-02,3
2001-11-05,1.071553106198,2.450000000000,EFFR,2001-11-05,1
2001-11-06,1.071626031340,2.130000000000,EFFR,2001-11-06,1
2001-11-07,1.071689435880,2.040000000000,EFFR,2001-11-07,1
2001-11-08,1.071750164948,2.030000000000,EFFR,2001-11-08,1
2001-11-09,1.071810599749,1.980000000000,EFFR,2001-11-09,4
2001-11-13,1.072046398081,2.100000000000,EFFR,2001-11-13,1
2001-11-14,1.072108934121,2.160000000000,EFFR,2001-11-14,1
2001-11-15,1.072173260657,2.220000000000,EFFR,2001-11-15,1
2001-11-16,1.072239378008,1.980000000000,EFFR,2001-11-16,3
2001-11-19,1.072416297506,2.010000000000,EFFR,2001-11-19,1
2001-11-20,1.072476174082,1.970000000000,EFFR,2001-11-20,1
2001-11-21,1.072534862362,1.930000000000,EFFR,2001-11-21,2
2001-11-23,1.072649861933,1.880000000000,EFFR,2001-11-23,3
2001-11-26,1.072817910412,2.040000000000,EFFR,2001-11-26,1
2001-11-27,1.072878703426,2.010000000000,EFFR,2001-11-27,1
2001-11-28,1.072938605821,2.040000000000,EFFR,2001-11-28,1
2001-11-29,1.072999405675,2.090000000000,EFFR,2001-11-29,1
2001-11-30,1.073061699252,2.060000000000,EFFR,2001-11-30,3
2001-12-03,1.073245908177,2.050000000000,EFFR,2001-12-03,1
2001-12-04,1.073307023569,1.930000000000,EFFR,2001-12-04,1
2001-12-05,1.073364564751,1.890000000000,EFFR,2001-12-05,1
2001-12-06,1.073420916390,1.870000000000,EFFR,2001-12-06,1
2001-12-07,1.073476674644,1.920000000000,EFFR,2001-12-07,3
2001-12-10,1.073648430912,1.900000000000,EFFR,2001-12-10,1
2001-12-11,1.073705095690,1.800000000000,EFFR,2001-12-11,1
2001-12-12,1.073758780945,1.810000000000,EFFR,2001-12-12,1
2001-12-13,1.073812767150,1.860000000000,EFFR,2001-12-13,1
2001-12-14,1.073868247476,1.880000000000,EFFR,2001-12-14,3
2001-12-17,1.074036486835,1.930000000000,EFFR,2001-12-17,1
2001-12-18,1.074094067125,1.710000000000,EFFR,2001-12-18,1
2001-12-19,1.074145086593,1.710000000000,EFFR,2001-12-19,1
2001-12-20,1.074196108484,1.790000000000,EFFR,2001-12-20,1
2001-12-21,1.074249519902,1.780000000000,EFFR,2001-12-21,3
2001-12-24,1.074408866914,1.680000000000,EFFR,2001-12-24,2
2001-12-26,1.074509145075,1.890000000000,EFFR,2001-12-26,1
2001-12-27,1.074565556805,1.850000000000,EFFR,2001-12-27,1
2001-12-28,1.074620777535,1.540000000000,EFFR,2001-12-28,3
2001-12-31,1.074758687202,1.520000000000,EFFR,2001-12-31,2
2002-01-02,1.074849444602,1.920000000000,EFFR,2002-01-02,1
2002-01-03,1.074906769906,1.720000000000,EFFR,2002-01-03,1
2002-01-04,1.074958126562,1.610000000000,EFFR,2002-01-04,3
2002-01-07,1.075102350111,1.610000000000,EFFR,2002-01-07,1
2002-01-08,1.075150431077,1.610000000000,EFFR,2002-01-08,1
2002-01-09,1.075198514194,1.740000000000,EFFR,2002-01-09,1
2002-01-10,1.075250482122,1.810000000000,EFFR,2002-01-10,1
2002-01-11,1.075304543327,1.710000000000,EFFR,2002-01-11,3
2002-01-14,1.075457774224,1.780000000000,EFFR,2002-01-14,1
2002-01-15,1.075510949636,1.750000000000,EFFR,2002-01-15,1
2002-01-16,1.075563231419,1.690000000000,EFFR,2002-01-16,1
2002-01-17,1.075613723137,1.680000000000,EFFR,2002-01-17,1
2002-01-18,1.075663918444,1.710000000000,EFFR,2002-01-18,4
2002-01-22,1.075868294588,1.840000000000,EFFR,2002-01-22,1
2002-01-23,1.075923283412,1.810000000000,EFFR,2002-01-23,1
2002-01-24,1.075977378444,1.800000000000,EFFR,2002-01-24,1
2002-01-25,1.076031177313,1.780000000000,EFFR,2002-01-25,3
2002-01-28,1.076190788604,1.790000000000,EFFR,2002-01-28,1
2002-01-29,1.076244299202,1.780000000000,EFFR,2002-01-29,1
2002-01-30,1.076297513503,1.780000000000,EFFR,2002-01-30,1
2002-01-31,1.076350730436,1.850000000000,EFFR,2002-01-31,1
2002-02-01,1.076406042904,1.770000000000,EFFR,2002-02-01,3
2002-02-04,1.076564812795,1.740000000000,EFFR,2002-02-04,1
2002-02-05,1.076616846761,1.640000000000,EFFR,2002-02-05,1
2002-02-06,1.076665892640,1.660000000000,EFFR,2002-02-06,1
2002-02-07,1.076715538901,1.740000000000,EFFR,2002-02-07,1
2002-02-08,1.076767580152,1.690000000000,EFFR,2002-02-08,3
2002-02-11,1.076919224919,1.760000000000,EFFR,2002-02-11,1
2002-02-12,1.076971874303,1.720000000000,EFFR,2002-02-12,1
2002-02-13,1.077023329626,1.750000000000,EFFR,2002-02-13,1
2002-02-14,1.077075684927,1.810000000000,EFFR,2002-02-14,1
2002-02-15,1.077129837899,1.730000000000,EFFR,2002-02-15,4
2002-02-19,1.077336886190,1.770000000000,EFFR,2002-02-19,1
2002-02-20,1.077389855254,1.760000000000,EFFR,2002-02-20,1
2002-02-21,1.077442527647,1.770000000000,EFFR,2002-02-21,1
2002-02-22,1.077495501904,1.710000000000,EFFR,2002-02-22,3
2002-02-25,1.077649045013,1.800000000000,EFFR,2002-02-25,1
2002-02-26,1.077702927465,1.770000000000,EFFR,2002-02-26,1
2002-02-27,1.077755914526,1.760000000000,EFFR,2002-02-27,1
2002-02-28,1.077808604815,1.830000000000,EFFR,2002-02-28,1
2002-03-01,1.077863393419,1.780000000000,EFFR,2002-03-01,3
2002-03-04,1.078023276489,1.680000000000,EFFR,2002-03-04,1
2002-03-05,1.078073584242,1.630000000000,EFFR,2002-03-05,1
2002-03-06,1.078122397018,1.710000000000,EFFR,2002-03-06,1
2002-03-07,1.078173607832,1.770000000000,EFFR,2002-03-07,1
2002-03-08,1.078226618035,1.690000000000,EFFR,2002-03-08,3
2002-03-11,1.078378468283,1.750000000000,EFFR,2002-03-11,1
2002-03-12,1.078430889459,1.680000000000,EFFR,2002-03-12,1
2002-03-13,1.078481216234,1.730000000000,EFFR,2002-03-13,1
2002-03-14,1.078533043248,1.790000000000,EFFR,2002-03-14,1
2002-03-15,1.078586670307,1.800000000000,EFFR,2002-03-15,3
2002-03-18,1.078748458308,1.710000000000,EFFR,2002-03-18,1
2002-03-19,1.078799698860,1.670000000000,EFFR,2002-03-19,1
2002-03-20,1.078849743179,1.780000000000,EFFR,2002-03-20,1
2002-03-21,1.078903086305,1.740000000000,EFFR,2002-03-21,1
2002-03-22,1.078955233288,1.680000000000,EFFR,2002-03-22,3
2002-03-25,1.079106287020,1.750000000000,EFFR,2002-03-25,1
2002-03-26,1.079158743576,1.710000000000,EFFR,2002-03-26,1
2002-03-27,1.079210003616,1.690000000000,EFFR,2002-03-27,1
2002-03-28,1.079260666530,1.770000000000,EFFR,2002-03-28,1
2002-03-29,1.079313730180,1.740000000000,EFFR,2002-03-29,3
2002-04-01,1.079470230671,1.880000000000,EFFR,2002-04-01,1
2002-04-02,1.079526603005,1.740000000000,EFFR,2002-04-02,1
2002-04-03,1.079578780124,1.810000000000,EFFR,2002-04-03,1
2002-04-04,1.079633058946,1.740000000000,EFFR,2002-04-04,1
2002-04-05,1.079685241211,1.700000000000,EFFR,2002-04-05,3
2002-04-08,1.079838196620,1.720000000000,EFFR,2002-04-08,1
2002-04-09,1.079889788889,1.680000000000,EFFR,2002-04-09,1
2002-04-10,1.079940183746,1.730000000000,EFFR,2002-04-10,1
2002-04-11,1.079992080872,1.830000000000,EFFR,2002-04-11,1
2002-04-12,1.080046980469,1.790000000000,EFFR,2002-04-12,3
2002-04-15,1.080208087477,1.840000000000,EFFR,2002-04-15,1
2002-04-16,1.080263298112,1.680000000000,EFFR,2002-04-16,1
2002-04-17,1.080313710400,1.730000000000,EFFR,2002-04-17,1
2002-04-18,1.080365625475,1.710000000000,EFFR,2002-04-18,1
2002-04-19,1.080416942842,1.670000000000,EFFR,2002-04-19,3
2002-04-22,1.080567300867,1.730000000000,EFFR,2002-04-22,1
2002-04-23,1.080619228129,1.710000000000,EFFR,2002-04-23,1
2002-04-24,1.080670557542,1.760000000000,EFFR,2002-04-24,1
2002-04-25,1.080723390325,1.820000000000,EFFR,2002-04-25,1
2002-04-26,1.080778026897,1.790000000000,EFFR,2002-04-26,3
2002-04-29,1.080939242952,1.810000000000,EFFR,2002-04-29,1
2002-04-30,1.080993590175,1.820000000000,EFFR,2002-04-30,1
2002-05-01,1.081048240407,1.880000000000,EFFR,2002-05-01,1
2002-05-02,1.081104695148,1.790000000000,EFFR,2002-05-02,1
2002-05-03,1.081158450076,1.730000000000,EFFR,2002-05-03,3
2002-05-06,1.081314317086,1.750000000000,EFFR,2002-05-06,1
2002-05-07,1.081366880976,1.720000000000,EFFR,2002-05-07,1
2002-05-08,1.081418546283,1.710000000000,EFFR,2002-05-08,1
2002-05-09,1.081469913664,1.740000000000,EFFR,2002-05-09,1
2002-05-10,1.081522184710,1.740000000000,EFFR,2002-05-10,3
2002-05-13,1.081679005426,1.750000000000,EFFR,2002-05-13,1
2002-05-14,1.081731587045,1.690000000000,EFFR,2002-05-14,1
2002-05-15,1.081782368333,1.840000000000,EFFR,2002-05-15,1
2002-05-16,1.081837659432,1.760000000000,EFFR,2002-05-16,1
2002-05-17,1.081890549273,1.700000000000,EFFR,2002-05-17,3
2002-05-20,1.082043817101,1.720000000000,EFFR,2002-05-20,1
2002-05-21,1.082095514750,1.680000000000,EFFR,2002-05-21,1
2002-05-22,1.082146012541,1.730000000000,EFFR,2002-05-22,1
2002-05-23,1.082198015669,1.760000000000,EFFR,2002-05-23,1
2002-05-24,1.082250923127,1.750000000000,EFFR,2002-05-24,4
2002-05-28,1.082461360807,1.880000000000,EFFR,2002-05-28,1
2002-05-29,1.082517889344,1.790000000000,EFFR,2002-05-29,1
2002-05-30,1.082571714539,1.800000000000,EFFR,2002-05-30,1
2002-05-31,1.082625843125,1.790000000000,EFFR,2002-05-31,3
2002-06-03,1.082787334813,1.830000000000,EFFR,2002-06-03,1
2002-06-04,1.082842376503,1.730000000000,EFFR,2002-06-04,1
2002-06-05,1.082894413095,1.700000000000,EFFR,2002-06-05,1
2002-06-06,1.082945549775,1.750000000000,EFFR,2002-06-06,1
2002-06-07,1.082998192962,1.730000000000,EFFR,2002-06-07,3
2002-06-10,1.083154325201,1.760000000000,EFFR,2002-06-10,1
2002-06-11,1.083207279413,1.720000000000,EFFR,2002-06-11,1
2002-06-12,1.083259032650,1.750000000000,EFFR,2002-06-12,1
2002-06-13,1.083311691075,1.760000000000,EFFR,2002-06-13,1
2002-06-14,1.083364652980,1.750000000000,EFFR,2002-06-14,3
2002-06-17,1.083522643658,1.820000000000,EFFR,2002-06-17,1
2002-06-18,1.083577421747,1.710000000000,EFFR,2002-06-18,1
2002-06-19,1.083628891675,1.690000000000,EFFR,2002-06-19,1
2002-06-20,1.083679762031,1.750000000000,EFFR,2002-06-20,1
2002-06-21,1.083732440909,1.740000000000,EFFR,2002-06-21,3
2002-06-24,1.083889582112,1.770000000000,EFFR,2002-06-24,1
2002-06-25,1.083942873350,1.750000000000,EFFR,2002-06-25,1
2002-06-26,1.083995565018,1.780000000000,EFFR,2002-06-26,1
2002-06-27,1.084049162576,1.810000000000,EFFR,2002-06-27,1
2002-06-28,1.084103666159,1.730000000000,EFFR,2002-06-28,3
2002-07-01,1.084259957771,1.830000000000,EFFR,2002-07-01,1
2002-07-02,1.084315074319,1.720000000000,EFFR,2002-07-02,1
2002-07-03,1.084366880483,1.710000000000,EFFR,2002-07-03,2
2002-07-05,1.084469895337,1.720000000000,EFFR,2002-07-05,3
2002-07-08,1.084625336022,1.750000000000,EFFR,2002-07-08,1
2002-07-09,1.084678060865,1.720000000000,EFFR,2002-07-09,1
2002-07-10,1.084729884372,1.740000000000,EFFR,2002-07-10,1
2002-07-11,1.084782312983,1.760000000000,EFFR,2002-07-11,1
2002-07-12,1.084835346785,1.710000000000,EFFR,2002-07-12,3
2002-07-15,1.084989935822,1.830000000000,EFFR,2002-07-15,1
2002-07-16,1.085045089477,1.720000000000,EFFR,2002-07-16,1
2002-07-17,1.085096930520,1.710000000000,EFFR,2002-07-17,1
2002-07-18,1.085148472625,1.740000000000,EFFR,2002-07-18,1
2002-07-19,1.085200921467,1.720000000000,EFFR,2002-07-19,3
2002-07-22,1.085356466933,1.770000000000,EFFR,2002-07-22,1
2002-07-23,1.085409830292,1.730000000000,EFFR,2002-07-23,1
2002-07-24,1.085461990265,1.670000000000,EFFR,2002-07-24,1
2002-07-25,1.085512343641,1.750000000000,EFFR,2002-07-25,1
2002-07-26,1.085565111602,1.690000000000,EFFR,2002-07-26,3
2002-07-29,1.085717995355,1.750000000000,EFFR,2002-07-29,1
2002-07-30,1.085770773313,1.710000000000,EFFR,2002-07-30,1
2002-07-31,1.085822347425,1.760000000000,EFFR,2002-07-31,1
2002-08-01,1.085875432073,1.790000000000,EFFR,2002-08-01,1
2002-08-02,1.085929424212,1.720000000000,EFFR,2002-08-02,3
2002-08-05,1.086085074097,1.770000000000,EFFR,2002-08-05,1
2002-08-06,1.086138473279,1.740000000000,EFFR,2002-08-06,1
2002-08-07,1.086190969972,1.710000000000,EFFR,2002-08-07,1
2002-08-08,1.086242564043,1.710000000000,EFFR,2002-08-08,1
2002-08-09,1.086294160565,1.680000000000,EFFR,2002-08-09,3
2002-08-12,1.086446241748,1.760000000000,EFFR,2002-08-12,1
2002-08-13,1.086499356897,1.740000000000,EFFR,2002-08-13,1
2002-08-14,1.086551871033,1.780000000000,EFFR,2002-08-14,1
2002-08-15,1.086605594986,1.870000000000,EFFR,2002-08-15,1
2002-08-16,1.086662038110,1.700000000000,EFFR,2002-08-16,3
2002-08-19,1.086815981899,1.720000000000,EFFR,2002-08-19,1
2002-08-20,1.086867907552,1.700000000000,EFFR,2002-08-20,1
2002-08-21,1.086919231869,1.720000000000,EFFR,2002-08-21,1
2002-08-22,1.086971162455,1.730000000000,EFFR,2002-08-22,1
2002-08-23,1.087023397458,1.720000000000,EFFR,2002-08-23,3
2002-08-26,1.087179204145,1.810000000000,EFFR,2002-08-26,1
2002-08-27,1.087233865099,1.790000000000,EFFR,2002-08-27,1
2002-08-28,1.087287924783,1.800000000000,EFFR,2002-08-28,1
2002-08-29,1.087342289179,1.820000000000,EFFR,2002-08-29,1
2002-08-30,1.087397260373,1.810000000000,EFFR,2002-08-30,4
2002-09-03,1.087615948044,1.870000000000,EFFR,2002-09-03,1
2002-09-04,1.087672443650,1.740000000000,EFFR,2002-09-04,1
2002-09-05,1.087725014485,1.750000000000,EFFR,2002-09-05,1
2002-09-06,1.087777890007,1.710000000000,EFFR,2002-09-06,3
2002-09-09,1.087932898356,1.760000000000,EFFR,2002-09-09,1
2002-09-10,1.087986086187,1.740000000000,EFFR,2002-09-10,1
2002-09-11,1.088038672181,1.720000000000,EFFR,2002-09-11,1
2002-09-12,1.088090656251,1.740000000000,EFFR,2002-09-12,1
2002-09-13,1.088143247299,1.720000000000,EFFR,2002-09-13,3
2002-09-16,1.088299214498,1.830000000000,EFFR,2002-09-16,1
2002-09-17,1.088354536375,1.720000000000,EFFR,2002-09-17,1
2002-09-18,1.088406535536,1.680000000000,EFFR,2002-09-18,1
2002-09-19,1.088457327841,1.690000000000,EFFR,2002-09-19,1
2002-09-20,1.088508424865,1.700000000000,EFFR,2002-09-20,3
2002-09-23,1.088662630226,1.740000000000,EFFR,2002-09-23,1
2002-09-24,1.088715248919,1.750000000000,EFFR,2002-09-24,1
2002-09-25,1.088768172577,1.790000000000,EFFR,2002-09-25,1
2002-09-26,1.088822308550,1.800000000000,EFFR,2002-09-26,1
2002-09-27,1.088876749666,1.780000000000,EFFR,2002-09-27,3
2002-09-30,1.089038266384,1.850000000000,EFFR,2002-09-30,1
2002-10-01,1.089094230850,1.850000000000,EFFR,2002-10-01,1
2002-10-02,1.089150198192,1.750000000000,EFFR,2002-10-02,1
2002-10-03,1.089203142994,1.760000000000,EFFR,2002-10-03,1
2002-10-04,1.089256392925,1.720000000000,EFFR,2002-10-04,3
2002-10-07,1.089412519675,1.740000000000,EFFR,2002-10-07,1
2002-10-08,1.089465174613,1.720000000000,EFFR,2002-10-08,1
2002-10-09,1.089517226838,1.730000000000,EFFR,2002-10-09,1
2002-10-10,1.089569584194,1.750000000000,EFFR,2002-10-10,1
2002-10-11,1.089622549382,1.730000000000,EFFR,2002-10-11,4
2002-10-15,1.089831999050,1.880000000000,EFFR,2002-10-15,1
2002-10-16,1.089888912499,1.730000000000,EFFR,2002-10-16,1
2002-10-17,1.089941287716,1.740000000000,EFFR,2002-10-17,1
2002-10-18,1.089993968211,1.710000000000,EFFR,2002-10-18,3
2002-10-21,1.090149292352,1.730000000000,EFFR,2002-10-21,1
2002-10-22,1.090201680082,1.710000000000,EFFR,2002-10-22,1
2002-10-23,1.090253464662,1.760000000000,EFFR,2002-10-23,1
2002-10-24,1.090306765942,1.800000000000,EFFR,2002-10-24,1
2002-10-25,1.090361281280,1.820000000000,EFFR,2002-10-25,3
2002-10-28,1.090526652741,1.790000000000,EFFR,2002-10-28,1
2002-10-29,1.090580876150,1.750000000000,EFFR,2002-10-29,1
2002-10-30,1.090633890498,1.720000000000,EFFR,2002-10-30,1
2002-10-31,1.090685998562,1.820000000000,EFFR,2002-10-31,1
2002-11-01,1.090741138798,1.740000000000,EFFR,2002-11-01,3
2002-11-04,1.090899296264,1.710000000000,EFFR,2002-11-04,1
2002-11-05,1.090951113980,1.640000000000,EFFR,2002-11-05,1
2002-11-06,1.091000812864,1.480000000000,EFFR,2002-11-06,1
2002-11-07,1.091045665120,1.270000000000,EFFR,2002-11-07,1
2002-11-08,1.091084154786,1.180000000000,EFFR,2002-11-08,4
2002-11-12,1.091227208042,1.290000000000,EFFR,2002-11-12,1
2002-11-13,1.091266310350,1.170000000000,EFFR,2002-11-13,1
2002-11-14,1.091301776506,1.290000000000,EFFR,2002-11-14,1
2002-11-15,1.091340881486,1.350000000000,EFFR,2002-11-15,3
2002-11-18,1.091463657335,1.210000000000,EFFR,2002-11-18,1
2002-11-19,1.091500342641,1.200000000000,EFFR,2002-11-19,1
2002-11-20,1.091536725986,1.230000000000,EFFR,2002-11-20,1
2002-11-21,1.091574020158,1.270000000000,EFFR,2002-11-21,1
2002-11-22,1.091612528463,1.250000000000,EFFR,2002-11-22,3
2002-11-25,1.091726238102,1.320000000000,EFFR,2002-11-25,1
2002-11-26,1.091766268064,1.260000000000,EFFR,2002-11-26,1
2002-11-27,1.091804479883,1.270000000000,EFFR,2002-11-27,2
2002-11-29,1.091881512755,1.230000000000,EFFR,2002-11-29,3
2002-12-02,1.091993430610,1.270000000000,EFFR,2002-12-02,1
2002-12-03,1.092031953711,1.240000000000,EFFR,2002-12-03,1
2002-12-04,1.092069568145,1.230000000000,EFFR,2002-12-04,1
2002-12-05,1.092106880522,1.240000000000,EFFR,2002-12-05,1
2002-12-06,1.092144497537,1.210000000000,EFFR,2002-12-06,3
2002-12-09,1.092254622107,1.220000000000,EFFR,2002-12-09,1
2002-12-10,1.092291637403,1.220000000000,EFFR,2002-12-10,1
2002-12-11,1.092328653953,1.290000000000,EFFR,2002-12-11,1
2002-12-12,1.092367795729,1.290000000000,EFFR,2002-12-12,1
2002-12-13,1.092406938909,1.250000000000,EFFR,2002-12-13,3
2002-12-16,1.092520731298,1.360000000000,EFFR,2002-12-16,1
2002-12-17,1.092562004304,1.260000000000,EFFR,2002-12-17,1
2002-12-18,1.092600243974,1.250000000000,EFFR,2002-12-18,1
2002-12-19,1.092638181482,1.280000000000,EFFR,2002-12-19,1
2002-12-20,1.092677030840,1.260000000000,EFFR,2002-12-20,3
2002-12-23,1.092791761928,1.280000000000,EFFR,2002-12-23,1
2002-12-24,1.092830616746,1.150000000000,EFFR,2002-12-24,2
2002-12-26,1.092900436480,1.280000000000,EFFR,2002-12-26,1
2002-12-27,1.092939295162,1.200000000000,EFFR,2002-12-27,3
2002-12-30,1.093048589092,1.230000000000,EFFR,2002-12-30,1
2002-12-31,1.093085934919,1.160000000000,EFFR,2002-12-31,2
2003-01-02,1.093156378234,1.300000000000,EFFR,2003-01-02,1
2003-01-03,1.093195853326,1.120000000000,EFFR,2003-01-03,3
2003-01-06,1.093297884939,1.220000000000,EFFR,2003-01-06,1
2003-01-07,1.093334935589,1.200000000000,EFFR,2003-01-07,1
2003-01-08,1.093371380087,1.290000000000,EFFR,2003-01-08,1
2003-01-09,1.093410559228,1.290000000000,EFFR,2003-01-09,1
2003-01-10,1.093449739773,1.250000000000,EFFR,2003-01-10,3
2003-01-13,1.093563640788,1.260000000000,EFFR,2003-01-13,1
2003-01-14,1.093601915515,1.240000000000,EFFR,2003-01-14,1
2003-01-15,1.093639584026,1.300000000000,EFFR,2003-01-15,1
2003-01-16,1.093679076566,1.240000000000,EFFR,2003-01-16,1
2003-01-17,1.093716747734,1.200000000000,EFFR,2003-01-17,4
2003-01-21,1.093862576634,1.310000000000,EFFR,2003-01-21,1
2003-01-22,1.093902381078,1.260000000000,EFFR,2003-01-22,1
2003-01-23,1.093940667661,1.270000000000,EFFR,2003-01-23,1
2003-01-24,1.093979259457,1.210000000000,EFFR,2003-01-24,3
2003-01-27,1.094089569032,1.300000000000,EFFR,2003-01-27,1
2003-01-28,1.094129077822,1.230000000000,EFFR,2003-01-28,1
2003-01-29,1.094166460566,1.260000000000,EFFR,2003-01-29,1
2003-01-30,1.094204756392,1.290000000000,EFFR,2003-01-30,1
2003-01-31,1.094243965396,1.330000000000,EFFR,2003-01-31,3
2003-02-03,1.094365244102,1.300000000000,EFFR,2003-02-03,1
2003-02-04,1.094404762847,1.210000000000,EFFR,2003-02-04,1
2003-02-05,1.094441547007,1.210000000000,EFFR,2003-02-05,1
2003-02-06,1.094478332403,1.230000000000,EFFR,2003-02-06,1
2003-02-07,1.094515727080,1.210000000000,EFFR,2003-02-07,3
2003-02-10,1.094626090749,1.250000000000,EFFR,2003-02-10,1
2003-02-11,1.094664098599,1.220000000000,EFFR,2003-02-11,1
2003-02-12,1.094701195549,1.230000000000,EFFR,2003-02-12,1
2003-02-13,1.094738597840,1.280000000000,EFFR,2003-02-13,1
2003-02-14,1.094777521879,1.300000000000,EFFR,2003-02-14,4
2003-02-18,1.094935656410,1.350000000000,EFFR,2003-02-18,1
2003-02-19,1.094976716497,1.240000000000,EFFR,2003-02-19,1
2003-02-20,1.095014432362,1.250000000000,EFFR,2003-02-20,1
2003-02-21,1.095052453696,1.210000000000,EFFR,2003-02-21,3
2003-02-24,1.095162871485,1.250000000000,EFFR,2003-02-24,1
2003-02-25,1.095200897974,1.280000000000,EFFR,2003-02-25,1
2003-02-26,1.095239838450,1.280000000000,EFFR,2003-02-26,1
2003-02-27,1.095278780311,1.310000000000,EFFR,2003-02-27,1
2003-02-28,1.095318636289,1.330000000000,EFFR,2003-02-28,3
2003-03-03,1.095440034105,1.330000000000,EFFR,2003-03-03,1
2003-03-04,1.095480504528,1.200000000000,EFFR,2003-03-04,1
2003-03-05,1.095517020545,1.220000000000,EFFR,2003-03-05,1
2003-03-06,1.095554146400,1.230000000000,EFFR,2003-03-06,1
2003-03-07,1.095591577833,1.200000000000,EFFR,2003-03-07,3
2003-03-10,1.095701136991,1.230000000000,EFFR,2003-03-10,1
2003-03-11,1.095738573446,1.210000000000,EFFR,2003-03-11,1
2003-03-12,1.095775402437,1.230000000000,EFFR,2003-03-12,1
2003-03-13,1.095812841430,1.310000000000,EFFR,2003-03-13,1
2003-03-14,1.095852716842,1.300000000000,EFFR,2003-03-14,3
2003-03-17,1.095971434219,1.310000000000,EFFR,2003-03-17,1
2003-03-18,1.096011315402,1.200000000000,EFFR,2003-03-18,1
2003-03-19,1.096047849113,1.200000000000,EFFR,2003-03-19,1
2003-03-20,1.096084384041,1.230000000000,EFFR,2003-03-20,1
2003-03-21,1.096121833591,1.200000000000,EFFR,2003-03-21,3
2003-03-24,1.096231445774,1.230000000000,EFFR,2003-03-24,1
2003-03-25,1.096268900349,1.240000000000,EFFR,2003-03-25,1
2003-03-26,1.096306660722,1.260000000000,EFFR,2003-03-26,1
2003-03-27,1.096345031455,1.290000000000,EFFR,2003-03-27,1
2003-03-28,1.096384317152,1.260000000000,EFFR,2003-03-28,3
2003-03-31,1.096499437505,1.380000000000,EFFR,2003-03-31,1
2003-04-01,1.096541469984,1.290000000000,EFFR,2003-04-01,1
2003-04-02,1.096580762720,1.190000000000,EFFR,2003-04-02,1
2003-04-03,1.096617010806,1.240000000000,EFFR,2003-04-03,1
2003-04-04,1.096654783170,1.220000000000,EFFR,2003-04-04,3
2003-04-07,1.096766276406,1.250000000000,EFFR,2003-04-07,1
2003-04-08,1.096804358568,1.220000000000,EFFR,2003-04-08,1
2003-04-09,1.096841528049,1.240000000000,EFFR,2003-04-09,1
2003-04-10,1.096879308146,1.270000000000,EFFR,2003-04-10,1
2003-04-11,1.096918003611,1.240000000000,EFFR,2003-04-11,3
2003-04-14,1.097031351805,1.320000000000,EFFR,2003-04-14,1
2003-04-15,1.097071576287,1.340000000000,EFFR,2003-04-15,1
2003-04-16,1.097112411730,1.260000000000,EFFR,2003-04-16,1
2003-04-17,1.097150810664,1.280000000000,EFFR,2003-04-17,1
2003-04-18,1.097189820471,1.240000000000,EFFR,2003-04-18,3
2003-04-21,1.097303196752,1.290000000000,EFFR,2003-04-21,1
2003-04-22,1.097342516783,1.260000000000,EFFR,2003-04-22,1
2003-04-23,1.097380923771,1.240000000000,EFFR,2003-04-23,1
2003-04-24,1.097418722448,1.240000000000,EFFR,2003-04-24,1
2003-04-25,1.097456522426,1.280000000000,EFFR,2003-04-25,3
2003-04-28,1.097573584455,1.290000000000,EFFR,2003-04-28,1
2003-04-29,1.097612914175,1.270000000000,EFFR,2003-04-29,1
2003-04-30,1.097651635519,1.310000000000,EFFR,2003-04-30,1
2003-05-01,1.097691577843,1.300000000000,EFFR,2003-05-01,1
2003-05-02,1.097731216705,1.240000000000,EFFR,2003-05-02,3
2003-05-05,1.097844648931,1.270000000000,EFFR,2003-05-05,1
2003-05-06,1.097883378451,1.280000000000,EFFR,2003-05-06,1
2003-05-07,1.097922414304,1.280000000000,EFFR,2003-05-07,1
2003-05-08,1.097961451545,1.270000000000,EFFR,2003-05-08,1
2003-05-09,1.098000185186,1.240000000000,EFFR,2003-05-09,3
2003-05-12,1.098113645205,1.250000000000,EFFR,2003-05-12,1
2003-05-13,1.098151774151,1.230000000000,EFFR,2003-05-13,1
2003-05-14,1.098189294336,1.300000000000,EFFR,2003-05-14,1
2003-05-15,1.098228951172,1.360000000000,EFFR,2003-05-15,1
2003-05-16,1.098270439821,1.260000000000,EFFR,2003-05-16,3
2003-05-19,1.098385758217,1.260000000000,EFFR,2003-05-19,1
2003-05-20,1.098424201719,1.230000000000,EFFR,2003-05-20,1
2003-05-21,1.098461731212,1.230000000000,EFFR,2003-05-21,1
2003-05-22,1.098499261988,1.250000000000,EFFR,2003-05-22,1
2003-05-23,1.098537404324,1.210000000000,EFFR,2003-05-23,4
2003-05-27,1.098685096575,1.320000000000,EFFR,2003-05-27,1
2003-05-28,1.098725381695,1.290000000000,EFFR,2003-05-28,1
2003-05-29,1.098764752688,1.290000000000,EFFR,2003-05-29,1
2003-05-30,1.098804125092,1.280000000000,EFFR,2003-05-30,3
2003-06-02,1.098921330865,1.270000000000,EFFR,2003-06-02,1
2003-06-03,1.098960098367,1.210000000000,EFFR,2003-06-03,1
2003-06-04,1.098997035637,1.220000000000,EFFR,2003-06-04,1
2003-06-05,1.099034279426,1.260000000000,EFFR,2003-06-05,1
2003-06-06,1.099072745626,1.240000000000,EFFR,2003-06-06,3
2003-06-09,1.099186316476,1.250000000000,EFFR,2003-06-09,1
2003-06-10,1.099224482667,1.220000000000,EFFR,2003-06-10,1
2003-06-11,1.099261734164,1.250000000000,EFFR,2003-06-11,1
2003-06-12,1.099299902974,1.250000000000,EFFR,2003-06-12,1
2003-06-13,1.099338073110,1.240000000000,EFFR,2003-06-13,3
2003-06-16,1.099451671377,1.330000000000,EFFR,2003-06-16,1
2003-06-17,1.099492290008,1.240000000000,EFFR,2003-06-17,1
2003-06-18,1.099530161409,1.220000000000,EFFR,2003-06-18,1
2003-06-19,1.099567423265,1.220000000000,EFFR,2003-06-19,1
2003-06-20,1.099604686383,1.230000000000,EFFR,2003-06-20,3
2003-06-23,1.099717395863,1.210000000000,EFFR,2003-06-23,1
2003-06-24,1.099754358587,1.150000000000,EFFR,2003-06-24,1
2003-06-25,1.099789489629,1.180000000000,EFFR,2003-06-25,1
2003-06-26,1.099825538285,1.100000000000,EFFR,2003-06-26,1
2003-06-27,1.099859144065,1.080000000000,EFFR,2003-06-27,3
2003-06-30,1.099958131388,1.450000000000,EFFR,2003-06-30,1
2003-07-01,1.100002435257,1.110000000000,EFFR,2003-07-01,1
2003-07-02,1.100036351999,1.010000000000,EFFR,2003-07-02,1
2003-07-03,1.100067214130,0.960000000000,EFFR,2003-07-03,4
2003-07-07,1.100184554633,1.000000000000,EFFR,2003-07-07,1
2003-07-08,1.100215115315,0.930000000000,EFFR,2003-07-08,1
2003-07-09,1.100243537539,0.960000000000,EFFR,2003-07-09,1
2003-07-10,1.100272877366,1.000000000000,EFFR,2003-07-10,1
2003-07-11,1.100303440502,0.980000000000,EFFR,2003-07-11,3
2003-07-14,1.100393298616,1.070000000000,EFFR,2003-07-14,1
2003-07-15,1.100426004750,1.130000000000,EFFR,2003-07-15,1
2003-07-16,1.100460545900,1.010000000000,EFFR,2003-07-16,1
2003-07-17,1.100491419932,1.020000000000,EFFR,2003-07-17,1
2003-07-18,1.100522600522,0.990000000000,EFFR,2003-07-18,2
2003-07-20,1.100583129265,1.020000000000,EFFR,2003-07-20,1
2003-07-21,1.100614312454,1.020000000000,EFFR,2003-07-21,1
2003-07-22,1.100645496526,1.000000000000,EFFR,2003-07-22,1
2003-07-23,1.100676070012,1.050000000000,EFFR,2003-07-23,1
2003-07-24,1.100708173064,1.040000000000,EFFR,2003-07-24,1
2003-07-25,1.100739971300,1.030000000000,EFFR,2003-07-25,3
2003-07-28,1.100834451481,1.050000000000,EFFR,2003-07-28,1
2003-07-29,1.100866559152,1.040000000000,EFFR,2003-07-29,1
2003-07-30,1.100898361964,1.030000000000,EFFR,2003-07-30,1
2003-07-31,1.100929859889,1.040000000000,EFFR,2003-07-31,1
2003-08-01,1.100961664530,1.000000000000,EFFR,2003-08-01,3
2003-08-04,1.101053411335,1.000000000000,EFFR,2003-08-04,1
2003-08-05,1.101083996152,0.860000000000,EFFR,2003-08-05,1
2003-08-06,1.101110299825,0.880000000000,EFFR,2003-08-06,1
2003-08-07,1.101137215855,0.950000000000,EFFR,2003-08-07,1
2003-08-08,1.101166273643,0.960000000000,EFFR,2003-08-08,3
2003-08-11,1.101254366944,1.020000000000,EFFR,2003-08-11,1
2003-08-12,1.101285569152,0.990000000000,EFFR,2003-08-12,1
2003-08-13,1.101315854505,1.010000000000,EFFR,2003-08-13,1
2003-08-14,1.101346752533,1.220000000000,EFFR,2003-08-14,1
2003-08-15,1.101384075951,1.390000000000,EFFR,2003-08-15,3
2003-08-18,1.101511652939,1.030000000000,EFFR,2003-08-18,1
2003-08-19,1.101543168412,0.930000000000,EFFR,2003-08-19,1
2003-08-20,1.101571624944,0.890000000000,EFFR,2003-08-20,1
2003-08-21,1.101598858242,1.010000000000,EFFR,2003-08-21,1
2003-08-22,1.101629764210,0.990000000000,EFFR,2003-08-22,3
2003-08-25,1.101720648666,1.040000000000,EFFR,2003-08-25,1
2003-08-26,1.101752476151,1.000000000000,EFFR,2003-08-26,1
2003-08-27,1.101783080386,0.980000000000,EFFR,2003-08-27,1
2003-08-28,1.101813073370,1.040000000000,EFFR,2003-08-28,1
2003-08-29,1.101844903526,1.010000000000,EFFR,2003-08-29,4
2003-09-02,1.101968555009,1.060000000000,EFFR,2003-09-02,1
2003-09-03,1.102001001861,0.960000000000,EFFR,2003-09-03,1
2003-09-04,1.102030388555,0.980000000000,EFFR,2003-09-04,1
2003-09-05,1.102060388271,0.960000000000,EFFR,2003-09-05,3
2003-09-08,1.102148553102,0.990000000000,EFFR,2003-09-08,1
2003-09-09,1.102178862187,0.950000000000,EFFR,2003-09-09,1
2003-09-10,1.102207947463,0.950000000000,EFFR,2003-09-10,1
2003-09-11,1.102237033506,1.000000000000,EFFR,2003-09-11,1
2003-09-12,1.102267651201,1.020000000000,EFFR,2003-09-12,3
2003-09-15,1.102361343951,1.110000000000,EFFR,2003-09-15,1
2003-09-16,1.102395333426,0.970000000000,EFFR,2003-09-16,1
2003-09-17,1.102425036856,0.970000000000,EFFR,2003-09-17,1
2003-09-18,1.102454741086,1.000000000000,EFFR,2003-09-18,1
2003-09-19,1.102485364829,0.990000000000,EFFR,2003-09-19,3
2003-09-22,1.102576319871,1.020000000000,EFFR,2003-09-22,1
2003-09-23,1.102607559534,1.010000000000,EFFR,2003-09-23,1
2003-09-24,1.102638493802,1.030000000000,EFFR,2003-09-24,1
2003-09-25,1.102670041514,1.080000000000,EFFR,2003-09-25,1
2003-09-26,1.102703121615,1.030000000000,EFFR,2003-09-26,3
2003-09-29,1.102797770300,1.040000000000,EFFR,2003-09-29,1
2003-09-30,1.102829628902,1.170000000000,EFFR,2003-09-30,1
2003-10-01,1.102865470865,1.110000000000,EFFR,2003-10-01,1
2003-10-02,1.102899475884,1.020000000000,EFFR,2003-10-02,1
2003-10-03,1.102930724702,0.990000000000,EFFR,2003-10-03,3
2003-10-06,1.103021716487,0.990000000000,EFFR,2003-10-06,1
2003-10-07,1.103052049584,0.980000000000,EFFR,2003-10-07,1
2003-10-08,1.103082077112,0.990000000000,EFFR,2003-10-08,1
2003-10-09,1.103112411869,1.020000000000,EFFR,2003-10-09,1
2003-10-10,1.103143666721,1.000000000000,EFFR,2003-10-10,4
2003-10-14,1.103266238239,1.080000000000,EFFR,2003-10-14,1
2003-10-15,1.103299336227,1.090000000000,EFFR,2003-10-15,1
2003-10-16,1.103332741679,1.040000000000,EFFR,2003-10-16,1
2003-10-17,1.103364615736,0.980000000000,EFFR,2003-10-17,3
2003-10-20,1.103454723846,1.020000000000,EFFR,2003-10-20,1
2003-10-21,1.103485988397,0.990000000000,EFFR,2003-10-21,1
2003-10-22,1.103516334261,0.990000000000,EFFR,2003-10-22,1
2003-10-23,1.103546680960,1.020000000000,EFFR,2003-10-23,1
2003-10-24,1.103577948116,1.010000000000,EFFR,2003-10-24,3
2003-10-27,1.103670832594,1.030000000000,EFFR,2003-10-27,1
2003-10-28,1.103702409843,0.980000000000,EFFR,2003-10-28,1
2003-10-29,1.103732455075,0.970000000000,EFFR,2003-10-29,1
2003-10-30,1.103762194533,1.020000000000,EFFR,2003-10-30,1
2003-10-31,1.103793467795,1.030000000000,EFFR,2003-10-31,3
2003-11-03,1.103888210067,1.020000000000,EFFR,2003-11-03,1
2003-11-04,1.103919486900,0.980000000000,EFFR,2003-11-04,1
2003-11-05,1.103949538042,0.980000000000,EFFR,2003-11-05,1
2003-11-06,1.103979590001,1.000000000000,EFFR,2003-11-06,1
2003-11-07,1.104010256101,0.980000000000,EFFR,2003-11-07,3
2003-11-10,1.104100416939,0.990000000000,EFFR,2003-11-10,2
2003-11-12,1.104161142462,1.000000000000,EFFR,2003-11-12,1
2003-11-13,1.104191813604,0.990000000000,EFFR,2003-11-13,1
2003-11-14,1.104222178879,0.980000000000,EFFR,2003-11-14,3
2003-11-17,1.104312357024,1.040000000000,EFFR,2003-11-17,1
2003-11-18,1.104344259381,0.980000000000,EFFR,2003-11-18,1
2003-11-19,1.104374322086,0.980000000000,EFFR,2003-11-19,1
2003-11-20,1.104404385609,1.000000000000,EFFR,2003-11-20,1
2003-11-21,1.104435063508,0.980000000000,EFFR,2003-11-21,3
2003-11-24,1.104525259039,0.980000000000,EFFR,2003-11-24,1
2003-11-25,1.104555326671,1.020000000000,EFFR,2003-11-25,1
2003-11-26,1.104586622405,1.010000000000,EFFR,2003-11-26,2
2003-11-28,1.104648601988,1.010000000000,EFFR,2003-11-28,3
2003-12-01,1.104741576578,1.030000000000,EFFR,2003-12-01,1
2003-12-02,1.104773184462,0.970000000000,EFFR,2003-12-02,1
2003-12-03,1.104802951962,0.980000000000,EFFR,2003-12-03,1
2003-12-04,1.104833027153,0.990000000000,EFFR,2003-12-04,1
2003-12-05,1.104863410062,0.980000000000,EFFR,2003-12-05,3
2003-12-08,1.104953640574,0.990000000000,EFFR,2003-12-08,1
2003-12-09,1.104984026799,0.970000000000,EFFR,2003-12-09,1
2003-12-10,1.105013799979,0.990000000000,EFFR,2003-12-10,1
2003-12-11,1.105044187859,0.990000000000,EFFR,2003-12-11,1
2003-12-12,1.105074576574,0.990000000000,EFFR,2003-12-12,3
2003-12-15,1.105165745227,1.040000000000,EFFR,2003-12-15,1
2003-12-16,1.105197672237,0.990000000000,EFFR,2003-12-16,1
2003-12-17,1.105228065173,0.990000000000,EFFR,2003-12-17,1
2003-12-18,1.105258458945,1.010000000000,EFFR,2003-12-18,1
2003-12-19,1.105289467585,0.980000000000,EFFR,2003-12-19,3
2003-12-22,1.105379732891,1.020000000000,EFFR,2003-12-22,1
2003-12-23,1.105411051984,1.000000000000,EFFR,2003-12-23,1
2003-12-24,1.105441757846,0.970000000000,EFFR,2003-12-24,2
2003-12-26,1.105501328874,0.970000000000,EFFR,2003-12-26,3
2003-12-29,1.105590690232,0.980000000000,EFFR,2003-12-29,1
2003-12-30,1.105620786867,0.930000000000,EFFR,2003-12-30,1
2003-12-31,1.105649348738,0.940000000000,EFFR,2003-12-31,2
2004-01-02,1.105707088204,1.010000000000,EFFR,2004-01-02,3
2004-01-05,1.105800151884,0.970000000000,EFFR,2004-01-05,1
2004-01-06,1.105829947054,0.920000000000,EFFR,2004-01-06,1
2004-01-07,1.105858207153,0.940000000000,EFFR,2004-01-07,1
2004-01-08,1.105887082340,0.990000000000,EFFR,2004-01-08,1
2004-01-09,1.105917494234,0.990000000000,EFFR,2004-01-09,3
2004-01-12,1.106008732428,1.000000000000,EFFR,2004-01-12,1
2004-01-13,1.106039454892,0.990000000000,EFFR,2004-01-13,1
2004-01-14,1.106069870977,1.010000000000,EFFR,2004-01-14,1
2004-01-15,1.106100902382,1.040000000000,EFFR,2004-01-15,1
2004-01-16,1.106132856408,0.980000000000,EFFR,2004-01-16,4
2004-01-20,1.106253301986,1.020000000000,EFFR,2004-01-20,1
2004-01-21,1.106284645829,1.000000000000,EFFR,2004-01-21,1
2004-01-22,1.106315375958,1.020000000000,EFFR,2004-01-22,1
2004-01-23,1.106346721561,1.000000000000,EFFR,2004-01-23,3
2004-01-26,1.106438917121,1.080000000000,EFFR,2004-01-26,1
2004-01-27,1.106472110288,1.020000000000,EFFR,2004-01-27,1
2004-01-28,1.106503460332,0.990000000000,EFFR,2004-01-28,1
2004-01-29,1.106533889177,1.000000000000,EFFR,2004-01-29,1
2004-01-30,1.106564626229,1.030000000000,EFFR,2004-01-30,3
2004-02-02,1.106659606360,1.010000000000,EFFR,2004-02-02,1
2004-02-03,1.106690654310,0.970000000000,EFFR,2004-02-03,1
2004-02-04,1.106720473475,1.000000000000,EFFR,2004-02-04,1
2004-02-05,1.106751215710,1.010000000000,EFFR,2004-02-05,1
2004-02-06,1.106782266230,0.990000000000,EFFR,2004-02-06,3
2004-02-09,1.106873575767,1.010000000000,EFFR,2004-02-09,1
2004-02-10,1.106904629720,1.000000000000,EFFR,2004-02-10,1
2004-02-11,1.106935377071,1.000000000000,EFFR,2004-02-11,1
2004-02-12,1.106966125276,1.020000000000,EFFR,2004-02-12,1
2004-02-13,1.106997489316,1.010000000000,EFFR,2004-02-13,4
2004-02-17,1.107121719034,1.020000000000,EFFR,2004-02-17,1
2004-02-18,1.107153087483,1.000000000000,EFFR,2004-02-18,1
2004-02-19,1.107183841736,1.000000000000,EFFR,2004-02-19,1
2004-02-20,1.107214596842,0.990000000000,EFFR,2004-02-20,3
2004-02-23,1.107305942046,1.000000000000,EFFR,2004-02-23,1
2004-02-24,1.107336700545,0.990000000000,EFFR,2004-02-24,1
2004-02-25,1.107367152304,1.020000000000,EFFR,2004-02-25,1
2004-02-26,1.107398527707,1.030000000000,EFFR,2004-02-26,1
2004-02-27,1.107430211609,1.040000000000,EFFR,2004-02-27,3
2004-03-01,1.107526188894,1.040000000000,EFFR,2004-03-01,1
2004-03-02,1.107558184095,1.000000000000,EFFR,2004-03-02,1
2004-03-03,1.107588949600,1.000000000000,EFFR,2004-03-03,1
2004-03-04,1.107619715960,0.990000000000,EFFR,2004-03-04,1
2004-03-05,1.107650175502,1.000000000000,EFFR,2004-03-05,3
2004-03-08,1.107742479683,1.000000000000,EFFR,2004-03-08,1
2004-03-09,1.107773250308,0.990000000000,EFFR,2004-03-09,1
2004-03-10,1.107803714072,1.000000000000,EFFR,2004-03-10,1
2004-03-11,1.107834486398,1.010000000000,EFFR,2004-03-11,1
2004-03-12,1.107865567310,0.990000000000,EFFR,2004-03-12,3
2004-03-15,1.107956966219,1.050000000000,EFFR,2004-03-15,1
2004-03-16,1.107989281630,0.990000000000,EFFR,2004-03-16,1
2004-03-17,1.108019751336,1.000000000000,EFFR,2004-03-17,1
2004-03-18,1.108050529662,1.000000000000,EFFR,2004-03-18,1
2004-03-19,1.108081308843,0.990000000000,EFFR,2004-03-19,3
2004-03-22,1.108172725551,1.010000000000,EFFR,2004-03-22,1
2004-03-23,1.108203815953,0.990000000000,EFFR,2004-03-23,1
2004-03-24,1.108234291558,0.990000000000,EFFR,2004-03-24,1
2004-03-25,1.108264768001,1.020000000000,EFFR,2004-03-25,1
2004-03-26,1.108296168836,1.000000000000,EFFR,2004-03-26,3
2004-03-29,1.108388526850,1.000000000000,EFFR,2004-03-29,1
2004-03-30,1.108419315420,0.980000000000,EFFR,2004-03-30,1
2004-03-31,1.108449489057,1.050000000000,EFFR,2004-03-31,1
2004-04-01,1.108481818834,1.030000000000,EFFR,2004-04-01,1
2004-04-02,1.108513533730,1.000000000000,EFFR,2004-04-02,3
2004-04-05,1.108605909858,1.010000000000,EFFR,2004-04-05,1
2004-04-06,1.108637012413,1.000000000000,EFFR,2004-04-06,1
2004-04-07,1.108667807885,1.000000000000,EFFR,2004-04-07,1
2004-04-08,1.108698604213,1.020000000000,EFFR,2004-04-08,1
2004-04-09,1.108730017341,1.010000000000,EFFR,2004-04-09,3
2004-04-12,1.108823335450,1.000000000000,EFFR,2004-04-12,1
2004-04-13,1.108854136099,1.000000000000,EFFR,2004-04-13,1
2004-04-14,1.108884937602,1.010000000000,EFFR,2004-04-14,1
2004-04-15,1.108916047985,1.030000000000,EFFR,2004-04-15,1
2004-04-16,1.108947775306,0.990000000000,EFFR,2004-04-16,3
2004-04-19,1.109039263497,1.000000000000,EFFR,2004-04-19,1
2004-04-20,1.109070070143,0.990000000000,EFFR,2004-04-20,1
2004-04-21,1.109100569570,0.990000000000,EFFR,2004-04-21,1
2004-04-22,1.109131069836,1.000000000000,EFFR,2004-04-22,1
2004-04-23,1.109161879032,0.990000000000,EFFR,2004-04-23,3
2004-04-26,1.109253384887,1.010000000000,EFFR,2004-04-26,1
2004-04-27,1.109284505607,0.990000000000,EFFR,2004-04-27,1
2004-04-28,1.109315010931,1.010000000000,EFFR,2004-04-28,1
2004-04-29,1.109346133380,1.030000000000,EFFR,2004-04-29,1
2004-04-30,1.109377873006,1.030000000000,EFFR,2004-04-30,3
2004-05-03,1.109473094606,1.030000000000,EFFR,2004-05-03,1
2004-05-04,1.109504837864,1.000000000000,EFFR,2004-05-04,1
2004-05-05,1.109535657443,0.990000000000,EFFR,2004-05-05,1
2004-05-06,1.109566169674,1.000000000000,EFFR,2004-05-06,1
2004-05-07,1.109596990956,0.990000000000,EFFR,2004-05-07,3
2004-05-10,1.109688532708,1.000000000000,EFFR,2004-05-10,1
2004-05-11,1.109719357389,0.960000000000,EFFR,2004-05-11,1
2004-05-12,1.109748949906,0.980000000000,EFFR,2004-05-12,1
2004-05-13,1.109779159738,1.000000000000,EFFR,2004-05-13,1
2004-05-14,1.109809986937,1.020000000000,EFFR,2004-05-14,3
2004-05-17,1.109904320786,1.050000000000,EFFR,2004-05-17,1
2004-05-18,1.109936692995,1.000000000000,EFFR,2004-05-18,1
2004-05-19,1.109967524570,1.000000000000,EFFR,2004-05-19,1
2004-05-20,1.109998357001,1.000000000000,EFFR,2004-05-20,1
2004-05-21,1.110029190289,0.990000000000,EFFR,2004-05-21,3
2004-05-24,1.110120767697,1.000000000000,EFFR,2004-05-24,1
2004-05-25,1.110151604385,1.000000000000,EFFR,2004-05-25,1
2004-05-26,1.110182441930,0.990000000000,EFFR,2004-05-26,1
2004-05-27,1.110212971947,1.000000000000,EFFR,2004-05-27,1
2004-05-28,1.110243811196,1.020000000000,EFFR,2004-05-28,4
2004-06-01,1.110369638828,1.020000000000,EFFR,2004-06-01,1
2004-06-02,1.110401099301,0.980000000000,EFFR,2004-06-02,1
2004-06-03,1.110431326887,0.990000000000,EFFR,2004-06-03,1
2004-06-04,1.110461863748,0.990000000000,EFFR,2004-06-04,3
2004-06-07,1.110553476852,0.990000000000,EFFR,2004-06-07,1
2004-06-08,1.110584017073,0.970000000000,EFFR,2004-06-08,1
2004-06-09,1.110613941142,0.990000000000,EFFR,2004-06-09,1
2004-06-10,1.110644483025,1.000000000000,EFFR,2004-06-10,1
2004-06-11,1.110675334261,1.000000000000,EFFR,2004-06-11,3
2004-06-14,1.110767890539,1.020000000000,EFFR,2004-06-14,1
2004-06-15,1.110799362296,1.030000000000,EFFR,2004-06-15,1
2004-06-16,1.110831143500,1.000000000000,EFFR,2004-06-16,1
2004-06-17,1.110861999920,1.010000000000,EFFR,2004-06-17,1
2004-06-18,1.110893165771,1.000000000000,EFFR,2004-06-18,3
2004-06-21,1.110985740201,1.000000000000,EFFR,2004-06-21,1
2004-06-22,1.111016600916,1.000000000000,EFFR,2004-06-22,1
2004-06-23,1.111047462489,1.020000000000,EFFR,2004-06-23,1
2004-06-24,1.111078942167,1.030000000000,EFFR,2004-06-24,1
2004-06-25,1.111110731370,1.050000000000,EFFR,2004-06-25,3
2004-06-28,1.111207953559,1.090000000000,EFFR,2004-06-28,1
2004-06-29,1.111241598466,1.130000000000,EFFR,2004-06-29,1
2004-06-30,1.111276479105,1.380000000000,EFFR,2004-06-30,1
2004-07-01,1.111319078037,1.400000000000,EFFR,2004-07-01,1
2004-07-02,1.111362296001,1.250000000000,EFFR,2004-07-02,4
2004-07-06,1.111516651876,1.300000000000,EFFR,2004-07-06,1
2004-07-07,1.111556789977,1.260000000000,EFFR,2004-07-07,1
2004-07-08,1.111595694465,1.260000000000,EFFR,2004-07-08,1
2004-07-09,1.111634600314,1.240000000000,EFFR,2004-07-09,3
2004-07-12,1.111749469223,1.260000000000,EFFR,2004-07-12,1
2004-07-13,1.111788380454,1.240000000000,EFFR,2004-07-13,1
2004-07-14,1.111826675387,1.240000000000,EFFR,2004-07-14,1
2004-07-15,1.111864971639,1.300000000000,EFFR,2004-07-15,1
2004-07-16,1.111905122319,1.240000000000,EFFR,2004-07-16,3
2004-07-19,1.112020019181,1.250000000000,EFFR,2004-07-19,1
2004-07-20,1.112058630988,1.250000000000,EFFR,2004-07-20,1
2004-07-21,1.112097244134,1.250000000000,EFFR,2004-07-21,1
2004-07-22,1.112135858622,1.260000000000,EFFR,2004-07-22,1
2004-07-23,1.112174783377,1.250000000000,EFFR,2004-07-23,3
2004-07-26,1.112290634917,1.270000000000,EFFR,2004-07-26,1
2004-07-27,1.112329874059,1.270000000000,EFFR,2004-07-27,1
2004-07-28,1.112369114585,1.290000000000,EFFR,2004-07-28,1
2004-07-29,1.112408974478,1.300000000000,EFFR,2004-07-29,1
2004-07-30,1.112449144802,1.290000000000,EFFR,2004-07-30,3
2004-08-02,1.112568733086,1.280000000000,EFFR,2004-08-02,1
2004-08-03,1.112608291085,1.240000000000,EFFR,2004-08-03,1
2004-08-04,1.112646614259,1.220000000000,EFFR,2004-08-04,1
2004-08-05,1.112684320617,1.300000000000,EFFR,2004-08-05,1
2004-08-06,1.112724500884,1.320000000000,EFFR,2004-08-06,3
2004-08-09,1.112846900579,1.350000000000,EFFR,2004-08-09,1
2004-08-10,1.112888632338,1.430000000000,EFFR,2004-08-10,1
2004-08-11,1.112932838747,1.500000000000,EFFR,2004-08-11,1
2004-08-12,1.112979210949,1.510000000000,EFFR,2004-08-12,1
2004-08-13,1.113025894244,1.480000000000,EFFR,2004-08-13,3
2004-08-16,1.113163167437,1.430000000000,EFFR,2004-08-16,1
2004-08-17,1.113207384752,1.200000000000,EFFR,2004-08-17,1
2004-08-18,1.113244491665,1.390000000000,EFFR,2004-08-18,1
2004-08-19,1.113287475272,1.500000000000,EFFR,2004-08-19,1
2004-08-20,1.113333862250,1.500000000000,EFFR,2004-08-20,3
2004-08-23,1.113473028983,1.510000000000,EFFR,2004-08-23,1
2004-08-24,1.113519732990,1.510000000000,EFFR,2004-08-24,1
2004-08-25,1.113566438957,1.550000000000,EFFR,2004-08-25,1
2004-08-26,1.113614384178,1.550000000000,EFFR,2004-08-26,1
2004-08-27,1.113662331464,1.520000000000,EFFR,2004-08-27,3
2004-08-30,1.113803395360,1.540000000000,EFFR,2004-08-30,1
2004-08-31,1.113851041394,1.550000000000,EFFR,2004-08-31,1
2004-09-01,1.113898998869,1.530000000000,EFFR,2004-09-01,1
2004-09-02,1.113946339577,1.510000000000,EFFR,2004-09-02,1
2004-09-03,1.113993063437,1.480000000000,EFFR,2004-09-03,4
2004-09-07,1.114176253407,1.540000000000,EFFR,2004-09-07,1
2004-09-08,1.114223915392,1.510000000000,EFFR,2004-09-08,1
2004-09-09,1.114270650895,1.490000000000,EFFR,2004-09-09,1
2004-09-10,1.114316769319,1.480000000000,EFFR,2004-09-10,3
2004-09-13,1.114454201720,1.510000000000,EFFR,2004-09-13,1
2004-09-14,1.114500946883,1.400000000000,EFFR,2004-09-14,1
2004-09-15,1.114544288586,1.570000000000,EFFR,2004-09-15,1
2004-09-16,1.114592895101,1.610000000000,EFFR,2004-09-16,1
2004-09-17,1.114642742172,1.580000000000,EFFR,2004-09-17,3
2004-09-20,1.114789503467,1.640000000000,EFFR,2004-09-20,1
2004-09-21,1.114840288322,1.700000000000,EFFR,2004-09-21,1
2004-09-22,1.114892933558,1.780000000000,EFFR,2004-09-22,1
2004-09-23,1.114948058819,1.800000000000,EFFR,2004-09-23,1
2004-09-24,1.115003806222,1.760000000000,EFFR,2004-09-24,3
2004-09-27,1.115167340114,1.760000000000,EFFR,2004-09-27,1
2004-09-28,1.115221859406,1.720000000000,EFFR,2004-09-28,1
2004-09-29,1.115275142228,1.760000000000,EFFR,2004-09-29,1
2004-09-30,1.115329666791,1.940000000000,EFFR,2004-09-30,1
2004-10-01,1.115389770667,1.860000000000,EFFR,2004-10-01,3
2004-10-04,1.115562656082,1.770000000000,EFFR,2004-10-04,1
2004-10-05,1.115617504579,1.730000000000,EFFR,2004-10-05,1
2004-10-06,1.115671116198,1.740000000000,EFFR,2004-10-06,1
2004-10-07,1.115725040302,1.760000000000,EFFR,2004-10-07,1
2004-10-08,1.115779586859,1.710000000000,EFFR,2004-10-08,4
2004-10-12,1.115991584981,1.780000000000,EFFR,2004-10-12,1
2004-10-13,1.116046764565,1.730000000000,EFFR,2004-10-13,1
2004-10-14,1.116100396812,1.770000000000,EFFR,2004-10-14,1
2004-10-15,1.116155271748,1.790000000000,EFFR,2004-10-15,3
2004-10-18,1.116321764910,1.730000000000,EFFR,2004-10-18,1
2004-10-19,1.116375410372,1.720000000000,EFFR,2004-10-19,1
2004-10-20,1.116428748309,1.740000000000,EFFR,2004-10-20,1
2004-10-21,1.116482709031,1.760000000000,EFFR,2004-10-21,1
2004-10-22,1.116537292630,1.720000000000,EFFR,2004-10-22,3
2004-10-25,1.116697329642,1.760000000000,EFFR,2004-10-25,1
2004-10-26,1.116751923734,1.720000000000,EFFR,2004-10-26,1
2004-10-27,1.116805279659,1.770000000000,EFFR,2004-10-27,1
2004-10-28,1.116860189252,1.790000000000,EFFR,2004-10-28,1
2004-10-29,1.116915722023,1.790000000000,EFFR,2004-10-29,3
2004-11-01,1.117082328618,1.830000000000,EFFR,2004-11-01,1
2004-11-02,1.117139113636,1.740000000000,EFFR,2004-11-02,1
2004-11-03,1.117193108694,1.730000000000,EFFR,2004-11-03,1
2004-11-04,1.117246796029,1.770000000000,EFFR,2004-11-04,1
2004-11-05,1.117301727330,1.760000000000,EFFR,2004-11-05,3
2004-11-08,1.117465598250,1.800000000000,EFFR,2004-11-08,1
2004-11-09,1.117521471530,1.790000000000,EFFR,2004-11-09,1
2004-11-10,1.117577037181,1.920000000000,EFFR,2004-11-10,2
2004-11-12,1.117696245398,2.020000000000,EFFR,2004-11-12,3
2004-11-15,1.117884390933,2.060000000000,EFFR,2004-11-15,1
2004-11-16,1.117948358762,1.980000000000,EFFR,2004-11-16,1
2004-11-17,1.118009845921,1.990000000000,EFFR,2004-11-17,1
2004-11-18,1.118071647021,1.990000000000,EFFR,2004-11-18,1
2004-11-19,1.118133451537,1.990000000000,EFFR,2004-11-19,3
2004-11-22,1.118318875335,2.010000000000,EFFR,2004-11-22,1
2004-11-23,1.118381314805,2.000000000000,EFFR,2004-11-23,1
2004-11-24,1.118443447100,2.020000000000,EFFR,2004-11-24,2
2004-11-26,1.118568961309,2.010000000000,EFFR,2004-11-26,3
2004-11-29,1.118756321611,2.030000000000,EFFR,2004-11-29,1
2004-11-30,1.118819407036,2.020000000000,EFFR,2004-11-30,1
2004-12-01,1.118882185236,2.040000000000,EFFR,2004-12-01,1
2004-12-02,1.118945588560,2.000000000000,EFFR,2004-12-02,1
2004-12-03,1.119007752204,1.980000000000,EFFR,2004-12-03,3
2004-12-06,1.119192388483,2.040000000000,EFFR,2004-12-06,1
2004-12-07,1.119255809385,1.990000000000,EFFR,2004-12-07,1
2004-12-08,1.119317679359,2.010000000000,EFFR,2004-12-08,1
2004-12-09,1.119380174596,2.050000000000,EFFR,2004-12-09,1
2004-12-10,1.119443917078,2.090000000000,EFFR,2004-12-10,3
2004-12-13,1.119638886894,2.180000000000,EFFR,2004-12-13,1
2004-12-14,1.119706687249,2.240000000000,EFFR,2004-12-14,1
2004-12-15,1.119776357887,2.310000000000,EFFR,2004-12-15,1
2004-12-16,1.119848210203,2.260000000000,EFFR,2004-12-16,1
2004-12-17,1.119918511786,2.230000000000,EFFR,2004-12-17,3
2004-12-20,1.120126629976,2.260000000000,EFFR,2004-12-20,1
2004-12-21,1.120196949036,2.240000000000,EFFR,2004-12-21,1
2004-12-22,1.120266650180,2.250000000000,EFFR,2004-12-22,1
2004-12-23,1.120336666845,2.340000000000,EFFR,2004-12-23,1
2004-12-24,1.120409488729,2.270000000000,EFFR,2004-12-24,3
2004-12-27,1.120621432857,2.240000000000,EFFR,2004-12-27,1
2004-12-28,1.120691160413,2.240000000000,EFFR,2004-12-28,1
2004-12-29,1.120760892307,2.230000000000,EFFR,2004-12-29,1
2004-12-30,1.120830317218,2.240000000000,EFFR,2004-12-30,1
2004-12-31,1.120900057771,1.970000000000,EFFR,2004-12-31,3
2005-01-03,1.121084072197,2.310000000000,EFFR,2005-01-03,1
2005-01-04,1.121156008425,2.250000000000,EFFR,2005-01-04,1
2005-01-05,1.121226080676,2.250000000000,EFFR,2005-01-05,1
2005-01-06,1.121296157306,2.250000000000,EFFR,2005-01-06,1
2005-01-07,1.121366238316,2.240000000000,EFFR,2005-01-07,3
2005-01-10,1.121575560014,2.260000000000,EFFR,2005-01-10,1
2005-01-11,1.121645970035,2.240000000000,EFFR,2005-01-11,1
2005-01-12,1.121715761340,2.250000000000,EFFR,2005-01-12,1
2005-01-13,1.121785868575,2.290000000000,EFFR,2005-01-13,1
2005-01-14,1.121857226620,2.290000000000,EFFR,2005-01-14,4
2005-01-18,1.122142676959,2.310000000000,EFFR,2005-01-18,1
2005-01-19,1.122214681114,2.190000000000,EFFR,2005-01-19,1
2005-01-20,1.122282949174,2.250000000000,EFFR,2005-01-20,1
2005-01-21,1.122353091858,2.260000000000,EFFR,2005-01-21,3
2005-01-24,1.122564468357,2.260000000000,EFFR,2005-01-24,1
2005-01-25,1.122634940460,2.290000000000,EFFR,2005-01-25,1
2005-01-26,1.122706352516,2.330000000000,EFFR,2005-01-26,1
2005-01-27,1.122779016566,2.390000000000,EFFR,2005-01-27,1
2005-01-28,1.122853556617,2.480000000000,EFFR,2005-01-28,3
2005-01-31,1.123085613019,2.500000000000,EFFR,2005-01-31,1
2005-02-01,1.123163605075,2.400000000000,EFFR,2005-02-01,1
2005-02-02,1.123238482649,2.290000000000,EFFR,2005-02-02,1
2005-02-03,1.123309933097,2.490000000000,EFFR,2005-02-03,1
2005-02-04,1.123387628701,2.510000000000,EFFR,2005-02-04,3
2005-02-07,1.123622603946,2.500000000000,EFFR,2005-02-07,1
2005-02-08,1.123700633294,2.480000000000,EFFR,2005-02-08,1
2005-02-09,1.123778043782,2.500000000000,EFFR,2005-02-09,1
2005-02-10,1.123856083924,2.510000000000,EFFR,2005-02-10,1
2005-02-11,1.123934441667,2.500000000000,EFFR,2005-02-11,3
2005-02-14,1.124168594676,2.510000000000,EFFR,2005-02-14,1
2005-02-15,1.124246974209,2.530000000000,EFFR,2005-02-15,1
2005-02-16,1.124325983788,2.480000000000,EFFR,2005-02-16,1
2005-02-17,1.124403437356,2.500000000000,EFFR,2005-02-17,1
2005-02-18,1.124481520928,2.510000000000,EFFR,2005-02-18,4
2005-02-22,1.124795126330,2.570000000000,EFFR,2005-02-22,1
2005-02-23,1.124875424204,2.530000000000,EFFR,2005-02-23,1
2005-02-24,1.124954477949,2.550000000000,EFFR,2005-02-24,1
2005-02-25,1.125034162224,2.540000000000,EFFR,2005-02-25,3
2005-02-28,1.125272294455,2.520000000000,EFFR,2005-02-28,1
2005-03-01,1.125351063516,2.390000000000,EFFR,2005-03-01,1
2005-03-02,1.125425774323,2.480000000000,EFFR,2005-03-02,1
2005-03-03,1.125503303654,2.510000000000,EFFR,2005-03-03,1
2005-03-04,1.125581776245,2.500000000000,EFFR,2005-03-04,3
2005-03-07,1.125816272449,2.510000000000,EFFR,2005-03-07,1
2005-03-08,1.125894766861,2.490000000000,EFFR,2005-03-08,1
2005-03-09,1.125972641249,2.500000000000,EFFR,2005-03-09,1
2005-03-10,1.126050833794,2.520000000000,EFFR,2005-03-10,1
2005-03-11,1.126129657352,2.510000000000,EFFR,2005-03-11,3
2005-03-14,1.126365206139,2.590000000000,EFFR,2005-03-14,1
2005-03-15,1.126446241858,2.610000000000,EFFR,2005-03-15,1
2005-03-16,1.126527909210,2.570000000000,EFFR,2005-03-16,1
2005-03-17,1.126608330786,2.680000000000,EFFR,2005-03-17,1
2005-03-18,1.126692200517,2.700000000000,EFFR,2005-03-18,3
2005-03-21,1.126945706262,2.710000000000,EFFR,2005-03-21,1
2005-03-22,1.127030540231,2.720000000000,EFFR,2005-03-22,1
2005-03-23,1.127115693649,2.730000000000,EFFR,2005-03-23,1
2005-03-24,1.127201166589,2.750000000000,EFFR,2005-03-24,1
2005-03-25,1.127287272234,2.800000000000,EFFR,2005-03-25,3
2005-03-28,1.127550305931,2.790000000000,EFFR,2005-03-28,1
2005-03-29,1.127637691080,2.720000000000,EFFR,2005-03-29,1
2005-03-30,1.127722890372,2.740000000000,EFFR,2005-03-30,1
2005-03-31,1.127808722614,2.960000000000,EFFR,2005-03-31,1
2005-04-01,1.127901453554,2.830000000000,EFFR,2005-04-01,3
2005-04-04,1.128167450313,2.780000000000,EFFR,2005-04-04,1
2005-04-05,1.128254569911,2.720000000000,EFFR,2005-04-05,1
2005-04-06,1.128339815811,2.730000000000,EFFR,2005-04-06,1
2005-04-07,1.128425381581,2.760000000000,EFFR,2005-04-07,1
2005-04-08,1.128511894193,2.750000000000,EFFR,2005-04-08,3
2005-04-11,1.128770511502,2.780000000000,EFFR,2005-04-11,1
2005-04-12,1.128857677670,2.770000000000,EFFR,2005-04-12,1
2005-04-13,1.128944536997,2.760000000000,EFFR,2005-04-13,1
2005-04-14,1.129031089411,2.790000000000,EFFR,2005-04-14,1
2005-04-15,1.129118589320,2.820000000000,EFFR,2005-04-15,3
2005-04-18,1.129383932189,2.750000000000,EFFR,2005-04-18,1
2005-04-19,1.129470204573,2.740000000000,EFFR,2005-04-19,1
2005-04-20,1.129556169805,2.740000000000,EFFR,2005-04-20,1
2005-04-21,1.129642141580,2.750000000000,EFFR,2005-04-21,1
2005-04-22,1.129728433688,2.740000000000,EFFR,2005-04-22,3
2005-04-25,1.129986388347,2.820000000000,EFFR,2005-04-25,1
2005-04-26,1.130074903948,2.780000000000,EFFR,2005-04-26,1
2005-04-27,1.130162170843,2.630000000000,EFFR,2005-04-27,1
2005-04-28,1.130244735468,2.890000000000,EFFR,2005-04-28,1
2005-04-29,1.130335469004,2.970000000000,EFFR,2005-04-29,3
2005-05-02,1.130615227032,2.980000000000,EFFR,2005-05-02,1
2005-05-03,1.130708816848,2.950000000000,EFFR,2005-05-03,1
2005-05-04,1.130801472154,2.990000000000,EFFR,2005-05-04,1
2005-05-05,1.130895391499,2.990000000000,EFFR,2005-05-05,1
2005-05-06,1.130989318644,2.980000000000,EFFR,2005-05-06,3
2005-05-09,1.131270180991,2.990000000000,EFFR,2005-05-09,1
2005-05-10,1.131364139265,2.990000000000,EFFR,2005-05-10,1
2005-05-11,1.131458105342,2.990000000000,EFFR,2005-05-11,1
2005-05-12,1.131552079223,3.010000000000,EFFR,2005-05-12,1
2005-05-13,1.131646689550,3.010000000000,EFFR,2005-05-13,3
2005-05-16,1.131930544261,3.060000000000,EFFR,2005-05-16,1
2005-05-17,1.132026758357,2.990000000000,EFFR,2005-05-17,1
2005-05-18,1.132120779469,3.000000000000,EFFR,2005-05-18,1
2005-05-19,1.132215122867,3.020000000000,EFFR,2005-05-19,1
2005-05-20,1.132310103136,3.010000000000,EFFR,2005-05-20,3
2005-05-23,1.132594124253,3.010000000000,EFFR,2005-05-23,1
2005-05-24,1.132688821706,2.990000000000,EFFR,2005-05-24,1
2005-05-25,1.132782897806,3.010000000000,EFFR,2005-05-25,1
2005-05-26,1.132877611043,3.010000000000,EFFR,2005-05-26,1
2005-05-27,1.132972332198,3.010000000000,EFFR,2005-05-27,4
2005-05-31,1.133351248501,3.090000000000,EFFR,2005-05-31,1
2005-06-01,1.133448527816,3.020000000000,EFFR,2005-06-01,1
2005-06-02,1.133543611554,3.000000000000,EFFR,2005-06-02,1
2005-06-03,1.133638073521,2.990000000000,EFFR,2005-06-03,3
2005-06-06,1.133920538341,3.000000000000,EFFR,2005-06-06,1
2005-06-07,1.134015031719,2.960000000000,EFFR,2005-06-07,1
2005-06-08,1.134108272955,2.960000000000,EFFR,2005-06-08,1
2005-06-09,1.134201521858,3.010000000000,EFFR,2005-06-09,1
2005-06-10,1.134296353707,3.010000000000,EFFR,2005-06-10,3
2005-06-13,1.134580873043,3.040000000000,EFFR,2005-06-13,1
2005-06-14,1.134676682094,3.010000000000,EFFR,2005-06-14,1
2005-06-15,1.134771553672,3.050000000000,EFFR,2005-06-15,1
2005-06-16,1.134867694040,3.000000000000,EFFR,2005-06-16,1
2005-06-17,1.134962266348,2.990000000000,EFFR,2005-06-17,3
2005-06-20,1.135245061113,3.010000000000,EFFR,2005-06-20,1
2005-06-21,1.135339980214,2.960000000000,EFFR,2005-06-21,1
2005-06-22,1.135433330390,2.930000000000,EFFR,2005-06-22,1
2005-06-23,1.135525742047,3.050000000000,EFFR,2005-06-23,1
2005-06-24,1.135621946311,3.070000000000,EFFR,2005-06-24,3
2005-06-27,1.135912476259,3.170000000000,EFFR,2005-06-27,1
2005-06-28,1.136012499663,3.170000000000,EFFR,2005-06-28,1
2005-06-29,1.136112531875,3.200000000000,EFFR,2005-06-29,1
2005-06-30,1.136213519656,3.350000000000,EFFR,2005-06-30,1
2005-07-01,1.136319250636,3.360000000000,EFFR,2005-07-01,4
2005-07-05,1.136743476489,3.270000000000,EFFR,2005-07-05,1
2005-07-06,1.136846730689,2.990000000000,EFFR,2005-07-06,1
2005-07-07,1.136941152125,3.180000000000,EFFR,2005-07-07,1
2005-07-08,1.137041581927,3.220000000000,EFFR,2005-07-08,3
2005-07-11,1.137346688085,3.230000000000,EFFR,2005-07-11,1
2005-07-12,1.137448733357,3.230000000000,EFFR,2005-07-12,1
2005-07-13,1.137550787785,3.270000000000,EFFR,2005-07-13,1
2005-07-14,1.137654115315,3.320000000000,EFFR,2005-07-14,1
2005-07-15,1.137759032306,3.320000000000,EFFR,2005-07-15,3
2005-07-18,1.138073812305,3.190000000000,EFFR,2005-07-18,1
2005-07-19,1.138174658290,3.130000000000,EFFR,2005-07-19,1
2005-07-20,1.138273616253,3.250000000000,EFFR,2005-07-20,1
2005-07-21,1.138376377066,3.270000000000,EFFR,2005-07-21,1
2005-07-22,1.138479779587,3.250000000000,EFFR,2005-07-22,3
2005-07-25,1.138788117860,3.280000000000,EFFR,2005-07-25,1
2005-07-26,1.138891874111,3.250000000000,EFFR,2005-07-26,1
2005-07-27,1.138994690739,3.270000000000,EFFR,2005-07-27,1
2005-07-28,1.139098149423,3.270000000000,EFFR,2005-07-28,1
2005-07-29,1.139201617505,3.310000000000,EFFR,2005-07-29,3
2005-08-01,1.139515847284,3.300000000000,EFFR,2005-08-01,1
2005-08-02,1.139620302904,3.200000000000,EFFR,2005-08-02,1
2005-08-03,1.139721602486,3.350000000000,EFFR,2005-08-03,1
2005-08-04,1.139827659913,3.440000000000,EFFR,2005-08-04,1
2005-08-05,1.139936576778,3.490000000000,EFFR,2005-08-05,3
2005-08-08,1.140268108333,3.500000000000,EFFR,2005-08-08,1
2005-08-09,1.140378967732,3.470000000000,EFFR,2005-08-09,1
2005-08-10,1.140488887594,3.480000000000,EFFR,2005-08-10,1
2005-08-11,1.140599134853,3.510000000000,EFFR,2005-08-11,1
2005-08-12,1.140710343269,3.550000000000,EFFR,2005-08-12,3
2005-08-15,1.141047803412,3.610000000000,EFFR,2005-08-15,1
2005-08-16,1.141162225150,3.460000000000,EFFR,2005-08-16,1
2005-08-17,1.141271903519,3.570000000000,EFFR,2005-08-17,1
2005-08-18,1.141385079650,3.500000000000,EFFR,2005-08-18,1
2005-08-19,1.141496047644,3.540000000000,EFFR,2005-08-19,3
2005-08-22,1.141832788978,3.510000000000,EFFR,2005-08-22,1
2005-08-23,1.141944117675,3.490000000000,EFFR,2005-08-23,1
2005-08-24,1.142054822813,3.500000000000,EFFR,2005-08-24,1
2005-08-25,1.142165855920,3.550000000000,EFFR,2005-08-25,1
2005-08-26,1.142278486165,3.540000000000,EFFR,2005-08-26,3
2005-08-29,1.142615458318,3.540000000000,EFFR,2005-08-29,1
2005-08-30,1.142727815505,3.520000000000,EFFR,2005-08-30,1
2005-08-31,1.142839548891,3.630000000000,EFFR,2005-08-31,1
2005-09-01,1.142954785212,3.570000000000,EFFR,2005-09-01,1
2005-09-02,1.143068128228,3.490000000000,EFFR,2005-09-02,4
2005-09-06,1.143511384647,3.570000000000,EFFR,2005-09-06,1
2005-09-07,1.143624782859,3.480000000000,EFFR,2005-09-07,1
2005-09-08,1.143735333255,3.490000000000,EFFR,2005-09-08,1
2005-09-09,1.143846212042,3.490000000000,EFFR,2005-09-09,3
2005-09-12,1.144178880648,3.500000000000,EFFR,2005-09-12,1
2005-09-13,1.144290120262,3.450000000000,EFFR,2005-09-13,1
2005-09-14,1.144399781398,3.540000000000,EFFR,2005-09-14,1
2005-09-15,1.144512314043,3.670000000000,EFFR,2005-09-15,1
2005-09-16,1.144628990715,3.620000000000,EFFR,2005-09-16,3
2005-09-19,1.144974287128,3.620000000000,EFFR,2005-09-19,1
2005-09-20,1.145089420653,3.670000000000,EFFR,2005-09-20,1
2005-09-21,1.145206156158,3.720000000000,EFFR,2005-09-21,1
2005-09-22,1.145324494127,3.770000000000,EFFR,2005-09-22,1
2005-09-23,1.145444435054,3.760000000000,EFFR,2005-09-23,3
2005-09-26,1.145803340977,3.830000000000,EFFR,2005-09-26,1
2005-09-27,1.145925241721,3.730000000000,EFFR,2005-09-27,1
2005-09-28,1.146043972308,3.760000000000,EFFR,2005-09-28,1
2005-09-29,1.146163670234,3.820000000000,EFFR,2005-09-29,1
2005-09-30,1.146285290935,3.930000000000,EFFR,2005-09-30,3
2005-10-03,1.146660699368,3.870000000000,EFFR,2005-10-03,1
2005-10-04,1.146783965393,3.750000000000,EFFR,2005-10-04,1
2005-10-05,1.146903422056,3.750000000000,EFFR,2005-10-05,1
2005-10-06,1.147022891162,3.760000000000,EFFR,2005-10-06,1
2005-10-07,1.147142691331,3.730000000000,EFFR,2005-10-07,4
2005-10-11,1.147618118246,3.720000000000,EFFR,2005-10-11,1
2005-10-12,1.147736705452,3.360000000000,EFFR,2005-10-12,1
2005-10-13,1.147843827545,3.750000000000,EFFR,2005-10-13,1
2005-10-14,1.147963394610,3.770000000000,EFFR,2005-10-14,3
2005-10-17,1.148324046443,3.820000000000,EFFR,2005-10-17,1
2005-10-18,1.148445896384,3.710000000000,EFFR,2005-10-18,1
2005-10-19,1.148564250113,3.710000000000,EFFR,2005-10-19,1
2005-10-20,1.148682616040,3.770000000000,EFFR,2005-10-20,1
2005-10-21,1.148802908636,3.760000000000,EFFR,2005-10-21,3
2005-10-24,1.149162866881,3.760000000000,EFFR,2005-10-24,1
2005-10-25,1.149282890558,3.740000000000,EFFR,2005-10-25,1
2005-10-26,1.149402288281,3.750000000000,EFFR,2005-10-26,1
2005-10-27,1.149522017686,3.850000000000,EFFR,2005-10-27,1
2005-10-28,1.149644952680,3.900000000000,EFFR,2005-10-28,3
2005-10-31,1.150018587289,4.020000000000,EFFR,2005-10-31,1
2005-11-01,1.150147006031,3.990000000000,EFFR,2005-11-01,1
2005-11-02,1.150274480658,3.990000000000,EFFR,2005-11-02,1
2005-11-03,1.150401969413,4.010000000000,EFFR,2005-11-03,1
2005-11-04,1.150530111410,4.000000000000,EFFR,2005-11-04,3
2005-11-07,1.150913621447,3.990000000000,EFFR,2005-11-07,1
2005-11-08,1.151041181040,3.950000000000,EFFR,2005-11-08,1
2005-11-09,1.151167475836,4.020000000000,EFFR,2005-11-09,1
2005-11-10,1.151296022871,3.980000000000,EFFR,2005-11-10,4
2005-11-14,1.151805151557,4.030000000000,EFFR,2005-11-14,1
2005-11-15,1.151934089745,3.970000000000,EFFR,2005-11-15,1
2005-11-16,1.152061122476,3.960000000000,EFFR,2005-11-16,1
2005-11-17,1.152187849200,3.980000000000,EFFR,2005-11-17,1
2005-11-18,1.152315229967,4.000000000000,EFFR,2005-11-18,3
2005-11-21,1.152699335044,4.030000000000,EFFR,2005-11-21,1
2005-11-22,1.152828373331,3.990000000000,EFFR,2005-11-22,1
2005-11-23,1.152956145142,4.010000000000,EFFR,2005-11-23,2
2005-11-25,1.153212998150,4.030000000000,EFFR,2005-11-25,3
2005-11-28,1.153600285515,4.010000000000,EFFR,2005-11-28,1
2005-11-29,1.153728783769,3.990000000000,EFFR,2005-11-29,1
2005-11-30,1.153856655376,4.030000000000,EFFR,2005-11-30,1
2005-12-01,1.153985823218,4.030000000000,EFFR,2005-12-01,1
2005-12-02,1.154115005520,4.000000000000,EFFR,2005-12-02,3
2005-12-05,1.154499710522,4.020000000000,EFFR,2005-12-05,1
2005-12-06,1.154628629656,3.970000000000,EFFR,2005-12-06,1
2005-12-07,1.154755959536,3.980000000000,EFFR,2005-12-07,1
2005-12-08,1.154883624223,4.090000000000,EFFR,2005-12-08,1
2005-12-09,1.155014831834,4.160000000000,EFFR,2005-12-09,3
2005-12-12,1.155415236976,4.240000000000,EFFR,2005-12-12,1
2005-12-13,1.155551319215,4.230000000000,EFFR,2005-12-13,1
2005-12-14,1.155687096495,4.260000000000,EFFR,2005-12-14,1
2005-12-15,1.155823852801,4.290000000000,EFFR,2005-12-15,1
2005-12-16,1.155961588477,4.250000000000,EFFR,2005-12-16,3
2005-12-19,1.156370991540,4.250000000000,EFFR,2005-12-19,1
2005-12-20,1.156507507560,4.300000000000,EFFR,2005-12-20,1
2005-12-21,1.156645645956,4.080000000000,EFFR,2005-12-21,1
2005-12-22,1.156776732463,4.250000000000,EFFR,2005-12-22,1
2005-12-23,1.156913296383,4.210000000000,EFFR,2005-12-23,4
2005-12-27,1.157454474714,4.260000000000,EFFR,2005-12-27,1
2005-12-28,1.157591440160,4.190000000000,EFFR,2005-12-28,1
2005-12-29,1.157726170941,4.180000000000,EFFR,2005-12-29,1
2005-12-30,1.157860595813,4.090000000000,EFFR,2005-12-30,4
2006-01-03,1.158386779129,4.340000000000,EFFR,2006-01-03,1
2006-01-04,1.158526429090,4.220000000000,EFFR,2006-01-04,1
2006-01-05,1.158662234133,4.240000000000,EFFR,2006-01-05,1
2006-01-06,1.158798698796,4.220000000000,EFFR,2006-01-06,3
2006-01-09,1.159206209672,4.250000000000,EFFR,2006-01-09,1
2006-01-10,1.159343060405,4.240000000000,EFFR,2006-01-10,1
2006-01-11,1.159479605254,4.240000000000,EFFR,2006-01-11,1
2006-01-12,1.159616166185,4.280000000000,EFFR,2006-01-12,1
2006-01-13,1.159754031663,4.300000000000,EFFR,2006-01-13,4
2006-01-17,1.160308136367,4.320000000000,EFFR,2006-01-17,1
2006-01-18,1.160447373343,4.240000000000,EFFR,2006-01-18,1
2006-01-19,1.160584048256,4.230000000000,EFFR,2006-01-19,1
2006-01-20,1.160720416882,4.240000000000,EFFR,2006-01-20,3
2006-01-23,1.161130538096,4.260000000000,EFFR,2006-01-23,1
2006-01-24,1.161267938543,4.280000000000,EFFR,2006-01-24,1
2006-01-25,1.161406000398,4.360000000000,EFFR,2006-01-25,1
2006-01-26,1.161546659569,4.370000000000,EFFR,2006-01-26,1
2006-01-27,1.161687658427,4.420000000000,EFFR,2006-01-27,3
2006-01-30,1.162115546715,4.480000000000,EFFR,2006-01-30,1
2006-01-31,1.162260165538,4.470000000000,EFFR,2006-01-31,1
2006-02-01,1.162404479509,4.470000000000,EFFR,2006-02-01,1
2006-02-02,1.162548811398,4.480000000000,EFFR,2006-02-02,1
2006-02-03,1.162693484139,4.510000000000,EFFR,2006-02-03,3
2006-02-06,1.163130463107,4.510000000000,EFFR,2006-02-06,1
2006-02-07,1.163276177507,4.470000000000,EFFR,2006-02-07,1
2006-02-08,1.163420617632,4.480000000000,EFFR,2006-02-08,1
2006-02-09,1.163565398865,4.520000000000,EFFR,2006-02-09,1
2006-02-10,1.163711490965,4.510000000000,EFFR,2006-02-10,3
2006-02-13,1.164148852533,4.440000000000,EFFR,2006-02-13,1
2006-02-14,1.164292430892,4.450000000000,EFFR,2006-02-14,1
2006-02-15,1.164436350373,4.500000000000,EFFR,2006-02-15,1
2006-02-16,1.164581904917,4.480000000000,EFFR,2006-02-16,1
2006-02-17,1.164726830665,4.480000000000,EFFR,2006-02-17,4
2006-02-21,1.165306605798,4.540000000000,EFFR,2006-02-21,1
2006-02-22,1.165453563909,4.490000000000,EFFR,2006-02-22,1
2006-02-23,1.165598921868,4.470000000000,EFFR,2006-02-23,1
2006-02-24,1.165743650400,4.480000000000,EFFR,2006-02-24,3
2006-02-27,1.166178861363,4.520000000000,EFFR,2006-02-27,1
2006-02-28,1.166325281598,4.520000000000,EFFR,2006-02-28,1
2006-03-01,1.166471720217,4.520000000000,EFFR,2006-03-01,1
2006-03-02,1.166618177222,4.500000000000,EFFR,2006-03-02,1
2006-03-03,1.166764004494,4.510000000000,EFFR,2006-03-03,3
2006-03-06,1.167202513299,4.510000000000,EFFR,2006-03-06,1
2006-03-07,1.167348737836,4.510000000000,EFFR,2006-03-07,1
2006-03-08,1.167494980692,4.510000000000,EFFR,2006-03-08,1
2006-03-09,1.167641241868,4.510000000000,EFFR,2006-03-09,1
2006-03-10,1.167787521368,4.510000000000,EFFR,2006-03-10,3
2006-03-13,1.168226414845,4.520000000000,EFFR,2006-03-13,1
2006-03-14,1.168373092162,4.510000000000,EFFR,2006-03-14,1
2006-03-15,1.168519463346,4.470000000000,EFFR,2006-03-15,1
2006-03-16,1.168664554513,4.550000000000,EFFR,2006-03-16,1
2006-03-17,1.168812260728,4.600000000000,EFFR,2006-03-17,3
2006-03-20,1.169260305428,4.550000000000,EFFR,2006-03-20,1
2006-03-21,1.169408086938,4.540000000000,EFFR,2006-03-21,1
2006-03-22,1.169555562292,4.580000000000,EFFR,2006-03-22,1
2006-03-23,1.169704355749,4.640000000000,EFFR,2006-03-23,1
2006-03-24,1.169855117644,4.690000000000,EFFR,2006-03-24,3
2006-03-27,1.170312336019,4.770000000000,EFFR,2006-03-27,1
2006-03-28,1.170467402404,4.700000000000,EFFR,2006-03-28,1
2006-03-29,1.170620213426,4.690000000000,EFFR,2006-03-29,1
2006-03-30,1.170772719226,4.760000000000,EFFR,2006-03-30,1
2006-03-31,1.170927521396,5.000000000000,EFFR,2006-03-31,3
2006-04-03,1.171415407864,4.870000000000,EFFR,2006-04-03,1
2006-04-04,1.171573874337,4.760000000000,EFFR,2006-04-04,1
2006-04-05,1.171728782438,4.760000000000,EFFR,2006-04-05,1
2006-04-06,1.171883711021,4.760000000000,EFFR,2006-04-06,1
2006-04-07,1.172038660090,4.760000000000,EFFR,2006-04-07,3
2006-04-10,1.172503568758,4.780000000000,EFFR,2006-04-10,1
2006-04-11,1.172659251177,4.740000000000,EFFR,2006-04-11,1
2006-04-12,1.172813651311,4.780000000000,EFFR,2006-04-12,1
2006-04-13,1.172969374902,4.820000000000,EFFR,2006-04-13,1
2006-04-14,1.173126422468,4.800000000000,EFFR,2006-04-14,3
2006-04-17,1.173595673037,4.780000000000,EFFR,2006-04-17,1
2006-04-18,1.173751500463,4.720000000000,EFFR,2006-04-18,1
2006-04-19,1.173905392326,4.700000000000,EFFR,2006-04-19,1
2006-04-20,1.174058652197,4.730000000000,EFFR,2006-04-20,1
2006-04-21,1.174212910458,4.740000000000,EFFR,2006-04-21,3
2006-04-24,1.174676724558,4.770000000000,EFFR,2006-04-24,1
2006-04-25,1.174832369224,4.740000000000,EFFR,2006-04-25,1
2006-04-26,1.174987055486,4.730000000000,EFFR,2006-04-26,1
2006-04-27,1.175141435730,4.790000000000,EFFR,2006-04-27,1
2006-04-28,1.175297794826,4.860000000000,EFFR,2006-04-28,3
2006-05-01,1.175773790433,4.840000000000,EFFR,2006-05-01,1
2006-05-02,1.175931866687,4.790000000000,EFFR,2006-05-02,1
2006-05-03,1.176088330955,4.810000000000,EFFR,2006-05-03,1
2006-05-04,1.176245469424,4.830000000000,EFFR,2006-05-04,1
2006-05-05,1.176403282357,4.830000000000,EFFR,2006-05-05,3
2006-05-08,1.176876784679,4.880000000000,EFFR,2006-05-08,1
2006-05-09,1.177036316865,4.780000000000,EFFR,2006-05-09,1
2006-05-10,1.177192601132,4.880000000000,EFFR,2006-05-10,1
2006-05-11,1.177352176129,4.990000000000,EFFR,2006-05-11,1
2006-05-12,1.177515370222,5.010000000000,EFFR,2006-05-12,3
2006-05-15,1.178006982889,5.010000000000,EFFR,2006-05-15,1
2006-05-16,1.178170922194,4.980000000000,EFFR,2006-05-16,1
2006-05-17,1.178333902505,4.960000000000,EFFR,2006-05-17,1
2006-05-18,1.178496250732,5.000000000000,EFFR,2006-05-18,1
2006-05-19,1.178659930766,5.000000000000,EFFR,2006-05-19,3
2006-05-22,1.179151039071,5.000000000000,EFFR,2006-05-22,1
2006-05-23,1.179314810048,4.940000000000,EFFR,2006-05-23,1
2006-05-24,1.179476638247,4.900000000000,EFFR,2006-05-24,1
2006-05-25,1.179637178123,5.010000000000,EFFR,2006-05-25,1
2006-05-26,1.179801344297,4.990000000000,EFFR,2006-05-26,4
2006-05-30,1.180455478598,5.020000000000,EFFR,2006-05-30,1
2006-05-31,1.180620086556,5.050000000000,EFFR,2006-05-31,1
2006-06-01,1.180785701319,5.020000000000,EFFR,2006-06-01,1
2006-06-02,1.180950355325,4.970000000000,EFFR,2006-06-02,3
2006-06-05,1.181439465597,5.010000000000,EFFR,2006-06-05,1
2006-06-06,1.181603882589,4.990000000000,EFFR,2006-06-06,1
2006-06-07,1.181767666016,4.990000000000,EFFR,2006-06-07,1
2006-06-08,1.181931472145,5.020000000000,EFFR,2006-06-08,1
2006-06-09,1.182096285923,5.000000000000,EFFR,2006-06-09,3
2006-06-12,1.182588826042,5.010000000000,EFFR,2006-06-12,1
2006-06-13,1.182753402987,5.000000000000,EFFR,2006-06-13,1
2006-06-14,1.182917674293,5.000000000000,EFFR,2006-06-14,1
2006-06-15,1.183081968414,5.020000000000,EFFR,2006-06-15,1
2006-06-16,1.183246942622,4.940000000000,EFFR,2006-06-16,3
2006-06-19,1.183734045947,4.950000000000,EFFR,2006-06-19,1
2006-06-20,1.183896809378,4.920000000000,EFFR,2006-06-20,1
2006-06-21,1.184058608609,4.910000000000,EFFR,2006-06-21,1
2006-06-22,1.184220101047,4.980000000000,EFFR,2006-06-22,1
2006-06-23,1.184383918161,4.980000000000,EFFR,2006-06-23,3
2006-06-26,1.184875437487,5.030000000000,EFFR,2006-06-26,1
2006-06-27,1.185040990916,5.020000000000,EFFR,2006-06-27,1
2006-06-28,1.185206238299,5.060000000000,EFFR,2006-06-28,1
2006-06-29,1.185372825620,5.080000000000,EFFR,2006-06-29,1
2006-06-30,1.185540094897,5.050000000000,EFFR,2006-06-30,3
2006-07-03,1.186039009686,5.250000000000,EFFR,2006-07-03,2
2006-07-05,1.186384937731,5.250000000000,EFFR,2006-07-05,1
2006-07-06,1.186557952201,5.240000000000,EFFR,2006-07-06,1
2006-07-07,1.186730662303,5.220000000000,EFFR,2006-07-07,3
2006-07-10,1.187246890141,5.240000000000,EFFR,2006-07-10,1
2006-07-11,1.187419700522,5.250000000000,EFFR,2006-07-11,1
2006-07-12,1.187592865895,5.270000000000,EFFR,2006-07-12,1
2006-07-13,1.187766716295,5.260000000000,EFFR,2006-07-13,1
2006-07-14,1.187940262210,5.260000000000,EFFR,2006-07-14,3
2006-07-17,1.188460976024,5.280000000000,EFFR,2006-07-17,1
2006-07-18,1.188635283634,5.220000000000,EFFR,2006-07-18,1
2006-07-19,1.188807635750,5.230000000000,EFFR,2006-07-19,1
2006-07-20,1.188980343082,5.240000000000,EFFR,2006-07-20,1
2006-07-21,1.189153405776,5.230000000000,EFFR,2006-07-21,3
2006-07-24,1.189671678469,5.240000000000,EFFR,2006-07-24,1
2006-07-25,1.189844841791,5.240000000000,EFFR,2006-07-25,1
2006-07-26,1.190018030318,5.240000000000,EFFR,2006-07-26,1
2006-07-27,1.190191244054,5.270000000000,EFFR,2006-07-27,1
2006-07-28,1.190365474827,5.260000000000,EFFR,2006-07-28,3
2006-07-31,1.190887251694,5.310000000000,EFFR,2006-07-31,1
2006-08-01,1.191062907563,5.270000000000,EFFR,2006-08-01,1
2006-08-02,1.191237265939,5.250000000000,EFFR,2006-08-02,1
2006-08-03,1.191410988040,5.270000000000,EFFR,2006-08-03,1
2006-08-04,1.191585397371,5.250000000000,EFFR,2006-08-04,3
2006-08-07,1.192106715982,5.240000000000,EFFR,2006-08-07,1
2006-08-08,1.192280233738,5.260000000000,EFFR,2006-08-08,1
2006-08-09,1.192454439127,5.250000000000,EFFR,2006-08-09,1
2006-08-10,1.192628338733,5.240000000000,EFFR,2006-08-10,1
2006-08-11,1.192801932414,5.240000000000,EFFR,2006-08-11,3
2006-08-14,1.193322789257,5.260000000000,EFFR,2006-08-14,1
2006-08-15,1.193497146976,5.240000000000,EFFR,2006-08-15,1
2006-08-16,1.193670867116,5.170000000000,EFFR,2006-08-16,1
2006-08-17,1.193842291516,5.200000000000,EFFR,2006-08-17,1
2006-08-18,1.194014735402,5.250000000000,EFFR,2006-08-18,3
2006-08-21,1.194537116849,5.240000000000,EFFR,2006-08-21,1
2006-08-22,1.194710988363,5.240000000000,EFFR,2006-08-22,1
2006-08-23,1.194884885184,5.250000000000,EFFR,2006-08-23,1
2006-08-24,1.195059139230,5.250000000000,EFFR,2006-08-24,1
2006-08-25,1.195233418688,5.250000000000,EFFR,2006-08-25,3
2006-08-28,1.195756333309,5.250000000000,EFFR,2006-08-28,1
2006-08-29,1.195930714441,5.230000000000,EFFR,2006-08-29,1
2006-08-30,1.196104456597,5.250000000000,EFFR,2006-08-30,1
2006-08-31,1.196278888497,5.310000000000,EFFR,2006-08-31,1
2006-09-01,1.196455339633,5.250000000000,EFFR,2006-09-01,4
2006-09-05,1.197153271915,5.260000000000,EFFR,2006-09-05,1
2006-09-06,1.197328189309,5.210000000000,EFFR,2006-09-06,1
2006-09-07,1.197501469306,5.230000000000,EFFR,2006-09-07,1
2006-09-08,1.197675439658,5.230000000000,EFFR,2006-09-08,3
2006-09-11,1.198197426537,5.240000000000,EFFR,2006-09-11,1
2006-09-12,1.198371830829,5.210000000000,EFFR,2006-09-12,1
2006-09-13,1.198545261864,5.260000000000,EFFR,2006-09-13,1
2006-09-14,1.198720382644,5.260000000000,EFFR,2006-09-14,1
2006-09-15,1.198895529011,5.250000000000,EFFR,2006-09-15,3
2006-09-18,1.199420045805,5.230000000000,EFFR,2006-09-18,1
2006-09-19,1.199594294883,5.210000000000,EFFR,2006-09-19,1
2006-09-20,1.199767902836,5.230000000000,EFFR,2006-09-20,1
2006-09-21,1.199942202450,5.240000000000,EFFR,2006-09-21,1
2006-09-22,1.200116860704,5.270000000000,EFFR,2006-09-22,3
2006-09-25,1.200643912026,5.300000000000,EFFR,2006-09-25,1
2006-09-26,1.200820673490,5.250000000000,EFFR,2006-09-26,1
2006-09-27,1.200995793172,5.300000000000,EFFR,2006-09-27,1
2006-09-28,1.201172606441,5.280000000000,EFFR,2006-09-28,1
2006-09-29,1.201348778424,5.340000000000,EFFR,2006-09-29,3
2006-10-02,1.201883378630,5.330000000000,EFFR,2006-10-02,1
2006-10-03,1.202061324141,5.250000000000,EFFR,2006-10-03,1
2006-10-04,1.202236624751,5.230000000000,EFFR,2006-10-04,1
2006-10-05,1.202411283016,5.230000000000,EFFR,2006-10-05,1
2006-10-06,1.202585966656,5.220000000000,EFFR,2006-10-06,4
2006-10-10,1.203283466516,5.280000000000,EFFR,2006-10-10,1
2006-10-11,1.203459948091,5.250000000000,EFFR,2006-10-11,1
2006-10-12,1.203635452667,5.250000000000,EFFR,2006-10-12,1
2006-10-13,1.203810982837,5.210000000000,EFFR,2006-10-13,3
2006-10-16,1.204333637439,5.280000000000,EFFR,2006-10-16,1
2006-10-17,1.204510273039,5.210000000000,EFFR,2006-10-17,1
2006-10-18,1.204684592443,5.230000000000,EFFR,2006-10-18,1
2006-10-19,1.204859606343,5.220000000000,EFFR,2006-10-19,1
2006-10-20,1.205034310986,5.250000000000,EFFR,2006-10-20,3
2006-10-23,1.205561513497,5.240000000000,EFFR,2006-10-23,1
2006-10-24,1.205736989673,5.240000000000,EFFR,2006-10-24,1
2006-10-25,1.205912491390,5.260000000000,EFFR,2006-10-25,1
2006-10-26,1.206088688604,5.230000000000,EFFR,2006-10-26,1
2006-10-27,1.206263906489,5.230000000000,EFFR,2006-10-27,3
2006-10-30,1.206789636508,5.270000000000,EFFR,2006-10-30,1
2006-10-31,1.206966297102,5.310000000000,EFFR,2006-10-31,1
2006-11-01,1.207144324631,5.230000000000,EFFR,2006-11-01,1
2006-11-02,1.207319695876,5.220000000000,EFFR,2006-11-02,1
2006-11-03,1.207494757232,5.250000000000,EFFR,2006-11-03,3
2006-11-06,1.208023036188,5.240000000000,EFFR,2006-11-06,1
2006-11-07,1.208198870652,5.220000000000,EFFR,2006-11-07,1
2006-11-08,1.208374059488,5.220000000000,EFFR,2006-11-08,1
2006-11-09,1.208549273727,5.230000000000,EFFR,2006-11-09,1
2006-11-10,1.208724849080,5.230000000000,EFFR,2006-11-10,3
2006-11-13,1.209251651660,5.270000000000,EFFR,2006-11-13,1
2006-11-14,1.209428672666,5.250000000000,EFFR,2006-11-14,1
2006-11-15,1.209605047680,5.290000000000,EFFR,2006-11-15,1
2006-11-16,1.209782792422,5.250000000000,EFFR,2006-11-16,1
2006-11-17,1.209959219079,5.200000000000,EFFR,2006-11-17,3
2006-11-20,1.210483534741,5.250000000000,EFFR,2006-11-20,1
2006-11-21,1.210660063590,5.290000000000,EFFR,2006-11-21,1
2006-11-22,1.210837963360,5.260000000000,EFFR,2006-11-22,2
2006-11-24,1.211191797121,5.240000000000,EFFR,2006-11-24,3
2006-11-27,1.211720684205,5.320000000000,EFFR,2006-11-27,1
2006-11-28,1.211899749595,5.240000000000,EFFR,2006-11-28,1
2006-11-29,1.212076148337,5.260000000000,EFFR,2006-11-29,1
2006-11-30,1.212253246129,5.310000000000,EFFR,2006-11-30,1
2006-12-01,1.212432053483,5.270000000000,EFFR,2006-12-01,3
2006-12-04,1.212964513227,5.220000000000,EFFR,2006-12-04,1
2006-12-05,1.213140393081,5.210000000000,EFFR,2006-12-05,1
2006-12-06,1.213315961455,5.220000000000,EFFR,2006-12-06,1
2006-12-07,1.213491892269,5.250000000000,EFFR,2006-12-07,1
2006-12-08,1.213668859837,5.250000000000,EFFR,2006-12-08,3
2006-12-11,1.214199839963,5.250000000000,EFFR,2006-12-11,1
2006-12-12,1.214376910773,5.230000000000,EFFR,2006-12-12,1
2006-12-13,1.214553332752,5.230000000000,EFFR,2006-12-13,1
2006-12-14,1.214729780361,5.290000000000,EFFR,2006-12-14,1
2006-12-15,1.214908278154,5.270000000000,EFFR,2006-12-15,3
2006-12-18,1.215441825373,5.210000000000,EFFR,2006-12-18,1
2006-12-19,1.215617726815,5.210000000000,EFFR,2006-12-19,1
2006-12-20,1.215793653713,5.260000000000,EFFR,2006-12-20,1
2006-12-21,1.215971294675,5.250000000000,EFFR,2006-12-21,1
2006-12-22,1.216148623822,5.240000000000,EFFR,2006-12-22,4
2006-12-26,1.216856692576,5.290000000000,EFFR,2006-12-26,1
2006-12-27,1.217035502907,5.170000000000,EFFR,2006-12-27,1
2006-12-28,1.217210282728,5.250000000000,EFFR,2006-12-28,1
2006-12-29,1.217387792561,5.170000000000,EFFR,2006-12-29,4
2007-01-02,1.218087114215,5.300000000000,EFFR,2007-01-02,1
2007-01-03,1.218266443707,5.280000000000,EFFR,2007-01-03,1
2007-01-04,1.218445122785,5.240000000000,EFFR,2007-01-04,1
2007-01-05,1.218622474242,5.210000000000,EFFR,2007-01-05,3
2007-01-08,1.219151559500,5.230000000000,EFFR,2007-01-08,1
2007-01-09,1.219328675129,5.250000000000,EFFR,2007-01-09,1
2007-01-10,1.219506493894,5.260000000000,EFFR,2007-01-10,1
2007-01-11,1.219684677343,5.270000000000,EFFR,2007-01-11,1
2007-01-12,1.219863225628,5.220000000000,EFFR,2007-01-12,4
2007-01-16,1.220570746298,5.280000000000,EFFR,2007-01-16,1
2007-01-17,1.220749763341,5.250000000000,EFFR,2007-01-17,1
2007-01-18,1.220927789348,5.230000000000,EFFR,2007-01-18,1
2007-01-19,1.221105163024,5.250000000000,EFFR,2007-01-19,3
2007-01-22,1.221639396533,5.240000000000,EFFR,2007-01-22,1
2007-01-23,1.221817212934,5.260000000000,EFFR,2007-01-23,1
2007-01-24,1.221995734005,5.270000000000,EFFR,2007-01-24,1
2007-01-25,1.222174620603,5.310000000000,EFFR,2007-01-25,1
2007-01-26,1.222354891359,5.260000000000,EFFR,2007-01-26,3
2007-01-29,1.222890690253,5.260000000000,EFFR,2007-01-29,1
2007-01-30,1.223069368171,5.230000000000,EFFR,2007-01-30,1
2007-01-31,1.223247052971,5.330000000000,EFFR,2007-01-31,1
2007-02-01,1.223428161493,5.290000000000,EFFR,2007-02-01,1
2007-02-02,1.223607937464,5.240000000000,EFFR,2007-02-02,3
2007-02-05,1.224142246263,5.250000000000,EFFR,2007-02-05,1
2007-02-06,1.224320767008,5.240000000000,EFFR,2007-02-06,1
2007-02-07,1.224498973697,5.230000000000,EFFR,2007-02-07,1
2007-02-08,1.224676866187,5.250000000000,EFFR,2007-02-08,1
2007-02-09,1.224855464897,5.250000000000,EFFR,2007-02-09,3
2007-02-12,1.225391339162,5.280000000000,EFFR,2007-02-12,1
2007-02-13,1.225571063226,5.260000000000,EFFR,2007-02-13,1
2007-02-14,1.225750132775,5.270000000000,EFFR,2007-02-14,1
2007-02-15,1.225929568975,5.290000000000,EFFR,2007-02-15,1
2007-02-16,1.226109712515,5.240000000000,EFFR,2007-02-16,4
2007-02-20,1.226823580836,5.270000000000,EFFR,2007-02-20,1
2007-02-21,1.227003174177,5.230000000000,EFFR,2007-02-21,1
2007-02-22,1.227181430472,5.260000000000,EFFR,2007-02-22,1
2007-02-23,1.227360735314,5.240000000000,EFFR,2007-02-23,3
2007-02-26,1.227896682835,5.300000000000,EFFR,2007-02-26,1
2007-02-27,1.228077456513,5.270000000000,EFFR,2007-02-27,1
2007-02-28,1.228257233408,5.410000000000,EFFR,2007-02-28,1
2007-03-01,1.228441813175,5.310000000000,EFFR,2007-03-01,1
2007-03-02,1.228623008343,5.230000000000,EFFR,2007-03-02,3
2007-03-05,1.229158483204,5.270000000000,EFFR,2007-03-05,1
2007-03-06,1.229338418348,5.220000000000,EFFR,2007-03-06,1
2007-03-07,1.229516672419,5.240000000000,EFFR,2007-03-07,1
2007-03-08,1.229695635401,5.240000000000,EFFR,2007-03-08,1
2007-03-09,1.229874624433,5.240000000000,EFFR,2007-03-09,3
2007-03-12,1.230411669685,5.250000000000,EFFR,2007-03-12,1
2007-03-13,1.230591104721,5.250000000000,EFFR,2007-03-13,1
2007-03-14,1.230770565923,5.270000000000,EFFR,2007-03-14,1
2007-03-15,1.230950737059,5.290000000000,EFFR,2007-03-15,1
2007-03-16,1.231131618431,5.250000000000,EFFR,2007-03-16,3
2007-03-19,1.231670238514,5.260000000000,EFFR,2007-03-19,1
2007-03-20,1.231850199221,5.260000000000,EFFR,2007-03-20,1
2007-03-21,1.232030186223,5.260000000000,EFFR,2007-03-21,1
2007-03-22,1.232210199522,5.270000000000,EFFR,2007-03-22,1
2007-03-23,1.232390581404,5.240000000000,EFFR,2007-03-23,3
2007-03-26,1.232928725291,5.280000000000,EFFR,2007-03-26,1
2007-03-27,1.233109554838,5.250000000000,EFFR,2007-03-27,1
2007-03-28,1.233289383314,5.270000000000,EFFR,2007-03-28,1
2007-03-29,1.233469923177,5.290000000000,EFFR,2007-03-29,1
2007-03-30,1.233651174730,5.300000000000,EFFR,2007-03-30,3
2007-04-02,1.234196037332,5.250000000000,EFFR,2007-04-02,1
2007-04-03,1.234376024254,5.200000000000,EFFR,2007-04-03,1
2007-04-04,1.234554323013,5.210000000000,EFFR,2007-04-04,1
2007-04-05,1.234732990458,5.300000000000,EFFR,2007-04-05,1
2007-04-06,1.234914770593,5.300000000000,EFFR,2007-04-06,3
2007-04-09,1.235460191283,5.280000000000,EFFR,2007-04-09,1
2007-04-10,1.235641392111,5.260000000000,EFFR,2007-04-10,1
2007-04-11,1.235821933048,5.240000000000,EFFR,2007-04-11,1
2007-04-12,1.236001813796,5.270000000000,EFFR,2007-04-12,1
2007-04-13,1.236182750728,5.250000000000,EFFR,2007-04-13,3
2007-04-16,1.236723580681,5.290000000000,EFFR,2007-04-16,1
2007-04-17,1.236905310341,5.200000000000,EFFR,2007-04-17,1
2007-04-18,1.237083974441,5.190000000000,EFFR,2007-04-18,1
2007-04-19,1.237262320714,5.230000000000,EFFR,2007-04-19,1
2007-04-20,1.237442067435,5.250000000000,EFFR,2007-04-20,3
2007-04-23,1.237983448339,5.230000000000,EFFR,2007-04-23,1
2007-04-24,1.238163299824,5.200000000000,EFFR,2007-04-24,1
2007-04-25,1.238342145634,5.190000000000,EFFR,2007-04-25,1
2007-04-26,1.238520673293,5.240000000000,EFFR,2007-04-26,1
2007-04-27,1.238700946858,5.240000000000,EFFR,2007-04-27,3
2007-04-30,1.239241846271,5.290000000000,EFFR,2007-04-30,1
2007-05-01,1.239423945976,5.260000000000,EFFR,2007-05-01,1
2007-05-02,1.239605039586,5.210000000000,EFFR,2007-05-02,1
2007-05-03,1.239784437982,5.240000000000,EFFR,2007-05-03,1
2007-05-04,1.239964895494,5.240000000000,EFFR,2007-05-04,3
2007-05-07,1.240506346832,5.240000000000,EFFR,2007-05-07,1
2007-05-08,1.240686909422,5.210000000000,EFFR,2007-05-08,1
2007-05-09,1.240866464389,5.210000000000,EFFR,2007-05-09,1
2007-05-10,1.241046045341,5.250000000000,EFFR,2007-05-10,1
2007-05-11,1.241227031223,5.270000000000,EFFR,2007-05-11,3
2007-05-14,1.241772136761,5.260000000000,EFFR,2007-05-14,1
2007-05-15,1.241953573467,5.290000000000,EFFR,2007-05-15,1
2007-05-16,1.242136071645,5.250000000000,EFFR,2007-05-16,1
2007-05-17,1.242317216489,5.250000000000,EFFR,2007-05-17,1
2007-05-18,1.242498387750,5.240000000000,EFFR,2007-05-18,3
2007-05-21,1.243040945379,5.240000000000,EFFR,2007-05-21,1
2007-05-22,1.243221876894,5.230000000000,EFFR,2007-05-22,1
2007-05-23,1.243402489406,5.250000000000,EFFR,2007-05-23,1
2007-05-24,1.243583818936,5.240000000000,EFFR,2007-05-24,1
2007-05-25,1.243764829469,5.290000000000,EFFR,2007-05-25,4
2007-05-29,1.244495886797,5.290000000000,EFFR,2007-05-29,1
2007-05-30,1.244678758554,5.250000000000,EFFR,2007-05-30,1
2007-05-31,1.244860274206,5.280000000000,EFFR,2007-05-31,1
2007-06-01,1.245042853713,5.230000000000,EFFR,2007-06-01,3
2007-06-04,1.245585484890,5.240000000000,EFFR,2007-06-04,1
2007-06-05,1.245766786777,5.190000000000,EFFR,2007-06-05,1
2007-06-06,1.245946384822,5.250000000000,EFFR,2007-06-06,1
2007-06-07,1.246128085337,5.250000000000,EFFR,2007-06-07,1
2007-06-08,1.246309812349,5.260000000000,EFFR,2007-06-08,3
2007-06-11,1.246856111484,5.270000000000,EFFR,2007-06-11,1
2007-06-12,1.247038637364,5.260000000000,EFFR,2007-06-12,1
2007-06-13,1.247220843565,5.260000000000,EFFR,2007-06-13,1
2007-06-14,1.247403076388,5.280000000000,EFFR,2007-06-14,1
2007-06-15,1.247586028840,5.260000000000,EFFR,2007-06-15,3
2007-06-18,1.248132887382,5.230000000000,EFFR,2007-06-18,1
2007-06-19,1.248314213355,5.210000000000,EFFR,2007-06-19,1
2007-06-20,1.248494872162,5.270000000000,EFFR,2007-06-20,1
2007-06-21,1.248677637939,5.260000000000,EFFR,2007-06-21,1
2007-06-22,1.248860083616,5.240000000000,EFFR,2007-06-22,3
2007-06-25,1.249405419186,5.290000000000,EFFR,2007-06-25,1
2007-06-26,1.249589012371,5.250000000000,EFFR,2007-06-26,1
2007-06-27,1.249771244102,5.260000000000,EFFR,2007-06-27,1
2007-06-28,1.249953849567,5.260000000000,EFFR,2007-06-28,1
2007-06-29,1.250136481713,5.310000000000,EFFR,2007-06-29,3
2007-07-02,1.250689667106,5.310000000000,EFFR,2007-07-02,1
2007-07-03,1.250874143832,5.240000000000,EFFR,2007-07-03,2
2007-07-05,1.251238287194,5.250000000000,EFFR,2007-07-05,1
2007-07-06,1.251420759444,5.220000000000,EFFR,2007-07-06,3
2007-07-09,1.251965127474,5.220000000000,EFFR,2007-07-09,1
2007-07-10,1.252146662418,5.240000000000,EFFR,2007-07-10,1
2007-07-11,1.252328919321,5.240000000000,EFFR,2007-07-11,1
2007-07-12,1.252511202752,5.260000000000,EFFR,2007-07-12,1
2007-07-13,1.252694208556,5.250000000000,EFFR,2007-07-13,3
2007-07-16,1.253242262272,5.320000000000,EFFR,2007-07-16,1
2007-07-17,1.253427463629,5.280000000000,EFFR,2007-07-17,1
2007-07-18,1.253611299657,5.260000000000,EFFR,2007-07-18,1
2007-07-19,1.253794466197,5.250000000000,EFFR,2007-07-19,1
2007-07-20,1.253977311223,5.250000000000,EFFR,2007-07-20,3
2007-07-23,1.254525926297,5.260000000000,EFFR,2007-07-23,1
2007-07-24,1.254709226474,5.250000000000,EFFR,2007-07-24,1
2007-07-25,1.254892204902,5.320000000000,EFFR,2007-07-25,1
2007-07-26,1.255077650084,5.280000000000,EFFR,2007-07-26,1
2007-07-27,1.255261728139,5.250000000000,EFFR,2007-07-27,3
2007-07-30,1.255810905145,5.290000000000,EFFR,2007-07-30,1
2007-07-31,1.255995439581,5.280000000000,EFFR,2007-07-31,1
2007-08-01,1.256179652245,5.300000000000,EFFR,2007-08-01,1
2007-08-02,1.256364589805,5.240000000000,EFFR,2007-08-02,1
2007-08-03,1.256547460651,5.240000000000,EFFR,2007-08-03,3
2007-08-06,1.257096153042,5.260000000000,EFFR,2007-08-06,1
2007-08-07,1.257279828758,5.260000000000,EFFR,2007-08-07,1
2007-08-08,1.257463531311,5.270000000000,EFFR,2007-08-08,1
2007-08-09,1.257647610000,5.410000000000,EFFR,2007-08-09,1
2007-08-10,1.257836606488,4.680000000000,EFFR,2007-08-10,3
2007-08-13,1.258327162765,4.810000000000,EFFR,2007-08-13,1
2007-08-14,1.258495289255,4.540000000000,EFFR,2007-08-14,1
2007-08-15,1.258653999494,4.710000000000,EFFR,2007-08-15,1
2007-08-16,1.258818673392,4.970000000000,EFFR,2007-08-16,1
2007-08-17,1.258992460304,4.910000000000,EFFR,2007-08-17,3
2007-08-20,1.259507598052,5.030000000000,EFFR,2007-08-20,1
2007-08-21,1.259683579253,4.890000000000,EFFR,2007-08-21,1
2007-08-22,1.259854686272,4.770000000000,EFFR,2007-08-22,1
2007-08-23,1.260021617018,4.880000000000,EFFR,2007-08-23,1
2007-08-24,1.260192419948,5.110000000000,EFFR,2007-08-24,3
2007-08-27,1.260729051887,5.270000000000,EFFR,2007-08-27,1
2007-08-28,1.260913608612,5.300000000000,EFFR,2007-08-28,1
2007-08-29,1.261099243116,5.000000000000,EFFR,2007-08-29,1
2007-08-30,1.261274395788,5.000000000000,EFFR,2007-08-30,1
2007-08-31,1.261449572788,4.960000000000,EFFR,2007-08-31,4
2007-09-04,1.262144771663,5.220000000000,EFFR,2007-09-04,1
2007-09-05,1.262327782655,5.180000000000,EFFR,2007-09-05,1
2007-09-06,1.262509417597,4.980000000000,EFFR,2007-09-06,1
2007-09-07,1.262684064734,4.860000000000,EFFR,2007-09-07,3
2007-09-10,1.263195451780,5.070000000000,EFFR,2007-09-10,1
2007-09-11,1.263373351806,5.060000000000,EFFR,2007-09-11,1
2007-09-12,1.263550925949,5.180000000000,EFFR,2007-09-12,1
2007-09-13,1.263732736888,5.090000000000,EFFR,2007-09-13,1
2007-09-14,1.263911414656,5.250000000000,EFFR,2007-09-14,3
2007-09-17,1.264464375899,5.330000000000,EFFR,2007-09-17,1
2007-09-18,1.264651586875,4.920000000000,EFFR,2007-09-18,1
2007-09-19,1.264824422592,4.740000000000,EFFR,2007-09-19,1
2007-09-20,1.264990957808,4.770000000000,EFFR,2007-09-20,1
2007-09-21,1.265158569110,4.760000000000,EFFR,2007-09-21,3
2007-09-24,1.265660415342,4.740000000000,EFFR,2007-09-24,1
2007-09-25,1.265827060630,4.820000000000,EFFR,2007-09-25,1
2007-09-26,1.265996540809,4.880000000000,EFFR,2007-09-26,1
2007-09-27,1.266168153673,4.930000000000,EFFR,2007-09-27,1
2007-09-28,1.266341548367,4.580000000000,EFFR,2007-09-28,3
2007-10-01,1.266824868725,4.920000000000,EFFR,2007-10-01,1
2007-10-02,1.266998001457,4.780000000000,EFFR,2007-10-02,1
2007-10-03,1.267166230636,4.680000000000,EFFR,2007-10-03,1
2007-10-04,1.267330962246,4.740000000000,EFFR,2007-10-04,1
2007-10-05,1.267497827490,4.770000000000,EFFR,2007-10-05,4
2007-10-09,1.268169601338,4.910000000000,EFFR,2007-10-09,1
2007-10-10,1.268342565581,4.520000000000,EFFR,2007-10-10,1
2007-10-11,1.268501813036,4.750000000000,EFFR,2007-10-11,1
2007-10-12,1.268669184803,4.750000000000,EFFR,2007-10-12,3
2007-10-15,1.269171366356,4.810000000000,EFFR,2007-10-15,1
2007-10-16,1.269340941752,4.680000000000,EFFR,2007-10-16,1
2007-10-17,1.269505956075,4.700000000000,EFFR,2007-10-17,1
2007-10-18,1.269671697130,4.690000000000,EFFR,2007-10-18,1
2007-10-19,1.269837107137,4.770000000000,EFFR,2007-10-19,3
2007-10-22,1.270341867387,4.710000000000,EFFR,2007-10-22,1
2007-10-23,1.270508070448,4.670000000000,EFFR,2007-10-23,1
2007-10-24,1.270672883579,4.740000000000,EFFR,2007-10-24,1
2007-10-25,1.270840188842,4.860000000000,EFFR,2007-10-25,1
2007-10-26,1.271011752267,4.800000000000,EFFR,2007-10-26,3
2007-10-29,1.271520156968,4.840000000000,EFFR,2007-10-29,1
2007-10-30,1.271691105789,4.780000000000,EFFR,2007-10-30,1
2007-10-31,1.271859958108,4.600000000000,EFFR,2007-10-31,1
2007-11-01,1.272022473547,4.590000000000,EFFR,2007-11-01,1
2007-11-02,1.272184656413,4.280000000000,EFFR,2007-11-02,3
2007-11-05,1.272638402273,4.290000000000,EFFR,2007-11-05,1
2007-11-06,1.272790058350,4.220000000000,EFFR,2007-11-06,1
2007-11-07,1.272939257629,4.390000000000,EFFR,2007-11-07,1
2007-11-08,1.273094485499,4.580000000000,EFFR,2007-11-08,1
2007-11-09,1.273256451409,4.490000000000,EFFR,2007-11-09,4
2007-11-13,1.273891664905,4.610000000000,EFFR,2007-11-13,1
2007-11-14,1.274054793810,4.600000000000,EFFR,2007-11-14,1
2007-11-15,1.274217589700,4.540000000000,EFFR,2007-11-15,1
2007-11-16,1.274378282696,4.510000000000,EFFR,2007-11-16,3
2007-11-19,1.274857236534,4.510000000000,EFFR,2007-11-19,1
2007-11-20,1.275016947816,4.510000000000,EFFR,2007-11-20,1
2007-11-21,1.275176679106,4.500000000000,EFFR,2007-11-21,2
2007-11-23,1.275495473275,4.560000000000,EFFR,2007-11-23,3
2007-11-26,1.275980161555,4.620000000000,EFFR,2007-11-26,1
2007-11-27,1.276143912343,4.390000000000,EFFR,2007-11-27,1
2007-11-28,1.276299531003,4.530000000000,EFFR,2007-11-28,1
2007-11-29,1.276460132027,4.550000000000,EFFR,2007-11-29,1
2007-11-30,1.276621462405,4.660000000000,EFFR,2007-11-30,3
2007-12-03,1.277117217073,4.520000000000,EFFR,2007-12-03,1
2007-12-04,1.277277566235,4.500000000000,EFFR,2007-12-04,1
2007-12-05,1.277437225931,4.310000000000,EFFR,2007-12-05,1
2007-12-06,1.277590163554,4.490000000000,EFFR,2007-12-06,1
2007-12-07,1.277749507438,4.410000000000,EFFR,2007-12-07,3
2007-12-10,1.278219080382,4.460000000000,EFFR,2007-12-10,1
2007-12-11,1.278377437524,4.290000000000,EFFR,2007-12-11,1
2007-12-12,1.278529777502,4.280000000000,EFFR,2007-12-12,1
2007-12-13,1.278681780487,4.300000000000,EFFR,2007-12-13,1
2007-12-14,1.278834511921,4.240000000000,EFFR,2007-12-14,3
2007-12-17,1.279286366782,4.310000000000,EFFR,2007-12-17,1
2007-12-18,1.279439525789,4.160000000000,EFFR,2007-12-18,1
2007-12-19,1.279587372134,3.980000000000,EFFR,2007-12-19,1
2007-12-20,1.279728837627,4.370000000000,EFFR,2007-12-20,1
2007-12-21,1.279884182489,4.280000000000,EFFR,2007-12-21,3
2007-12-24,1.280340674514,4.000000000000,EFFR,2007-12-24,2
2007-12-26,1.280625194664,4.260000000000,EFFR,2007-12-26,1
2007-12-27,1.280776735312,4.150000000000,EFFR,2007-12-27,1
2007-12-28,1.280924380408,4.010000000000,EFFR,2007-12-28,3
2007-12-31,1.281352422638,3.060000000000,EFFR,2007-12-31,2
2008-01-02,1.281570252550,4.110000000000,EFFR,2008-01-02,1
2008-01-03,1.281716565154,4.250000000000,EFFR,2008-01-03,1
2008-01-04,1.281867878915,4.180000000000,EFFR,2008-01-04,3
2008-01-07,1.282314396226,4.270000000000,EFFR,2008-01-07,1
2008-01-08,1.282466492961,4.270000000000,EFFR,2008-01-08,1
2008-01-09,1.282618607737,4.260000000000,EFFR,2008-01-09,1
2008-01-10,1.282770384272,4.260000000000,EFFR,2008-01-10,1
2008-01-11,1.282922178768,4.230000000000,EFFR,2008-01-11,3
2008-01-14,1.283374408836,4.240000000000,EFFR,2008-01-14,1
2008-01-15,1.283525561822,4.240000000000,EFFR,2008-01-15,1
2008-01-16,1.283676732610,4.220000000000,EFFR,2008-01-16,1
2008-01-17,1.283827208049,4.230000000000,EFFR,2008-01-17,1
2008-01-18,1.283978057746,4.170000000000,EFFR,2008-01-18,4
2008-01-22,1.284572967580,3.680000000000,EFFR,2008-01-22,1
2008-01-23,1.284704279483,3.430000000000,EFFR,2008-01-23,1
2008-01-24,1.284826683252,3.470000000000,EFFR,2008-01-24,1
2008-01-25,1.284950526268,3.600000000000,EFFR,2008-01-25,3
2008-01-28,1.285336011426,3.500000000000,EFFR,2008-01-28,1
2008-01-29,1.285460974650,3.470000000000,EFFR,2008-01-29,1
2008-01-30,1.285584878805,3.260000000000,EFFR,2008-01-30,1
2008-01-31,1.285701295658,3.220000000000,EFFR,2008-01-31,1
2008-02-01,1.285816294496,3.120000000000,EFFR,2008-02-01,3
2008-02-04,1.286150606732,2.820000000000,EFFR,2008-02-04,1
2008-02-05,1.286251355196,2.710000000000,EFFR,2008-02-05,1
2008-02-06,1.286348181340,2.940000000000,EFFR,2008-02-06,1
2008-02-07,1.286453233108,3.030000000000,EFFR,2008-02-07,1
2008-02-08,1.286561509589,3.050000000000,EFFR,2008-02-08,3
2008-02-11,1.286888510639,2.880000000000,EFFR,2008-02-11,1
2008-02-12,1.286991461720,2.910000000000,EFFR,2008-02-12,1
2008-02-13,1.287095493530,3.020000000000,EFFR,2008-02-13,1
2008-02-14,1.287203466541,3.030000000000,EFFR,2008-02-14,1
2008-02-15,1.287311806166,2.970000000000,EFFR,2008-02-15,4
2008-02-19,1.287736619062,2.940000000000,EFFR,2008-02-19,1
2008-02-20,1.287841784219,3.000000000000,EFFR,2008-02-20,1
2008-02-21,1.287949104368,3.010000000000,EFFR,2008-02-21,1
2008-02-22,1.288056791223,2.970000000000,EFFR,2008-02-22,3
2008-02-25,1.288375585279,3.000000000000,EFFR,2008-02-25,1
2008-02-26,1.288482949911,2.850000000000,EFFR,2008-02-26,1
2008-02-27,1.288584954811,2.930000000000,EFFR,2008-02-27,1
2008-02-28,1.288689831309,3.060000000000,EFFR,2008-02-28,1
2008-02-29,1.288799369945,3.010000000000,EFFR,2008-02-29,3
2008-03-03,1.289122643787,3.100000000000,EFFR,2008-03-03,1
2008-03-04,1.289233651570,2.900000000000,EFFR,2008-03-04,1
2008-03-05,1.289337506503,2.930000000000,EFFR,2008-03-05,1
2008-03-06,1.289442444250,2.990000000000,EFFR,2008-03-06,1
2008-03-07,1.289549539609,2.960000000000,EFFR,2008-03-07,3
2008-03-10,1.289867628495,2.990000000000,EFFR,2008-03-10,1
2008-03-11,1.289974759168,2.950000000000,EFFR,2008-03-11,1
2008-03-12,1.290080465433,2.970000000000,EFFR,2008-03-12,1
2008-03-13,1.290186897071,2.980000000000,EFFR,2008-03-13,1
2008-03-14,1.290293695875,2.990000000000,EFFR,2008-03-14,3
2008-03-17,1.290615194054,2.690000000000,EFFR,2008-03-17,1
2008-03-18,1.290711631690,2.160000000000,EFFR,2008-03-18,1
2008-03-19,1.290789074388,2.080000000000,EFFR,2008-03-19,1
2008-03-20,1.290863653312,2.220000000000,EFFR,2008-03-20,1
2008-03-21,1.290943256571,2.080000000000,EFFR,2008-03-21,3
2008-03-24,1.291167020068,2.080000000000,EFFR,2008-03-24,1
2008-03-25,1.291241620830,2.420000000000,EFFR,2008-03-25,1
2008-03-26,1.291328420961,2.300000000000,EFFR,2008-03-26,1
2008-03-27,1.291410922499,2.270000000000,EFFR,2008-03-27,1
2008-03-28,1.291492353132,2.090000000000,EFFR,2008-03-28,3
2008-03-31,1.291717288050,2.510000000000,EFFR,2008-03-31,1
2008-04-01,1.291807349450,2.380000000000,EFFR,2008-04-01,1
2008-04-02,1.291892752269,2.180000000000,EFFR,2008-04-02,1
2008-04-03,1.291970983552,2.190000000000,EFFR,2008-04-03,1
2008-04-04,1.292049578454,2.260000000000,EFFR,2008-04-04,3
2008-04-07,1.292292914458,2.240000000000,EFFR,2008-04-07,1
2008-04-08,1.292373323795,2.230000000000,EFFR,2008-04-08,1
2008-04-09,1.292453379142,2.200000000000,EFFR,2008-04-09,1
2008-04-10,1.292532362404,2.300000000000,EFFR,2008-04-10,1
2008-04-11,1.292614940861,2.370000000000,EFFR,2008-04-11,3
2008-04-14,1.292870232312,2.320000000000,EFFR,2008-04-14,1
2008-04-15,1.292953550616,2.320000000000,EFFR,2008-04-15,1
2008-04-16,1.293036874289,2.350000000000,EFFR,2008-04-16,1
2008-04-17,1.293121280863,2.370000000000,EFFR,2008-04-17,1
2008-04-18,1.293206411347,2.320000000000,EFFR,2008-04-18,3
2008-04-21,1.293456431253,2.280000000000,EFFR,2008-04-21,1
2008-04-22,1.293538350160,1.990000000000,EFFR,2008-04-22,1
2008-04-23,1.293609854086,2.180000000000,EFFR,2008-04-23,1
2008-04-24,1.293688189349,2.260000000000,EFFR,2008-04-24,1
2008-04-25,1.293769404219,2.280000000000,EFFR,2008-04-25,3
2008-04-28,1.294015220406,2.290000000000,EFFR,2008-04-28,1
2008-04-29,1.294097534152,2.210000000000,EFFR,2008-04-29,1
2008-04-30,1.294176977361,2.370000000000,EFFR,2008-04-30,1
2008-05-01,1.294262177346,2.160000000000,EFFR,2008-05-01,1
2008-05-02,1.294339833076,1.880000000000,EFFR,2008-05-02,3
2008-05-05,1.294542612984,1.850000000000,EFFR,2008-05-05,1
2008-05-06,1.294609138090,1.910000000000,EFFR,2008-05-06,1
2008-05-07,1.294677824297,2.010000000000,EFFR,2008-05-07,1
2008-05-08,1.294750110476,1.990000000000,EFFR,2008-05-08,1
2008-05-09,1.294821681384,1.970000000000,EFFR,2008-05-09,3
2008-05-12,1.295034247944,1.880000000000,EFFR,2008-05-12,1
2008-05-13,1.295101877510,1.930000000000,EFFR,2008-05-13,1
2008-05-14,1.295171309361,2.030000000000,EFFR,2008-05-14,1
2008-05-15,1.295244342632,2.030000000000,EFFR,2008-05-15,1
2008-05-16,1.295317380021,1.910000000000,EFFR,2008-05-16,3
2008-05-19,1.295523551371,1.950000000000,EFFR,2008-05-19,1
2008-05-20,1.295593725563,1.990000000000,EFFR,2008-05-20,1
2008-05-21,1.295665343105,2.030000000000,EFFR,2008-05-21,1
2008-05-22,1.295738404234,2.050000000000,EFFR,2008-05-22,1
2008-05-23,1.295812189338,1.990000000000,EFFR,2008-05-23,4
2008-05-27,1.296098707811,2.230000000000,EFFR,2008-05-27,1
2008-05-28,1.296178993925,2.080000000000,EFFR,2008-05-28,1
2008-05-29,1.296253884267,2.010000000000,EFFR,2008-05-29,1
2008-05-30,1.296326258442,1.980000000000,EFFR,2008-05-30,3
2008-06-02,1.296540152275,2.060000000000,EFFR,2008-06-02,1
2008-06-03,1.296614343184,1.950000000000,EFFR,2008-06-03,1
2008-06-04,1.296684576461,1.980000000000,EFFR,2008-06-04,1
2008-06-05,1.296755894112,1.980000000000,EFFR,2008-06-05,1
2008-06-06,1.296827215686,2.010000000000,EFFR,2008-06-06,3
2008-06-09,1.297044434245,2.020000000000,EFFR,2008-06-09,1
2008-06-10,1.297117212849,1.960000000000,EFFR,2008-06-10,1
2008-06-11,1.297187833676,1.950000000000,EFFR,2008-06-11,1
2008-06-12,1.297258098016,2.010000000000,EFFR,2008-06-12,1
2008-06-13,1.297330528260,2.020000000000,EFFR,2008-06-13,3
2008-06-16,1.297548912233,2.060000000000,EFFR,2008-06-16,1
2008-06-17,1.297623160865,1.870000000000,EFFR,2008-06-17,1
2008-06-18,1.297690565179,1.840000000000,EFFR,2008-06-18,1
2008-06-19,1.297756891586,1.940000000000,EFFR,2008-06-19,1
2008-06-20,1.297826826263,1.990000000000,EFFR,2008-06-20,3
2008-06-23,1.298042049211,1.980000000000,EFFR,2008-06-23,1
2008-06-24,1.298113441524,1.930000000000,EFFR,2008-06-24,1
2008-06-25,1.298183034828,1.970000000000,EFFR,2008-06-25,1
2008-06-26,1.298254074288,2.050000000000,EFFR,2008-06-26,1
2008-06-27,1.298328002645,1.990000000000,EFFR,2008-06-27,3
2008-06-30,1.298543308706,2.470000000000,EFFR,2008-06-30,1
2008-07-01,1.298632403205,2.110000000000,EFFR,2008-07-01,1
2008-07-02,1.298708517493,1.950000000000,EFFR,2008-07-02,1
2008-07-03,1.298778864205,1.920000000000,EFFR,2008-07-03,4
2008-07-07,1.299055937029,1.990000000000,EFFR,2008-07-07,1
2008-07-08,1.299127745954,1.970000000000,EFFR,2008-07-08,1
2008-07-09,1.299198837112,1.990000000000,EFFR,2008-07-09,1
2008-07-10,1.299270653936,2.010000000000,EFFR,2008-07-10,1
2008-07-11,1.299343196548,1.970000000000,EFFR,2008-07-11,3
2008-07-14,1.299556505389,2.060000000000,EFFR,2008-07-14,1
2008-07-15,1.299630868900,2.160000000000,EFFR,2008-07-15,1
2008-07-16,1.299708846752,1.950000000000,EFFR,2008-07-16,1
2008-07-17,1.299779247648,2.030000000000,EFFR,2008-07-17,1
2008-07-18,1.299852540756,1.960000000000,EFFR,2008-07-18,3
2008-07-21,1.300064850004,1.980000000000,EFFR,2008-07-21,1
2008-07-22,1.300136353571,1.970000000000,EFFR,2008-07-22,1
2008-07-23,1.300207499921,2.040000000000,EFFR,2008-07-23,1
2008-07-24,1.300281178346,2.060000000000,EFFR,2008-07-24,1
2008-07-25,1.300355583325,2.130000000000,EFFR,2008-07-25,3
2008-07-28,1.300586396441,2.000000000000,EFFR,2008-07-28,1
2008-07-29,1.300658651241,2.050000000000,EFFR,2008-07-29,1
2008-07-30,1.300732716525,2.030000000000,EFFR,2008-07-30,1
2008-07-31,1.300806063398,2.090000000000,EFFR,2008-07-31,1
2008-08-01,1.300881582416,2.040000000000,EFFR,2008-08-01,3
2008-08-04,1.301102732285,1.970000000000,EFFR,2008-08-04,1
2008-08-05,1.301173931518,1.970000000000,EFFR,2008-08-05,1
2008-08-06,1.301245134647,2.010000000000,EFFR,2008-08-06,1
2008-08-07,1.301317787501,1.960000000000,EFFR,2008-08-07,1
2008-08-08,1.301388637025,2.010000000000,EFFR,2008-08-08,3
2008-08-11,1.301606619621,1.990000000000,EFFR,2008-08-11,1
2008-08-12,1.301678569543,1.950000000000,EFFR,2008-08-12,1
2008-08-13,1.301749077132,1.980000000000,EFFR,2008-08-13,1
2008-08-14,1.301820673331,2.090000000000,EFFR,2008-08-14,1
2008-08-15,1.301896251254,2.080000000000,EFFR,2008-08-15,3
2008-08-18,1.302121913270,1.910000000000,EFFR,2008-08-18,1
2008-08-19,1.302190998072,1.940000000000,EFFR,2008-08-19,1
2008-08-20,1.302261171698,1.980000000000,EFFR,2008-08-20,1
2008-08-21,1.302332796062,2.010000000000,EFFR,2008-08-21,1
2008-08-22,1.302405509644,2.020000000000,EFFR,2008-08-22,3
2008-08-25,1.302624747904,2.010000000000,EFFR,2008-08-25,1
2008-08-26,1.302697477786,1.880000000000,EFFR,2008-08-26,1
2008-08-27,1.302765507543,1.980000000000,EFFR,2008-08-27,1
2008-08-28,1.302837159646,1.990000000000,EFFR,2008-08-28,1
2008-08-29,1.302909177589,1.940000000000,EFFR,2008-08-29,4
2008-09-02,1.303190026901,1.960000000000,EFFR,2008-09-02,1
2008-09-03,1.303260978358,2.010000000000,EFFR,2008-09-03,1
2008-09-04,1.303333743762,1.990000000000,EFFR,2008-09-04,1
2008-09-05,1.303405789155,1.970000000000,EFFR,2008-09-05,3
2008-09-08,1.303619764939,1.920000000000,EFFR,2008-09-08,1
2008-09-09,1.303689291327,1.960000000000,EFFR,2008-09-09,1
2008-09-10,1.303760269966,2.120000000000,EFFR,2008-09-10,1
2008-09-11,1.303837046960,2.000000000000,EFFR,2008-09-11,1
2008-09-12,1.303909482351,2.100000000000,EFFR,2008-09-12,3
2008-09-15,1.304137666510,2.640000000000,EFFR,2008-09-15,1
2008-09-16,1.304233303273,1.980000000000,EFFR,2008-09-16,1
2008-09-17,1.304305036104,2.800000000000,EFFR,2008-09-17,1
2008-09-18,1.304406482052,2.160000000000,EFFR,2008-09-18,1
2008-09-19,1.304484746440,1.480000000000,EFFR,2008-09-19,3
2008-09-22,1.304645632893,1.510000000000,EFFR,2008-09-22,1
2008-09-23,1.304700355529,1.460000000000,EFFR,2008-09-23,1
2008-09-24,1.304753268377,1.190000000000,EFFR,2008-09-24,1
2008-09-25,1.304796397721,1.230000000000,EFFR,2008-09-25,1
2008-09-26,1.304840978264,1.080000000000,EFFR,2008-09-26,3
2008-09-29,1.304958413952,1.560000000000,EFFR,2008-09-29,1
2008-09-30,1.305014962150,2.030000000000,EFFR,2008-09-30,1
2008-10-01,1.305088550494,1.150000000000,EFFR,2008-10-01,1
2008-10-02,1.305130240823,0.670000000000,EFFR,2008-10-02,1
2008-10-03,1.305154530747,1.100000000000,EFFR,2008-10-03,3
2008-10-06,1.305274169912,1.960000000000,EFFR,2008-10-06,1
2008-10-07,1.305345234839,2.970000000000,EFFR,2008-10-07,1
2008-10-08,1.305452925821,2.240000000000,EFFR,2008-10-08,1
2008-10-09,1.305534154003,1.400000000000,EFFR,2008-10-09,1
2008-10-10,1.305584924776,0.790000000000,EFFR,2008-10-10,4
2008-10-14,1.305699526119,1.100000000000,EFFR,2008-10-14,1
2008-10-15,1.305739422493,1.040000000000,EFFR,2008-10-15,1
2008-10-16,1.305777143854,0.830000000000,EFFR,2008-10-16,1
2008-10-17,1.305807249272,0.600000000000,EFFR,2008-10-17,3
2008-10-20,1.305872539634,0.700000000000,EFFR,2008-10-20,1
2008-10-21,1.305897931600,0.670000000000,EFFR,2008-10-21,1
2008-10-22,1.305922235812,0.810000000000,EFFR,2008-10-22,1
2008-10-23,1.305951619062,0.930000000000,EFFR,2008-10-23,1
2008-10-24,1.305985356146,0.950000000000,EFFR,2008-10-24,3
2008-10-27,1.306088746653,0.920000000000,EFFR,2008-10-27,1
2008-10-28,1.306122124477,0.670000000000,EFFR,2008-10-28,1
2008-10-29,1.306146432861,0.360000000000,EFFR,2008-10-29,1
2008-10-30,1.306159494325,0.300000000000,EFFR,2008-10-30,1
2008-10-31,1.306170378987,0.220000000000,EFFR,2008-10-31,3
2008-11-03,1.306194325444,0.230000000000,EFFR,2008-11-03,1
2008-11-04,1.306202670575,0.230000000000,EFFR,2008-11-04,1
2008-11-05,1.306211015758,0.230000000000,EFFR,2008-11-05,1
2008-11-06,1.306219360996,0.230000000000,EFFR,2008-11-06,1
2008-11-07,1.306227706286,0.270000000000,EFFR,2008-11-07,3
2008-11-10,1.306257096409,0.290000000000,EFFR,2008-11-10,2
2008-11-12,1.306278141663,0.350000000000,EFFR,2008-11-12,1
2008-11-13,1.306290841589,0.350000000000,EFFR,2008-11-13,1
2008-11-14,1.306303541639,0.340000000000,EFFR,2008-11-14,3
2008-11-17,1.306340553572,0.370000000000,EFFR,2008-11-17,1
2008-11-18,1.306353979850,0.380000000000,EFFR,2008-11-18,1
2008-11-19,1.306367769142,0.380000000000,EFFR,2008-11-19,1
2008-11-20,1.306381558580,0.490000000000,EFFR,2008-11-20,1
2008-11-21,1.306399339884,0.570000000000,EFFR,2008-11-21,3
2008-11-24,1.306461393853,0.620000000000,EFFR,2008-11-24,1
2008-11-25,1.306483894022,0.590000000000,EFFR,2008-11-25,1
2008-11-26,1.306505305841,0.530000000000,EFFR,2008-11-26,2
2008-11-28,1.306543775164,0.520000000000,EFFR,2008-11-28,3
2008-12-01,1.306600392061,0.520000000000,EFFR,2008-12-01,1
2008-12-02,1.306619265177,0.470000000000,EFFR,2008-12-02,1
2008-12-03,1.306636323818,0.360000000000,EFFR,2008-12-03,1
2008-12-04,1.306649390181,0.200000000000,EFFR,2008-12-04,1
2008-12-05,1.306656649344,0.120000000000,EFFR,2008-12-05,3
2008-12-08,1.306669715911,0.120000000000,EFFR,2008-12-08,1
2008-12-09,1.306674071477,0.130000000000,EFFR,2008-12-09,1
2008-12-10,1.306678790022,0.110000000000,EFFR,2008-12-10,1
2008-12-11,1.306682782652,0.140000000000,EFFR,2008-12-11,1
2008-12-12,1.306687864196,0.150000000000,EFFR,2008-12-12,3
2008-12-15,1.306704197794,0.180000000000,EFFR,2008-12-15,1
2008-12-16,1.306710731315,0.170000000000,EFFR,2008-12-16,1
2008-12-17,1.306716901893,0.120000000000,EFFR,2008-12-17,1
2008-12-18,1.306721257616,0.110000000000,EFFR,2008-12-18,1
2008-12-19,1.306725250376,0.110000000000,EFFR,2008-12-19,3
2008-12-22,1.306737228691,0.110000000000,EFFR,2008-12-22,1
2008-12-23,1.306741221499,0.110000000000,EFFR,2008-12-23,1
2008-12-24,1.306745214319,0.110000000000,EFFR,2008-12-24,2
2008-12-26,1.306753199984,0.090000000000,EFFR,2008-12-26,3
2008-12-29,1.306763000633,0.100000000000,EFFR,2008-12-29,1
2008-12-30,1.306766630531,0.090000000000,EFFR,2008-12-30,1
2008-12-31,1.306769897447,0.140000000000,EFFR,2008-12-31,2
2009-01-02,1.306780061213,0.080000000000,EFFR,2009-01-02,3
2009-01-05,1.306788773080,0.110000000000,EFFR,2009-01-05,1
2009-01-06,1.306792766046,0.090000000000,EFFR,2009-01-06,1
2009-01-07,1.306796033028,0.110000000000,EFFR,2009-01-07,1
2009-01-08,1.306800026016,0.100000000000,EFFR,2009-01-08,1
2009-01-09,1.306803656016,0.090000000000,EFFR,2009-01-09,3
2009-01-12,1.306813457043,0.100000000000,EFFR,2009-01-12,1
2009-01-13,1.306817087081,0.100000000000,EFFR,2009-01-13,1
2009-01-14,1.306820717128,0.150000000000,EFFR,2009-01-14,1
2009-01-15,1.306826162214,0.180000000000,EFFR,2009-01-15,1
2009-01-16,1.306832696345,0.190000000000,EFFR,2009-01-16,4
2009-01-20,1.306860285035,0.200000000000,EFFR,2009-01-20,1
2009-01-21,1.306867545370,0.230000000000,EFFR,2009-01-21,1
2009-01-22,1.306875894802,0.210000000000,EFFR,2009-01-22,1
2009-01-23,1.306883518245,0.180000000000,EFFR,2009-01-23,3
2009-01-26,1.306903121497,0.190000000000,EFFR,2009-01-26,1
2009-01-27,1.306910019042,0.180000000000,EFFR,2009-01-27,1
2009-01-28,1.306916553592,0.190000000000,EFFR,2009-01-28,1
2009-01-29,1.306923451207,0.230000000000,EFFR,2009-01-29,1
2009-01-30,1.306931800996,0.230000000000,EFFR,2009-01-30,3
2009-02-02,1.306956850522,0.240000000000,EFFR,2009-02-02,1
2009-02-03,1.306965563567,0.240000000000,EFFR,2009-02-03,1
2009-02-04,1.306974276671,0.240000000000,EFFR,2009-02-04,1
2009-02-05,1.306982989833,0.230000000000,EFFR,2009-02-05,1
2009-02-06,1.306991340002,0.230000000000,EFFR,2009-02-06,3
2009-02-09,1.307016390669,0.220000000000,EFFR,2009-02-09,1
2009-02-10,1.307024377992,0.240000000000,EFFR,2009-02-10,1
2009-02-11,1.307033091488,0.220000000000,EFFR,2009-02-11,1
2009-02-12,1.307041078912,0.230000000000,EFFR,2009-02-12,1
2009-02-13,1.307049429452,0.220000000000,EFFR,2009-02-13,4
2009-02-17,1.307081379550,0.250000000000,EFFR,2009-02-17,1
2009-02-18,1.307090456504,0.230000000000,EFFR,2009-02-18,1
2009-02-19,1.307098807359,0.210000000000,EFFR,2009-02-19,1
2009-02-20,1.307106432102,0.200000000000,EFFR,2009-02-20,3
2009-02-23,1.307128217209,0.190000000000,EFFR,2009-02-23,1
2009-02-24,1.307135115942,0.210000000000,EFFR,2009-02-24,1
2009-02-25,1.307142740897,0.210000000000,EFFR,2009-02-25,1
2009-02-26,1.307150365896,0.220000000000,EFFR,2009-02-26,1
2009-02-27,1.307158354037,0.220000000000,EFFR,2009-02-27,3
2009-03-02,1.307182318607,0.220000000000,EFFR,2009-03-02,1
2009-03-03,1.307190306943,0.200000000000,EFFR,2009-03-03,1
2009-03-04,1.307197569112,0.210000000000,EFFR,2009-03-04,1
2009-03-05,1.307205194431,0.200000000000,EFFR,2009-03-05,1
2009-03-06,1.307212456682,0.200000000000,EFFR,2009-03-06,3
2009-03-09,1.307234243556,0.200000000000,EFFR,2009-03-09,1
2009-03-10,1.307241505969,0.200000000000,EFFR,2009-03-10,1
2009-03-11,1.307248768421,0.190000000000,EFFR,2009-03-11,1
2009-03-12,1.307255667790,0.180000000000,EFFR,2009-03-12,1
2009-03-13,1.307262204068,0.150000000000,EFFR,2009-03-13,3
2009-03-16,1.307278544846,0.200000000000,EFFR,2009-03-16,1
2009-03-17,1.307285807504,0.200000000000,EFFR,2009-03-17,1
2009-03-18,1.307293070203,0.180000000000,EFFR,2009-03-18,1
2009-03-19,1.307299606669,0.170000000000,EFFR,2009-03-19,1
2009-03-20,1.307305780028,0.180000000000,EFFR,2009-03-20,3
2009-03-23,1.307325389615,0.170000000000,EFFR,2009-03-23,1
2009-03-24,1.307331563096,0.170000000000,EFFR,2009-03-24,1
2009-03-25,1.307337736606,0.170000000000,EFFR,2009-03-25,1
2009-03-26,1.307343910145,0.160000000000,EFFR,2009-03-26,1
2009-03-27,1.307349720562,0.150000000000,EFFR,2009-03-27,3
2009-03-30,1.307366062434,0.160000000000,EFFR,2009-03-30,1
2009-03-31,1.307371872950,0.160000000000,EFFR,2009-03-31,1
2009-04-01,1.307377683491,0.160000000000,EFFR,2009-04-01,1
2009-04-02,1.307383494059,0.160000000000,EFFR,2009-04-02,1
2009-04-03,1.307389304652,0.130000000000,EFFR,2009-04-03,3
2009-04-06,1.307403468036,0.140000000000,EFFR,2009-04-06,1
2009-04-07,1.307408552383,0.140000000000,EFFR,2009-04-07,1
2009-04-08,1.307413636750,0.140000000000,EFFR,2009-04-08,1
2009-04-09,1.307418721136,0.140000000000,EFFR,2009-04-09,1
2009-04-10,1.307423805542,0.150000000000,EFFR,2009-04-10,3
2009-04-13,1.307440148340,0.130000000000,EFFR,2009-04-13,1
2009-04-14,1.307444869652,0.160000000000,EFFR,2009-04-14,1
2009-04-15,1.307450680518,0.160000000000,EFFR,2009-04-15,1
2009-04-16,1.307456491410,0.150000000000,EFFR,2009-04-16,1
2009-04-17,1.307461939145,0.130000000000,EFFR,2009-04-17,3
2009-04-20,1.307476103316,0.140000000000,EFFR,2009-04-20,1
2009-04-21,1.307481187945,0.150000000000,EFFR,2009-04-21,1
2009-04-22,1.307486635783,0.150000000000,EFFR,2009-04-22,1
2009-04-23,1.307492083644,0.170000000000,EFFR,2009-04-23,1
2009-04-24,1.307498257913,0.160000000000,EFFR,2009-04-24,3
2009-04-27,1.307515691223,0.170000000000,EFFR,2009-04-27,1
2009-04-28,1.307521865602,0.160000000000,EFFR,2009-04-28,1
2009-04-29,1.307527676811,0.180000000000,EFFR,2009-04-29,1
2009-04-30,1.307534214449,0.200000000000,EFFR,2009-04-30,1
2009-05-01,1.307541478528,0.220000000000,EFFR,2009-05-01,3
2009-05-04,1.307565450122,0.220000000000,EFFR,2009-05-04,1
2009-05-05,1.307573440800,0.200000000000,EFFR,2009-05-05,1
2009-05-06,1.307580705096,0.180000000000,EFFR,2009-05-06,1
2009-05-07,1.307587243000,0.180000000000,EFFR,2009-05-07,1
2009-05-08,1.307593780936,0.170000000000,EFFR,2009-05-08,3
2009-05-11,1.307612305181,0.170000000000,EFFR,2009-05-11,1
2009-05-12,1.307618480017,0.160000000000,EFFR,2009-05-12,1
2009-05-13,1.307624291655,0.160000000000,EFFR,2009-05-13,1
2009-05-14,1.307630103319,0.160000000000,EFFR,2009-05-14,1
2009-05-15,1.307635915008,0.170000000000,EFFR,2009-05-15,3
2009-05-18,1.307654439850,0.160000000000,EFFR,2009-05-18,1
2009-05-19,1.307660251648,0.150000000000,EFFR,2009-05-19,1
2009-05-20,1.307665700232,0.140000000000,EFFR,2009-05-20,1
2009-05-21,1.307670785599,0.170000000000,EFFR,2009-05-21,1
2009-05-22,1.307676960711,0.170000000000,EFFR,2009-05-22,4
2009-05-26,1.307701661275,0.180000000000,EFFR,2009-05-26,1
2009-05-27,1.307708199784,0.170000000000,EFFR,2009-05-27,1
2009-05-28,1.307714375072,0.170000000000,EFFR,2009-05-28,1
2009-05-29,1.307720550390,0.190000000000,EFFR,2009-05-29,3
2009-06-01,1.307741255966,0.210000000000,EFFR,2009-06-01,1
2009-06-02,1.307748884456,0.200000000000,EFFR,2009-06-02,1
2009-06-03,1.307756149728,0.210000000000,EFFR,2009-06-03,1
2009-06-04,1.307763778305,0.200000000000,EFFR,2009-06-04,1
2009-06-05,1.307771043660,0.210000000000,EFFR,2009-06-05,3
2009-06-08,1.307793929653,0.210000000000,EFFR,2009-06-08,1
2009-06-09,1.307801558451,0.180000000000,EFFR,2009-06-09,1
2009-06-10,1.307808097459,0.180000000000,EFFR,2009-06-10,1
2009-06-11,1.307814636499,0.170000000000,EFFR,2009-06-11,1
2009-06-12,1.307820812291,0.170000000000,EFFR,2009-06-12,3
2009-06-15,1.307839339752,0.220000000000,EFFR,2009-06-15,1
2009-06-16,1.307847332104,0.220000000000,EFFR,2009-06-16,1
2009-06-17,1.307855324504,0.240000000000,EFFR,2009-06-17,1
2009-06-18,1.307864043539,0.250000000000,EFFR,2009-06-18,1
2009-06-19,1.307873125929,0.250000000000,EFFR,2009-06-19,3
2009-06-22,1.307900373285,0.240000000000,EFFR,2009-06-22,1
2009-06-23,1.307909092621,0.240000000000,EFFR,2009-06-23,1
2009-06-24,1.307917812015,0.210000000000,EFFR,2009-06-24,1
2009-06-25,1.307925441536,0.190000000000,EFFR,2009-06-25,1
2009-06-26,1.307932344476,0.180000000000,EFFR,2009-06-26,3
2009-06-29,1.307951963461,0.170000000000,EFFR,2009-06-29,1
2009-06-30,1.307958139901,0.220000000000,EFFR,2009-06-30,1
2009-07-01,1.307966132978,0.200000000000,EFFR,2009-07-01,1
2009-07-02,1.307973399457,0.170000000000,EFFR,2009-07-02,1
2009-07-03,1.307979575998,0.160000000000,EFFR,2009-07-03,3
2009-07-06,1.307997015725,0.180000000000,EFFR,2009-07-06,1
2009-07-07,1.308003555710,0.180000000000,EFFR,2009-07-07,1
2009-07-08,1.308010095728,0.160000000000,EFFR,2009-07-08,1
2009-07-09,1.308015909106,0.150000000000,EFFR,2009-07-09,1
2009-07-10,1.308021359173,0.150000000000,EFFR,2009-07-10,3
2009-07-13,1.308037709440,0.130000000000,EFFR,2009-07-13,1
2009-07-14,1.308042432909,0.130000000000,EFFR,2009-07-14,1
2009-07-15,1.308047156396,0.140000000000,EFFR,2009-07-15,1
2009-07-16,1.308052243246,0.150000000000,EFFR,2009-07-16,1
2009-07-17,1.308057693464,0.150000000000,EFFR,2009-07-17,3
2009-07-20,1.308074044185,0.150000000000,EFFR,2009-07-20,1
2009-07-21,1.308079494493,0.140000000000,EFFR,2009-07-21,1
2009-07-22,1.308084581469,0.140000000000,EFFR,2009-07-22,1
2009-07-23,1.308089668465,0.150000000000,EFFR,2009-07-23,1
2009-07-24,1.308095118838,0.150000000000,EFFR,2009-07-24,3
2009-07-27,1.308111470027,0.160000000000,EFFR,2009-07-27,1
2009-07-28,1.308117283856,0.150000000000,EFFR,2009-07-28,1
2009-07-29,1.308122734345,0.170000000000,EFFR,2009-07-29,1
2009-07-30,1.308128911591,0.170000000000,EFFR,2009-07-30,1
2009-07-31,1.308135088866,0.180000000000,EFFR,2009-07-31,3
2009-08-03,1.308154710893,0.180000000000,EFFR,2009-08-03,1
2009-08-04,1.308161251666,0.170000000000,EFFR,2009-08-04,1
2009-08-05,1.308167429094,0.170000000000,EFFR,2009-08-05,1
2009-08-06,1.308173606552,0.170000000000,EFFR,2009-08-06,1
2009-08-07,1.308179784038,0.170000000000,EFFR,2009-08-07,3
2009-08-10,1.308198316585,0.170000000000,EFFR,2009-08-10,1
2009-08-11,1.308204494188,0.160000000000,EFFR,2009-08-11,1
2009-08-12,1.308210308430,0.150000000000,EFFR,2009-08-12,1
2009-08-13,1.308215759307,0.150000000000,EFFR,2009-08-13,1
2009-08-14,1.308221210206,0.150000000000,EFFR,2009-08-14,3
2009-08-17,1.308237562971,0.170000000000,EFFR,2009-08-17,1
2009-08-18,1.308243740759,0.170000000000,EFFR,2009-08-18,1
2009-08-19,1.308249918577,0.170000000000,EFFR,2009-08-19,1
2009-08-20,1.308256096424,0.170000000000,EFFR,2009-08-20,1
2009-08-21,1.308262274300,0.160000000000,EFFR,2009-08-21,3
2009-08-24,1.308279717797,0.160000000000,EFFR,2009-08-24,1
2009-08-25,1.308285532373,0.150000000000,EFFR,2009-08-25,1
2009-08-26,1.308290983563,0.150000000000,EFFR,2009-08-26,1
2009-08-27,1.308296434775,0.140000000000,EFFR,2009-08-27,1
2009-08-28,1.308301522595,0.140000000000,EFFR,2009-08-28,3
2009-08-31,1.308316786113,0.150000000000,EFFR,2009-08-31,1
2009-09-01,1.308322237433,0.150000000000,EFFR,2009-09-01,1
2009-09-02,1.308327688775,0.160000000000,EFFR,2009-09-02,1
2009-09-03,1.308333503565,0.150000000000,EFFR,2009-09-03,1
2009-09-04,1.308338954955,0.150000000000,EFFR,2009-09-04,4
2009-09-08,1.308360760604,0.150000000000,EFFR,2009-09-08,1
2009-09-09,1.308366212107,0.150000000000,EFFR,2009-09-09,1
2009-09-10,1.308371663633,0.160000000000,EFFR,2009-09-10,1
2009-09-11,1.308377478618,0.150000000000,EFFR,2009-09-11,3
2009-09-14,1.308393833337,0.160000000000,EFFR,2009-09-14,1
2009-09-15,1.308399648420,0.170000000000,EFFR,2009-09-15,1
2009-09-16,1.308405826974,0.170000000000,EFFR,2009-09-16,1
2009-09-17,1.308412005557,0.160000000000,EFFR,2009-09-17,1
2009-09-18,1.308417820722,0.160000000000,EFFR,2009-09-18,3
2009-09-21,1.308435266293,0.150000000000,EFFR,2009-09-21,1
2009-09-22,1.308440718106,0.150000000000,EFFR,2009-09-22,1
2009-09-23,1.308446169943,0.150000000000,EFFR,2009-09-23,1
2009-09-24,1.308451621802,0.140000000000,EFFR,2009-09-24,1
2009-09-25,1.308456710225,0.130000000000,EFFR,2009-09-25,3
2009-09-28,1.308470885172,0.130000000000,EFFR,2009-09-28,1
2009-09-29,1.308475610206,0.110000000000,EFFR,2009-09-29,1
2009-09-30,1.308479608326,0.070000000000,EFFR,2009-09-30,1
2009-10-01,1.308482152592,0.110000000000,EFFR,2009-10-01,1
2009-10-02,1.308486150732,0.130000000000,EFFR,2009-10-02,3
2009-10-05,1.308500325998,0.130000000000,EFFR,2009-10-05,1
2009-10-06,1.308505051139,0.120000000000,EFFR,2009-10-06,1
2009-10-07,1.308509412822,0.130000000000,EFFR,2009-10-07,1
2009-10-08,1.308514137995,0.120000000000,EFFR,2009-10-08,1
2009-10-09,1.308518499709,0.120000000000,EFFR,2009-10-09,4
2009-10-13,1.308535946622,0.120000000000,EFFR,2009-10-13,1
2009-10-14,1.308540308409,0.120000000000,EFFR,2009-10-14,1
2009-10-15,1.308544670210,0.130000000000,EFFR,2009-10-15,1
2009-10-16,1.308549395510,0.120000000000,EFFR,2009-10-16,3
2009-10-19,1.308562481004,0.120000000000,EFFR,2009-10-19,1
2009-10-20,1.308566842879,0.120000000000,EFFR,2009-10-20,1
2009-10-21,1.308571204768,0.110000000000,EFFR,2009-10-21,1
2009-10-22,1.308575203180,0.110000000000,EFFR,2009-10-22,1
2009-10-23,1.308579201604,0.110000000000,EFFR,2009-10-23,3
2009-10-26,1.308591196914,0.110000000000,EFFR,2009-10-26,1
2009-10-27,1.308595195387,0.110000000000,EFFR,2009-10-27,1
2009-10-28,1.308599193872,0.110000000000,EFFR,2009-10-28,1
2009-10-29,1.308603192370,0.110000000000,EFFR,2009-10-29,1
2009-10-30,1.308607190879,0.110000000000,EFFR,2009-10-30,3
2009-11-02,1.308619186445,0.120000000000,EFFR,2009-11-02,1
2009-11-03,1.308623548509,0.120000000000,EFFR,2009-11-03,1
2009-11-04,1.308627910588,0.130000000000,EFFR,2009-11-04,1
2009-11-05,1.308632636189,0.130000000000,EFFR,2009-11-05,1
2009-11-06,1.308637361806,0.120000000000,EFFR,2009-11-06,3
2009-11-09,1.308650448180,0.120000000000,EFFR,2009-11-09,1
2009-11-10,1.308654810348,0.130000000000,EFFR,2009-11-10,2
2009-11-12,1.308664261744,0.120000000000,EFFR,2009-11-12,1
2009-11-13,1.308668623958,0.120000000000,EFFR,2009-11-13,3
2009-11-16,1.308681710644,0.120000000000,EFFR,2009-11-16,1
2009-11-17,1.308686072917,0.120000000000,EFFR,2009-11-17,1
2009-11-18,1.308690435204,0.110000000000,EFFR,2009-11-18,1
2009-11-19,1.308694433980,0.110000000000,EFFR,2009-11-19,1
2009-11-20,1.308698432769,0.110000000000,EFFR,2009-11-20,3
2009-11-23,1.308710429171,0.120000000000,EFFR,2009-11-23,1
2009-11-24,1.308714791539,0.120000000000,EFFR,2009-11-24,1
2009-11-25,1.308719153922,0.110000000000,EFFR,2009-11-25,2
2009-11-27,1.308727151650,0.120000000000,EFFR,2009-11-27,3
2009-11-30,1.308740238921,0.130000000000,EFFR,2009-11-30,1
2009-12-01,1.308744964928,0.130000000000,EFFR,2009-12-01,1
2009-12-02,1.308749690951,0.130000000000,EFFR,2009-12-02,1
2009-12-03,1.308754416992,0.130000000000,EFFR,2009-12-03,1
2009-12-04,1.308759143049,0.120000000000,EFFR,2009-12-04,3
2009-12-07,1.308772230641,0.120000000000,EFFR,2009-12-07,1
2009-12-08,1.308776593215,0.120000000000,EFFR,2009-12-08,1
2009-12-09,1.308780955804,0.120000000000,EFFR,2009-12-09,1
2009-12-10,1.308785318407,0.120000000000,EFFR,2009-12-10,1
2009-12-11,1.308789681025,0.120000000000,EFFR,2009-12-11,3
2009-12-14,1.308802768921,0.120000000000,EFFR,2009-12-14,1
2009-12-15,1.308807131597,0.130000000000,EFFR,2009-12-15,1
2009-12-16,1.308811857845,0.140000000000,EFFR,2009-12-16,1
2009-12-17,1.308816947669,0.130000000000,EFFR,2009-12-17,1
2009-12-18,1.308821673953,0.120000000000,EFFR,2009-12-18,3
2009-12-21,1.308834762169,0.120000000000,EFFR,2009-12-21,1
2009-12-22,1.308839124952,0.120000000000,EFFR,2009-12-22,1
2009-12-23,1.308843487749,0.110000000000,EFFR,2009-12-23,1
2009-12-24,1.308847486993,0.110000000000,EFFR,2009-12-24,4
2009-12-28,1.308863484018,0.120000000000,EFFR,2009-12-28,1
2009-12-29,1.308867846896,0.120000000000,EFFR,2009-12-29,1
2009-12-30,1.308872209789,0.110000000000,EFFR,2009-12-30,1
2009-12-31,1.308876209121,0.050000000000,EFFR,2009-12-31,4
2010-01-04,1.308883480655,0.120000000000,EFFR,2010-01-04,1
2010-01-05,1.308887843600,0.120000000000,EFFR,2010-01-05,1
2010-01-06,1.308892206559,0.120000000000,EFFR,2010-01-06,1
2010-01-07,1.308896569534,0.100000000000,EFFR,2010-01-07,1
2010-01-08,1.308900205357,0.110000000000,EFFR,2010-01-08,3
2010-01-11,1.308912203609,0.110000000000,EFFR,2010-01-11,1
2010-01-12,1.308916203063,0.110000000000,EFFR,2010-01-12,1
2010-01-13,1.308920202529,0.110000000000,EFFR,2010-01-13,1
2010-01-14,1.308924202008,0.110000000000,EFFR,2010-01-14,1
2010-01-15,1.308928201498,0.120000000000,EFFR,2010-01-15,4
2010-01-19,1.308945653874,0.130000000000,EFFR,2010-01-19,1
2010-01-20,1.308950380623,0.130000000000,EFFR,2010-01-20,1
2010-01-21,1.308955107388,0.120000000000,EFFR,2010-01-21,1
2010-01-22,1.308959470572,0.110000000000,EFFR,2010-01-22,3
2010-01-25,1.308971469367,0.120000000000,EFFR,2010-01-25,1
2010-01-26,1.308975832605,0.120000000000,EFFR,2010-01-26,1
2010-01-27,1.308980195858,0.120000000000,EFFR,2010-01-27,1
2010-01-28,1.308984559125,0.120000000000,EFFR,2010-01-28,1
2010-01-29,1.308988922407,0.120000000000,EFFR,2010-01-29,3
2010-02-01,1.309002012296,0.140000000000,EFFR,2010-02-01,1
2010-02-02,1.309007102859,0.140000000000,EFFR,2010-02-02,1
2010-02-03,1.309012193443,0.130000000000,EFFR,2010-02-03,1
2010-02-04,1.309016920431,0.140000000000,EFFR,2010-02-04,1
2010-02-05,1.309022011052,0.130000000000,EFFR,2010-02-05,3
2010-02-08,1.309036192124,0.130000000000,EFFR,2010-02-08,1
2010-02-09,1.309040919199,0.130000000000,EFFR,2010-02-09,1
2010-02-10,1.309045646292,0.120000000000,EFFR,2010-02-10,1
2010-02-11,1.309050009777,0.120000000000,EFFR,2010-02-11,1
2010-02-12,1.309054373277,0.120000000000,EFFR,2010-02-12,4
2010-02-16,1.309071827335,0.130000000000,EFFR,2010-02-16,1
2010-02-17,1.309076554539,0.120000000000,EFFR,2010-02-17,1
2010-02-18,1.309080918128,0.120000000000,EFFR,2010-02-18,1
2010-02-19,1.309085281731,0.130000000000,EFFR,2010-02-19,3
2010-02-22,1.309099463488,0.120000000000,EFFR,2010-02-22,1
2010-02-23,1.309103827153,0.120000000000,EFFR,2010-02-23,1
2010-02-24,1.309108190832,0.110000000000,EFFR,2010-02-24,1
2010-02-25,1.309112190885,0.120000000000,EFFR,2010-02-25,1
2010-02-26,1.309116554592,0.130000000000,EFFR,2010-02-26,3
2010-03-01,1.309130736688,0.140000000000,EFFR,2010-03-01,1
2010-03-02,1.309135827752,0.140000000000,EFFR,2010-03-02,1
2010-03-03,1.309140918836,0.150000000000,EFFR,2010-03-03,1
2010-03-04,1.309146373590,0.160000000000,EFFR,2010-03-04,1
2010-03-05,1.309152192018,0.170000000000,EFFR,2010-03-05,3
2010-03-08,1.309170738341,0.150000000000,EFFR,2010-03-08,1
2010-03-09,1.309176193219,0.140000000000,EFFR,2010-03-09,1
2010-03-10,1.309181284460,0.140000000000,EFFR,2010-03-10,1
2010-03-11,1.309186375720,0.150000000000,EFFR,2010-03-11,1
2010-03-12,1.309191830664,0.170000000000,EFFR,2010-03-12,3
2010-03-15,1.309210377548,0.200000000000,EFFR,2010-03-15,1
2010-03-16,1.309217650939,0.200000000000,EFFR,2010-03-16,1
2010-03-17,1.309224924370,0.180000000000,EFFR,2010-03-17,1
2010-03-18,1.309231470495,0.180000000000,EFFR,2010-03-18,1
2010-03-19,1.309238016652,0.180000000000,EFFR,2010-03-19,3
2010-03-22,1.309257655223,0.180000000000,EFFR,2010-03-22,1
2010-03-23,1.309264201511,0.170000000000,EFFR,2010-03-23,1
2010-03-24,1.309270384147,0.170000000000,EFFR,2010-03-24,1
2010-03-25,1.309276566813,0.170000000000,EFFR,2010-03-25,1
2010-03-26,1.309282749508,0.170000000000,EFFR,2010-03-26,3
2010-03-29,1.309301297680,0.160000000000,EFFR,2010-03-29,1
2010-03-30,1.309307116797,0.160000000000,EFFR,2010-03-30,1
2010-03-31,1.309312935940,0.090000000000,EFFR,2010-03-31,1
2010-04-01,1.309316209222,0.170000000000,EFFR,2010-04-01,1
2010-04-02,1.309322392104,0.200000000000,EFFR,2010-04-02,3
2010-04-05,1.309344214144,0.200000000000,EFFR,2010-04-05,1
2010-04-06,1.309351488279,0.200000000000,EFFR,2010-04-06,1
2010-04-07,1.309358762454,0.190000000000,EFFR,2010-04-07,1
2010-04-08,1.309365672958,0.190000000000,EFFR,2010-04-08,1
2010-04-09,1.309372583499,0.190000000000,EFFR,2010-04-09,3
2010-04-12,1.309393315232,0.190000000000,EFFR,2010-04-12,1
2010-04-13,1.309400225919,0.200000000000,EFFR,2010-04-13,1
2010-04-14,1.309407500364,0.200000000000,EFFR,2010-04-14,1
2010-04-15,1.309414774851,0.220000000000,EFFR,2010-04-15,1
2010-04-16,1.309422776830,0.210000000000,EFFR,2010-04-16,3
2010-04-19,1.309445691728,0.200000000000,EFFR,2010-04-19,1
2010-04-20,1.309452966427,0.200000000000,EFFR,2010-04-20,1
2010-04-21,1.309460241165,0.200000000000,EFFR,2010-04-21,1
2010-04-22,1.309467515944,0.200000000000,EFFR,2010-04-22,1
2010-04-23,1.309474790764,0.200000000000,EFFR,2010-04-23,3
2010-04-26,1.309496615344,0.200000000000,EFFR,2010-04-26,1
2010-04-27,1.309503890325,0.200000000000,EFFR,2010-04-27,1
2010-04-28,1.309511165347,0.200000000000,EFFR,2010-04-28,1
2010-04-29,1.309518440409,0.190000000000,EFFR,2010-04-29,1
2010-04-30,1.309525351756,0.200000000000,EFFR,2010-04-30,3
2010-05-03,1.309547177179,0.200000000000,EFFR,2010-05-03,1
2010-05-04,1.309554452441,0.210000000000,EFFR,2010-05-04,1
2010-05-05,1.309562091508,0.210000000000,EFFR,2010-05-05,1
2010-05-06,1.309569730620,0.200000000000,EFFR,2010-05-06,1
2010-05-07,1.309577006008,0.200000000000,EFFR,2010-05-07,3
2010-05-10,1.309598832291,0.200000000000,EFFR,2010-05-10,1
2010-05-11,1.309606107840,0.200000000000,EFFR,2010-05-11,1
2010-05-12,1.309613383430,0.200000000000,EFFR,2010-05-12,1
2010-05-13,1.309620659060,0.200000000000,EFFR,2010-05-13,1
2010-05-14,1.309627934730,0.200000000000,EFFR,2010-05-14,3
2010-05-17,1.309649761862,0.210000000000,EFFR,2010-05-17,1
2010-05-18,1.309657401486,0.210000000000,EFFR,2010-05-18,1
2010-05-19,1.309665041154,0.200000000000,EFFR,2010-05-19,1
2010-05-20,1.309672317071,0.200000000000,EFFR,2010-05-20,1
2010-05-21,1.309679593028,0.200000000000,EFFR,2010-05-21,3
2010-05-24,1.309701421022,0.210000000000,EFFR,2010-05-24,1
2010-05-25,1.309709060946,0.210000000000,EFFR,2010-05-25,1
2010-05-26,1.309716700916,0.200000000000,EFFR,2010-05-26,1
2010-05-27,1.309723977120,0.200000000000,EFFR,2010-05-27,1
2010-05-28,1.309731253364,0.190000000000,EFFR,2010-05-28,4
2010-06-01,1.309758903246,0.200000000000,EFFR,2010-06-01,1
2010-06-02,1.309766179685,0.200000000000,EFFR,2010-06-02,1
2010-06-03,1.309773456163,0.190000000000,EFFR,2010-06-03,1
2010-06-04,1.309780368857,0.190000000000,EFFR,2010-06-04,3
2010-06-07,1.309801107046,0.190000000000,EFFR,2010-06-07,1
2010-06-08,1.309808019885,0.190000000000,EFFR,2010-06-08,1
2010-06-09,1.309814932761,0.180000000000,EFFR,2010-06-09,1
2010-06-10,1.309821481835,0.180000000000,EFFR,2010-06-10,1
2010-06-11,1.309828030943,0.180000000000,EFFR,2010-06-11,3
2010-06-14,1.309847678363,0.180000000000,EFFR,2010-06-14,1
2010-06-15,1.309854227602,0.190000000000,EFFR,2010-06-15,1
2010-06-16,1.309861140721,0.190000000000,EFFR,2010-06-16,1
2010-06-17,1.309868053877,0.190000000000,EFFR,2010-06-17,1
2010-06-18,1.309874967070,0.180000000000,EFFR,2010-06-18,3
2010-06-21,1.309894615194,0.170000000000,EFFR,2010-06-21,1
2010-06-22,1.309900800808,0.180000000000,EFFR,2010-06-22,1
2010-06-23,1.309907350312,0.170000000000,EFFR,2010-06-23,1
2010-06-24,1.309913535985,0.160000000000,EFFR,2010-06-24,1
2010-06-25,1.309919357823,0.160000000000,EFFR,2010-06-25,3
2010-06-28,1.309936823415,0.170000000000,EFFR,2010-06-28,1
2010-06-29,1.309943009227,0.150000000000,EFFR,2010-06-29,1
2010-06-30,1.309948467323,0.090000000000,EFFR,2010-06-30,1
2010-07-01,1.309951742194,0.170000000000,EFFR,2010-07-01,1
2010-07-02,1.309957928078,0.180000000000,EFFR,2010-07-02,4
2010-07-06,1.309984127236,0.180000000000,EFFR,2010-07-06,1
2010-07-07,1.309990677157,0.180000000000,EFFR,2010-07-07,1
2010-07-08,1.309997227110,0.170000000000,EFFR,2010-07-08,1
2010-07-09,1.310003413208,0.180000000000,EFFR,2010-07-09,3
2010-07-12,1.310023063259,0.170000000000,EFFR,2010-07-12,1
2010-07-13,1.310029249479,0.170000000000,EFFR,2010-07-13,1
2010-07-14,1.310035435729,0.170000000000,EFFR,2010-07-14,1
2010-07-15,1.310041622007,0.190000000000,EFFR,2010-07-15,1
2010-07-16,1.310048536116,0.190000000000,EFFR,2010-07-16,3
2010-07-19,1.310069278551,0.190000000000,EFFR,2010-07-19,1
2010-07-20,1.310076192805,0.180000000000,EFFR,2010-07-20,1
2010-07-21,1.310082743186,0.180000000000,EFFR,2010-07-21,1
2010-07-22,1.310089293600,0.180000000000,EFFR,2010-07-22,1
2010-07-23,1.310095844046,0.190000000000,EFFR,2010-07-23,3
2010-07-26,1.310116587231,0.190000000000,EFFR,2010-07-26,1
2010-07-27,1.310123501735,0.190000000000,EFFR,2010-07-27,1
2010-07-28,1.310130416276,0.200000000000,EFFR,2010-07-28,1
2010-07-29,1.310137694778,0.190000000000,EFFR,2010-07-29,1
2010-07-30,1.310144609394,0.180000000000,EFFR,2010-07-30,3
2010-08-02,1.310164261563,0.190000000000,EFFR,2010-08-02,1
2010-08-03,1.310171176318,0.190000000000,EFFR,2010-08-03,1
2010-08-04,1.310178091111,0.190000000000,EFFR,2010-08-04,1
2010-08-05,1.310185005940,0.190000000000,EFFR,2010-08-05,1
2010-08-06,1.310191920805,0.180000000000,EFFR,2010-08-06,3
2010-08-09,1.310211573684,0.180000000000,EFFR,2010-08-09,1
2010-08-10,1.310218124742,0.180000000000,EFFR,2010-08-10,1
2010-08-11,1.310224675832,0.170000000000,EFFR,2010-08-11,1
2010-08-12,1.310230863004,0.180000000000,EFFR,2010-08-12,1
2010-08-13,1.310237414159,0.190000000000,EFFR,2010-08-13,3
2010-08-16,1.310258159584,0.200000000000,EFFR,2010-08-16,1
2010-08-17,1.310265438796,0.200000000000,EFFR,2010-08-17,1
2010-08-18,1.310272718049,0.190000000000,EFFR,2010-08-18,1
2010-08-19,1.310279633377,0.190000000000,EFFR,2010-08-19,1
2010-08-20,1.310286548742,0.200000000000,EFFR,2010-08-20,3
2010-08-23,1.310308386851,0.190000000000,EFFR,2010-08-23,1
2010-08-24,1.310315302367,0.190000000000,EFFR,2010-08-24,1
2010-08-25,1.310322217920,0.190000000000,EFFR,2010-08-25,1
2010-08-26,1.310329133510,0.190000000000,EFFR,2010-08-26,1
2010-08-27,1.310336049136,0.190000000000,EFFR,2010-08-27,3
2010-08-30,1.310356796123,0.190000000000,EFFR,2010-08-30,1
2010-08-31,1.310363711895,0.210000000000,EFFR,2010-08-31,1
2010-09-01,1.310371355684,0.190000000000,EFFR,2010-09-01,1
2010-09-02,1.310378271532,0.190000000000,EFFR,2010-09-02,1
2010-09-03,1.310385187418,0.190000000000,EFFR,2010-09-03,4
2010-09-07,1.310412851105,0.200000000000,EFFR,2010-09-07,1
2010-09-08,1.310420131176,0.190000000000,EFFR,2010-09-08,1
2010-09-09,1.310427047283,0.180000000000,EFFR,2010-09-09,1
2010-09-10,1.310433599418,0.180000000000,EFFR,2010-09-10,3
2010-09-13,1.310453255922,0.180000000000,EFFR,2010-09-13,1
2010-09-14,1.310459808188,0.190000000000,EFFR,2010-09-14,1
2010-09-15,1.310466724504,0.210000000000,EFFR,2010-09-15,1
2010-09-16,1.310474368893,0.210000000000,EFFR,2010-09-16,1
2010-09-17,1.310482013327,0.210000000000,EFFR,2010-09-17,3
2010-09-20,1.310504946762,0.210000000000,EFFR,2010-09-20,1
2010-09-21,1.310512591374,0.200000000000,EFFR,2010-09-21,1
2010-09-22,1.310519872000,0.210000000000,EFFR,2010-09-22,1
2010-09-23,1.310527516699,0.200000000000,EFFR,2010-09-23,1
2010-09-24,1.310534797407,0.210000000000,EFFR,2010-09-24,3
2010-09-27,1.310557731766,0.190000000000,EFFR,2010-09-27,1
2010-09-28,1.310564648599,0.190000000000,EFFR,2010-09-28,1
2010-09-29,1.310571565468,0.190000000000,EFFR,2010-09-29,1
2010-09-30,1.310578482373,0.150000000000,EFFR,2010-09-30,1
2010-10-01,1.310583943117,0.200000000000,EFFR,2010-10-01,3
2010-10-04,1.310605786183,0.200000000000,EFFR,2010-10-04,1
2010-10-05,1.310613067326,0.200000000000,EFFR,2010-10-05,1
2010-10-06,1.310620348510,0.190000000000,EFFR,2010-10-06,1
2010-10-07,1.310627265673,0.180000000000,EFFR,2010-10-07,1
2010-10-08,1.310633818809,0.180000000000,EFFR,2010-10-08,4
2010-10-12,1.310660031485,0.180000000000,EFFR,2010-10-12,1
2010-10-13,1.310666584786,0.180000000000,EFFR,2010-10-13,1
2010-10-14,1.310673138118,0.190000000000,EFFR,2010-10-14,1
2010-10-15,1.310680055560,0.200000000000,EFFR,2010-10-15,3
2010-10-18,1.310701900228,0.190000000000,EFFR,2010-10-18,1
2010-10-19,1.310708817821,0.190000000000,EFFR,2010-10-19,1
2010-10-20,1.310715735451,0.190000000000,EFFR,2010-10-20,1
2010-10-21,1.310722653117,0.190000000000,EFFR,2010-10-21,1
2010-10-22,1.310729570820,0.190000000000,EFFR,2010-10-22,3
2010-10-25,1.310750324038,0.190000000000,EFFR,2010-10-25,1
2010-10-26,1.310757241887,0.190000000000,EFFR,2010-10-26,1
2010-10-27,1.310764159773,0.190000000000,EFFR,2010-10-27,1
2010-10-28,1.310771077695,0.190000000000,EFFR,2010-10-28,1
2010-10-29,1.310777995653,0.200000000000,EFFR,2010-10-29,3
2010-11-01,1.310799841953,0.200000000000,EFFR,2010-11-01,1
2010-11-02,1.310807124174,0.200000000000,EFFR,2010-11-02,1
2010-11-03,1.310814406436,0.200000000000,EFFR,2010-11-03,1
2010-11-04,1.310821688738,0.190000000000,EFFR,2010-11-04,1
2010-11-05,1.310828606964,0.180000000000,EFFR,2010-11-05,3
2010-11-08,1.310848269393,0.180000000000,EFFR,2010-11-08,1
2010-11-09,1.310854823634,0.170000000000,EFFR,2010-11-09,1
2010-11-10,1.310861013782,0.170000000000,EFFR,2010-11-10,2
2010-11-12,1.310873394136,0.190000000000,EFFR,2010-11-12,3
2010-11-15,1.310894149632,0.210000000000,EFFR,2010-11-15,1
2010-11-16,1.310901796514,0.210000000000,EFFR,2010-11-16,1
2010-11-17,1.310909443441,0.200000000000,EFFR,2010-11-17,1
2010-11-18,1.310916726272,0.200000000000,EFFR,2010-11-18,1
2010-11-19,1.310924009142,0.210000000000,EFFR,2010-11-19,3
2010-11-22,1.310946950312,0.190000000000,EFFR,2010-11-22,1
2010-11-23,1.310953869199,0.200000000000,EFFR,2010-11-23,1
2010-11-24,1.310961152276,0.200000000000,EFFR,2010-11-24,2
2010-11-26,1.310975718511,0.200000000000,EFFR,2010-11-26,3
2010-11-29,1.310997568107,0.200000000000,EFFR,2010-11-29,1
2010-11-30,1.311004851426,0.200000000000,EFFR,2010-11-30,1
2010-12-01,1.311012134787,0.200000000000,EFFR,2010-12-01,1
2010-12-02,1.311019418187,0.190000000000,EFFR,2010-12-02,1
2010-12-03,1.311026337457,0.180000000000,EFFR,2010-12-03,3
2010-12-06,1.311046002852,0.180000000000,EFFR,2010-12-06,1
2010-12-07,1.311052558082,0.170000000000,EFFR,2010-12-07,1
2010-12-08,1.311058749163,0.170000000000,EFFR,2010-12-08,1
2010-12-09,1.311064940274,0.160000000000,EFFR,2010-12-09,1
2010-12-10,1.311070767229,0.160000000000,EFFR,2010-12-10,3
2010-12-13,1.311088248173,0.170000000000,EFFR,2010-12-13,1
2010-12-14,1.311094439423,0.190000000000,EFFR,2010-12-14,1
2010-12-15,1.311101359088,0.200000000000,EFFR,2010-12-15,1
2010-12-16,1.311108642984,0.200000000000,EFFR,2010-12-16,1
2010-12-17,1.311115926921,0.200000000000,EFFR,2010-12-17,3
2010-12-20,1.311137778853,0.210000000000,EFFR,2010-12-20,1
2010-12-21,1.311145427157,0.200000000000,EFFR,2010-12-21,1
2010-12-22,1.311152711298,0.190000000000,EFFR,2010-12-22,1
2010-12-23,1.311159631271,0.190000000000,EFFR,2010-12-23,1
2010-12-24,1.311166551280,0.190000000000,EFFR,2010-12-24,3
2010-12-27,1.311187311417,0.190000000000,EFFR,2010-12-27,1
2010-12-28,1.311194231572,0.180000000000,EFFR,2010-12-28,1
2010-12-29,1.311200787544,0.180000000000,EFFR,2010-12-29,1
2010-12-30,1.311207343548,0.190000000000,EFFR,2010-12-30,1
2010-12-31,1.311214263809,0.130000000000,EFFR,2010-12-31,3
2011-01-03,1.311228468630,0.190000000000,EFFR,2011-01-03,1
2011-01-04,1.311235389002,0.180000000000,EFFR,2011-01-04,1
2011-01-05,1.311241945179,0.180000000000,EFFR,2011-01-05,1
2011-01-06,1.311248501389,0.170000000000,EFFR,2011-01-06,1
2011-01-07,1.311254693396,0.170000000000,EFFR,2011-01-07,3
2011-01-10,1.311273269504,0.170000000000,EFFR,2011-01-10,1
2011-01-11,1.311279461628,0.170000000000,EFFR,2011-01-11,1
2011-01-12,1.311285653781,0.160000000000,EFFR,2011-01-12,1
2011-01-13,1.311291481717,0.160000000000,EFFR,2011-01-13,1
2011-01-14,1.311297309679,0.160000000000,EFFR,2011-01-14,4
2011-01-18,1.311320621631,0.190000000000,EFFR,2011-01-18,1
2011-01-19,1.311327542490,0.180000000000,EFFR,2011-01-19,1
2011-01-20,1.311334099128,0.180000000000,EFFR,2011-01-20,1
2011-01-21,1.311340655798,0.170000000000,EFFR,2011-01-21,3
2011-01-24,1.311359233124,0.180000000000,EFFR,2011-01-24,1
2011-01-25,1.311365789920,0.170000000000,EFFR,2011-01-25,1
2011-01-26,1.311371982481,0.170000000000,EFFR,2011-01-26,1
2011-01-27,1.311378175071,0.170000000000,EFFR,2011-01-27,1
2011-01-28,1.311384367690,0.170000000000,EFFR,2011-01-28,3
2011-01-31,1.311402945635,0.170000000000,EFFR,2011-01-31,1
2011-02-01,1.311409138371,0.180000000000,EFFR,2011-02-01,1
2011-02-02,1.311415695417,0.180000000000,EFFR,2011-02-02,1
2011-02-03,1.311422252496,0.170000000000,EFFR,2011-02-03,1
2011-02-04,1.311428445323,0.170000000000,EFFR,2011-02-04,3
2011-02-07,1.311447023893,0.170000000000,EFFR,2011-02-07,1
2011-02-08,1.311453216837,0.160000000000,EFFR,2011-02-08,1
2011-02-09,1.311459045518,0.150000000000,EFFR,2011-02-09,1
2011-02-10,1.311464509931,0.150000000000,EFFR,2011-02-10,1
2011-02-11,1.311469974366,0.150000000000,EFFR,2011-02-11,3
2011-02-14,1.311486367741,0.150000000000,EFFR,2011-02-14,1
2011-02-15,1.311491832267,0.160000000000,EFFR,2011-02-15,1
2011-02-16,1.311497661120,0.150000000000,EFFR,2011-02-16,1
2011-02-17,1.311503125693,0.150000000000,EFFR,2011-02-17,1
2011-02-18,1.311508590290,0.150000000000,EFFR,2011-02-18,4
2011-02-22,1.311530448766,0.150000000000,EFFR,2011-02-22,1
2011-02-23,1.311535913476,0.150000000000,EFFR,2011-02-23,1
2011-02-24,1.311541378209,0.150000000000,EFFR,2011-02-24,1
2011-02-25,1.311546842965,0.150000000000,EFFR,2011-02-25,3
2011-02-28,1.311563237301,0.160000000000,EFFR,2011-02-28,1
2011-03-01,1.311569066471,0.150000000000,EFFR,2011-03-01,1
2011-03-02,1.311574531342,0.160000000000,EFFR,2011-03-02,1
2011-03-03,1.311580360562,0.150000000000,EFFR,2011-03-03,1
2011-03-04,1.311585825480,0.150000000000,EFFR,2011-03-04,3
2011-03-07,1.311602220303,0.140000000000,EFFR,2011-03-07,1
2011-03-08,1.311607320978,0.140000000000,EFFR,2011-03-08,1
2011-03-09,1.311612421673,0.140000000000,EFFR,2011-03-09,1
2011-03-10,1.311617522388,0.140000000000,EFFR,2011-03-10,1
2011-03-11,1.311622623123,0.130000000000,EFFR,2011-03-11,3
2011-03-14,1.311636832368,0.140000000000,EFFR,2011-03-14,1
2011-03-15,1.311641933178,0.140000000000,EFFR,2011-03-15,1
2011-03-16,1.311647034008,0.140000000000,EFFR,2011-03-16,1
2011-03-17,1.311652134857,0.140000000000,EFFR,2011-03-17,1
2011-03-18,1.311657235727,0.150000000000,EFFR,2011-03-18,3
2011-03-21,1.311673631442,0.140000000000,EFFR,2011-03-21,1
2011-03-22,1.311678732395,0.140000000000,EFFR,2011-03-22,1
2011-03-23,1.311683833368,0.140000000000,EFFR,2011-03-23,1
2011-03-24,1.311688934361,0.130000000000,EFFR,2011-03-24,1
2011-03-25,1.311693671015,0.130000000000,EFFR,2011-03-25,3
2011-03-28,1.311707881030,0.130000000000,EFFR,2011-03-28,1
2011-03-29,1.311712617753,0.130000000000,EFFR,2011-03-29,1
2011-03-30,1.311717354493,0.130000000000,EFFR,2011-03-30,1
2011-03-31,1.311722091250,0.100000000000,EFFR,2011-03-31,1
2011-04-01,1.311725734923,0.110000000000,EFFR,2011-04-01,3
2011-04-04,1.311737759075,0.090000000000,EFFR,2011-04-04,1
2011-04-05,1.311741038420,0.090000000000,EFFR,2011-04-05,1
2011-04-06,1.311744317772,0.100000000000,EFFR,2011-04-06,1
2011-04-07,1.311747961506,0.100000000000,EFFR,2011-04-07,1
2011-04-08,1.311751605251,0.090000000000,EFFR,2011-04-08,3
2011-04-11,1.311761443388,0.090000000000,EFFR,2011-04-11,1
2011-04-12,1.311764722791,0.080000000000,EFFR,2011-04-12,1
2011-04-13,1.311767637824,0.080000000000,EFFR,2011-04-13,1
2011-04-14,1.311770552863,0.090000000000,EFFR,2011-04-14,1
2011-04-15,1.311773832290,0.120000000000,EFFR,2011-04-15,3
2011-04-18,1.311786950028,0.100000000000,EFFR,2011-04-18,1
2011-04-19,1.311790593881,0.110000000000,EFFR,2011-04-19,1
2011-04-20,1.311794602130,0.100000000000,EFFR,2011-04-20,1
2011-04-21,1.311798246003,0.100000000000,EFFR,2011-04-21,1
2011-04-22,1.311801889888,0.100000000000,EFFR,2011-04-22,3
2011-04-25,1.311812821570,0.100000000000,EFFR,2011-04-25,1
2011-04-26,1.311816465494,0.090000000000,EFFR,2011-04-26,1
2011-04-27,1.311819745036,0.090000000000,EFFR,2011-04-27,1
2011-04-28,1.311823024585,0.090000000000,EFFR,2011-04-28,1
2011-04-29,1.311826304143,0.090000000000,EFFR,2011-04-29,3
2011-05-02,1.311836142840,0.090000000000,EFFR,2011-05-02,1
2011-05-03,1.311839422430,0.090000000000,EFFR,2011-05-03,1
2011-05-04,1.311842702029,0.090000000000,EFFR,2011-05-04,1
2011-05-05,1.311845981635,0.090000000000,EFFR,2011-05-05,1
2011-05-06,1.311849261250,0.090000000000,EFFR,2011-05-06,3
2011-05-09,1.311859100120,0.090000000000,EFFR,2011-05-09,1
2011-05-10,1.311862379768,0.090000000000,EFFR,2011-05-10,1
2011-05-11,1.311865659424,0.090000000000,EFFR,2011-05-11,1
2011-05-12,1.311868939088,0.090000000000,EFFR,2011-05-12,1
2011-05-13,1.311872218760,0.090000000000,EFFR,2011-05-13,3
2011-05-16,1.311882057802,0.100000000000,EFFR,2011-05-16,1
2011-05-17,1.311885701919,0.090000000000,EFFR,2011-05-17,1
2011-05-18,1.311888981633,0.100000000000,EFFR,2011-05-18,1
2011-05-19,1.311892625769,0.090000000000,EFFR,2011-05-19,1
2011-05-20,1.311895905500,0.100000000000,EFFR,2011-05-20,3
2011-05-23,1.311906837966,0.100000000000,EFFR,2011-05-23,1
2011-05-24,1.311910482152,0.100000000000,EFFR,2011-05-24,1
2011-05-25,1.311914126348,0.090000000000,EFFR,2011-05-25,1
2011-05-26,1.311917406133,0.090000000000,EFFR,2011-05-26,1
2011-05-27,1.311920685927,0.100000000000,EFFR,2011-05-27,4
2011-05-31,1.311935262823,0.100000000000,EFFR,2011-05-31,1
2011-06-01,1.311938907088,0.100000000000,EFFR,2011-06-01,1
2011-06-02,1.311942551362,0.100000000000,EFFR,2011-06-02,1
2011-06-03,1.311946195647,0.110000000000,EFFR,2011-06-03,3
2011-06-06,1.311958221821,0.100000000000,EFFR,2011-06-06,1
2011-06-07,1.311961866149,0.090000000000,EFFR,2011-06-07,1
2011-06-08,1.311965146054,0.090000000000,EFFR,2011-06-08,1
2011-06-09,1.311968425967,0.090000000000,EFFR,2011-06-09,1
2011-06-10,1.311971705888,0.090000000000,EFFR,2011-06-10,3
2011-06-13,1.311981545676,0.100000000000,EFFR,2011-06-13,1
2011-06-14,1.311985190069,0.100000000000,EFFR,2011-06-14,1
2011-06-15,1.311988834472,0.100000000000,EFFR,2011-06-15,1
2011-06-16,1.311992478885,0.100000000000,EFFR,2011-06-16,1
2011-06-17,1.311996123309,0.100000000000,EFFR,2011-06-17,3
2011-06-20,1.312007056610,0.090000000000,EFFR,2011-06-20,1
2011-06-21,1.312010336628,0.090000000000,EFFR,2011-06-21,1
2011-06-22,1.312013616654,0.090000000000,EFFR,2011-06-22,1
2011-06-23,1.312016896688,0.080000000000,EFFR,2011-06-23,1
2011-06-24,1.312019812281,0.080000000000,EFFR,2011-06-24,3
2011-06-27,1.312028559079,0.080000000000,EFFR,2011-06-27,1
2011-06-28,1.312031474698,0.080000000000,EFFR,2011-06-28,1
2011-06-29,1.312034390324,0.070000000000,EFFR,2011-06-29,1
2011-06-30,1.312036941502,0.070000000000,EFFR,2011-06-30,1
2011-07-01,1.312039492685,0.080000000000,EFFR,2011-07-01,4
2011-07-05,1.312051155258,0.080000000000,EFFR,2011-07-05,1
2011-07-06,1.312054070927,0.070000000000,EFFR,2011-07-06,1
2011-07-07,1.312056622144,0.070000000000,EFFR,2011-07-07,1
2011-07-08,1.312059173365,0.070000000000,EFFR,2011-07-08,3
2011-07-11,1.312066827043,0.070000000000,EFFR,2011-07-11,1
2011-07-12,1.312069378284,0.060000000000,EFFR,2011-07-12,1
2011-07-13,1.312071565067,0.060000000000,EFFR,2011-07-13,1
2011-07-14,1.312073751853,0.060000000000,EFFR,2011-07-14,1
2011-07-15,1.312075938642,0.060000000000,EFFR,2011-07-15,3
2011-07-18,1.312082499022,0.060000000000,EFFR,2011-07-18,1
2011-07-19,1.312084685826,0.060000000000,EFFR,2011-07-19,1
2011-07-20,1.312086872634,0.060000000000,EFFR,2011-07-20,1
2011-07-21,1.312089059445,0.060000000000,EFFR,2011-07-21,1
2011-07-22,1.312091246260,0.060000000000,EFFR,2011-07-22,3
2011-07-25,1.312097806717,0.060000000000,EFFR,2011-07-25,1
2011-07-26,1.312099993546,0.060000000000,EFFR,2011-07-26,1
2011-07-27,1.312102180380,0.070000000000,EFFR,2011-07-27,1
2011-07-28,1.312104731689,0.080000000000,EFFR,2011-07-28,1
2011-07-29,1.312107647478,0.110000000000,EFFR,2011-07-29,3
2011-08-01,1.312119675131,0.170000000000,EFFR,2011-08-01,1
2011-08-02,1.312125871252,0.160000000000,EFFR,2011-08-02,1
2011-08-03,1.312131702922,0.120000000000,EFFR,2011-08-03,1
2011-08-04,1.312136076695,0.090000000000,EFFR,2011-08-04,1
2011-08-05,1.312139357035,0.080000000000,EFFR,2011-08-05,3
2011-08-08,1.312148104631,0.110000000000,EFFR,2011-08-08,1
2011-08-09,1.312152113972,0.100000000000,EFFR,2011-08-09,1
2011-08-10,1.312155758839,0.100000000000,EFFR,2011-08-10,1
2011-08-11,1.312159403716,0.090000000000,EFFR,2011-08-11,1
2011-08-12,1.312162684115,0.100000000000,EFFR,2011-08-12,3
2011-08-15,1.312173618804,0.100000000000,EFFR,2011-08-15,1
2011-08-16,1.312177263730,0.090000000000,EFFR,2011-08-16,1
2011-08-17,1.312180544174,0.090000000000,EFFR,2011-08-17,1
2011-08-18,1.312183824625,0.090000000000,EFFR,2011-08-18,1
2011-08-19,1.312187105085,0.090000000000,EFFR,2011-08-19,3
2011-08-22,1.312196946488,0.090000000000,EFFR,2011-08-22,1
2011-08-23,1.312200226980,0.080000000000,EFFR,2011-08-23,1
2011-08-24,1.312203142981,0.080000000000,EFFR,2011-08-24,1
2011-08-25,1.312206058988,0.080000000000,EFFR,2011-08-25,1
2011-08-26,1.312208975001,0.090000000000,EFFR,2011-08-26,3
2011-08-29,1.312218816568,0.090000000000,EFFR,2011-08-29,1
2011-08-30,1.312222097116,0.080000000000,EFFR,2011-08-30,1
2011-08-31,1.312225013165,0.080000000000,EFFR,2011-08-31,1
2011-09-01,1.312227929220,0.080000000000,EFFR,2011-09-01,1
2011-09-02,1.312230845282,0.080000000000,EFFR,2011-09-02,4
2011-09-06,1.312242509556,0.090000000000,EFFR,2011-09-06,1
2011-09-07,1.312245790163,0.090000000000,EFFR,2011-09-07,1
2011-09-08,1.312249070777,0.090000000000,EFFR,2011-09-08,1
2011-09-09,1.312252351400,0.090000000000,EFFR,2011-09-09,3
2011-09-12,1.312262193292,0.090000000000,EFFR,2011-09-12,1
2011-09-13,1.312265473948,0.090000000000,EFFR,2011-09-13,1
2011-09-14,1.312268754612,0.080000000000,EFFR,2011-09-14,1
2011-09-15,1.312271670764,0.090000000000,EFFR,2011-09-15,1
2011-09-16,1.312274951444,0.090000000000,EFFR,2011-09-16,3
2011-09-19,1.312284793506,0.090000000000,EFFR,2011-09-19,1
2011-09-20,1.312288074218,0.090000000000,EFFR,2011-09-20,1
2011-09-21,1.312291354938,0.080000000000,EFFR,2011-09-21,1
2011-09-22,1.312294271141,0.080000000000,EFFR,2011-09-22,1
2011-09-23,1.312297187350,0.080000000000,EFFR,2011-09-23,3
2011-09-26,1.312305935998,0.080000000000,EFFR,2011-09-26,1
2011-09-27,1.312308852234,0.080000000000,EFFR,2011-09-27,1
2011-09-28,1.312311768476,0.080000000000,EFFR,2011-09-28,1
2011-09-29,1.312314684724,0.080000000000,EFFR,2011-09-29,1
2011-09-30,1.312317600979,0.060000000000,EFFR,2011-09-30,3
2011-10-03,1.312324162567,0.080000000000,EFFR,2011-10-03,1
2011-10-04,1.312327078843,0.070000000000,EFFR,2011-10-04,1
2011-10-05,1.312329630590,0.070000000000,EFFR,2011-10-05,1
2011-10-06,1.312332182342,0.070000000000,EFFR,2011-10-06,1
2011-10-07,1.312334734099,0.070000000000,EFFR,2011-10-07,4
2011-10-11,1.312344941147,0.070000000000,EFFR,2011-10-11,1
2011-10-12,1.312347492929,0.070000000000,EFFR,2011-10-12,1
2011-10-13,1.312350044716,0.070000000000,EFFR,2011-10-13,1
2011-10-14,1.312352596507,0.070000000000,EFFR,2011-10-14,3
2011-10-17,1.312360251897,0.070000000000,EFFR,2011-10-17,1
2011-10-18,1.312362803709,0.070000000000,EFFR,2011-10-18,1
2011-10-19,1.312365355526,0.070000000000,EFFR,2011-10-19,1
2011-10-20,1.312367907347,0.070000000000,EFFR,2011-10-20,1
2011-10-21,1.312370459174,0.070000000000,EFFR,2011-10-21,3
2011-10-24,1.312378114668,0.070000000000,EFFR,2011-10-24,1
2011-10-25,1.312380666514,0.070000000000,EFFR,2011-10-25,1
2011-10-26,1.312383218366,0.080000000000,EFFR,2011-10-26,1
2011-10-27,1.312386134773,0.070000000000,EFFR,2011-10-27,1
2011-10-28,1.312388686635,0.070000000000,EFFR,2011-10-28,3
2011-10-31,1.312396342235,0.090000000000,EFFR,2011-10-31,1
2011-11-01,1.312399623226,0.080000000000,EFFR,2011-11-01,1
2011-11-02,1.312402539670,0.080000000000,EFFR,2011-11-02,1
2011-11-03,1.312405456120,0.090000000000,EFFR,2011-11-03,1
2011-11-04,1.312408737134,0.080000000000,EFFR,2011-11-04,3
2011-11-07,1.312417486525,0.080000000000,EFFR,2011-11-07,1
2011-11-08,1.312420403008,0.080000000000,EFFR,2011-11-08,1
2011-11-09,1.312423319498,0.080000000000,EFFR,2011-11-09,1
2011-11-10,1.312426235994,0.080000000000,EFFR,2011-11-10,4
2011-11-14,1.312437902005,0.080000000000,EFFR,2011-11-14,1
2011-11-15,1.312440818534,0.090000000000,EFFR,2011-11-15,1
2011-11-16,1.312444099636,0.080000000000,EFFR,2011-11-16,1
2011-11-17,1.312447016179,0.080000000000,EFFR,2011-11-17,1
2011-11-18,1.312449932728,0.080000000000,EFFR,2011-11-18,3
2011-11-21,1.312458682394,0.080000000000,EFFR,2011-11-21,1
2011-11-22,1.312461598969,0.080000000000,EFFR,2011-11-22,1
2011-11-23,1.312464515550,0.090000000000,EFFR,2011-11-23,2
2011-11-25,1.312471077873,0.070000000000,EFFR,2011-11-25,3
2011-11-28,1.312478733954,0.080000000000,EFFR,2011-11-28,1
2011-11-29,1.312481650573,0.080000000000,EFFR,2011-11-29,1
2011-11-30,1.312484567199,0.100000000000,EFFR,2011-11-30,1
2011-12-01,1.312488212990,0.080000000000,EFFR,2011-12-01,1
2011-12-02,1.312491129630,0.080000000000,EFFR,2011-12-02,3
2011-12-05,1.312499879571,0.080000000000,EFFR,2011-12-05,1
2011-12-06,1.312502796237,0.080000000000,EFFR,2011-12-06,1
2011-12-07,1.312505712910,0.080000000000,EFFR,2011-12-07,1
2011-12-08,1.312508629590,0.070000000000,EFFR,2011-12-08,1
2011-12-09,1.312511181690,0.070000000000,EFFR,2011-12-09,3
2011-12-12,1.312518838005,0.070000000000,EFFR,2011-12-12,1
2011-12-13,1.312521390125,0.070000000000,EFFR,2011-12-13,1
2011-12-14,1.312523942250,0.070000000000,EFFR,2011-12-14,1
2011-12-15,1.312526494380,0.070000000000,EFFR,2011-12-15,1
2011-12-16,1.312529046515,0.070000000000,EFFR,2011-12-16,3
2011-12-19,1.312536702934,0.070000000000,EFFR,2011-12-19,1
2011-12-20,1.312539255089,0.070000000000,EFFR,2011-12-20,1
2011-12-21,1.312541807248,0.070000000000,EFFR,2011-12-21,1
2011-12-22,1.312544359413,0.070000000000,EFFR,2011-12-22,1
2011-12-23,1.312546911583,0.080000000000,EFFR,2011-12-23,4
2011-12-27,1.312558578666,0.070000000000,EFFR,2011-12-27,1
2011-12-28,1.312561130863,0.070000000000,EFFR,2011-12-28,1
2011-12-29,1.312563683066,0.070000000000,EFFR,2011-12-29,1
2011-12-30,1.312566235273,0.040000000000,EFFR,2011-12-30,4
2012-01-03,1.312572068900,0.070000000000,EFFR,2012-01-03,1
2012-01-04,1.312574621124,0.070000000000,EFFR,2012-01-04,1
2012-01-05,1.312577173352,0.070000000000,EFFR,2012-01-05,1
2012-01-06,1.312579725586,0.070000000000,EFFR,2012-01-06,3
2012-01-09,1.312587382301,0.080000000000,EFFR,2012-01-09,1
2012-01-10,1.312590299162,0.080000000000,EFFR,2012-01-10,1
2012-01-11,1.312593216029,0.080000000000,EFFR,2012-01-11,1
2012-01-12,1.312596132903,0.080000000000,EFFR,2012-01-12,1
2012-01-13,1.312599049783,0.090000000000,EFFR,2012-01-13,4
2012-01-17,1.312612175774,0.090000000000,EFFR,2012-01-17,1
2012-01-18,1.312615457304,0.090000000000,EFFR,2012-01-18,1
2012-01-19,1.312618738843,0.100000000000,EFFR,2012-01-19,1
2012-01-20,1.312622385006,0.090000000000,EFFR,2012-01-20,3
2012-01-23,1.312632229674,0.090000000000,EFFR,2012-01-23,1
2012-01-24,1.312635511254,0.090000000000,EFFR,2012-01-24,1
2012-01-25,1.312638792843,0.080000000000,EFFR,2012-01-25,1
2012-01-26,1.312641709818,0.080000000000,EFFR,2012-01-26,1
2012-01-27,1.312644626800,0.090000000000,EFFR,2012-01-27,3
2012-01-30,1.312654471634,0.090000000000,EFFR,2012-01-30,1
2012-01-31,1.312657753271,0.110000000000,EFFR,2012-01-31,1
2012-02-01,1.312661764169,0.110000000000,EFFR,2012-02-01,1
2012-02-02,1.312665775080,0.110000000000,EFFR,2012-02-02,1
2012-02-03,1.312669786004,0.110000000000,EFFR,2012-02-03,3
2012-02-06,1.312681818810,0.110000000000,EFFR,2012-02-06,1
2012-02-07,1.312685829782,0.110000000000,EFFR,2012-02-07,1
2012-02-08,1.312689840767,0.110000000000,EFFR,2012-02-08,1
2012-02-09,1.312693851763,0.110000000000,EFFR,2012-02-09,1
2012-02-10,1.312697862772,0.120000000000,EFFR,2012-02-10,3
2012-02-13,1.312710989751,0.120000000000,EFFR,2012-02-13,1
2012-02-14,1.312715365454,0.120000000000,EFFR,2012-02-14,1
2012-02-15,1.312719741172,0.120000000000,EFFR,2012-02-15,1
2012-02-16,1.312724116905,0.110000000000,EFFR,2012-02-16,1
2012-02-17,1.312728128006,0.090000000000,EFFR,2012-02-17,4
2012-02-21,1.312741255287,0.100000000000,EFFR,2012-02-21,1
2012-02-22,1.312744901791,0.080000000000,EFFR,2012-02-22,1
2012-02-23,1.312747819002,0.080000000000,EFFR,2012-02-23,1
2012-02-24,1.312750736219,0.090000000000,EFFR,2012-02-24,3
2012-02-27,1.312760581850,0.100000000000,EFFR,2012-02-27,1
2012-02-28,1.312764228407,0.100000000000,EFFR,2012-02-28,1
2012-02-29,1.312767874974,0.100000000000,EFFR,2012-02-29,1
2012-03-01,1.312771521552,0.110000000000,EFFR,2012-03-01,1
2012-03-02,1.312775532798,0.110000000000,EFFR,2012-03-02,3
2012-03-05,1.312787566574,0.110000000000,EFFR,2012-03-05,1
2012-03-06,1.312791577869,0.110000000000,EFFR,2012-03-06,1
2012-03-07,1.312795589177,0.110000000000,EFFR,2012-03-07,1
2012-03-08,1.312799600496,0.110000000000,EFFR,2012-03-08,1
2012-03-09,1.312803611828,0.120000000000,EFFR,2012-03-09,3
2012-03-12,1.312816739865,0.120000000000,EFFR,2012-03-12,1
2012-03-13,1.312821115920,0.120000000000,EFFR,2012-03-13,1
2012-03-14,1.312825491991,0.130000000000,EFFR,2012-03-14,1
2012-03-15,1.312830232749,0.140000000000,EFFR,2012-03-15,1
2012-03-16,1.312835338200,0.150000000000,EFFR,2012-03-16,3
2012-03-19,1.312851748642,0.150000000000,EFFR,2012-03-19,1
2012-03-20,1.312857218858,0.150000000000,EFFR,2012-03-20,1
2012-03-21,1.312862689096,0.150000000000,EFFR,2012-03-21,1
2012-03-22,1.312868159357,0.140000000000,EFFR,2012-03-22,1
2012-03-23,1.312873264956,0.140000000000,EFFR,2012-03-23,3
2012-03-26,1.312888581811,0.140000000000,EFFR,2012-03-26,1
2012-03-27,1.312893687488,0.140000000000,EFFR,2012-03-27,1
2012-03-28,1.312898793186,0.130000000000,EFFR,2012-03-28,1
2012-03-29,1.312903534209,0.130000000000,EFFR,2012-03-29,1
2012-03-30,1.312908275250,0.090000000000,EFFR,2012-03-30,3
2012-04-02,1.312918122062,0.150000000000,EFFR,2012-04-02,1
2012-04-03,1.312923592554,0.150000000000,EFFR,2012-04-03,1
2012-04-04,1.312929063069,0.150000000000,EFFR,2012-04-04,1
2012-04-05,1.312934533607,0.150000000000,EFFR,2012-04-05,1
2012-04-06,1.312940004167,0.120000000000,EFFR,2012-04-06,3
2012-04-09,1.312953133568,0.160000000000,EFFR,2012-04-09,1
2012-04-10,1.312958968915,0.150000000000,EFFR,2012-04-10,1
2012-04-11,1.312964439577,0.160000000000,EFFR,2012-04-11,1
2012-04-12,1.312970274975,0.150000000000,EFFR,2012-04-12,1
2012-04-13,1.312975745684,0.150000000000,EFFR,2012-04-13,3
2012-04-16,1.312992157881,0.150000000000,EFFR,2012-04-16,1
2012-04-17,1.312997628682,0.160000000000,EFFR,2012-04-17,1
2012-04-18,1.313003464227,0.150000000000,EFFR,2012-04-18,1
2012-04-19,1.313008935074,0.130000000000,EFFR,2012-04-19,1
2012-04-20,1.313013676496,0.120000000000,EFFR,2012-04-20,3
2012-04-23,1.313026806632,0.130000000000,EFFR,2012-04-23,1
2012-04-24,1.313031548118,0.140000000000,EFFR,2012-04-24,1
2012-04-25,1.313036654352,0.150000000000,EFFR,2012-04-25,1
2012-04-26,1.313042125338,0.140000000000,EFFR,2012-04-26,1
2012-04-27,1.313047231613,0.130000000000,EFFR,2012-04-27,3
2012-04-30,1.313061456291,0.160000000000,EFFR,2012-04-30,1
2012-05-01,1.313067292120,0.160000000000,EFFR,2012-05-01,1
2012-05-02,1.313073127974,0.150000000000,EFFR,2012-05-02,1
2012-05-03,1.313078599113,0.150000000000,EFFR,2012-05-03,1
2012-05-04,1.313084070273,0.160000000000,EFFR,2012-05-04,3
2012-05-07,1.313101578061,0.160000000000,EFFR,2012-05-07,1
2012-05-08,1.313107414068,0.160000000000,EFFR,2012-05-08,1
2012-05-09,1.313113250101,0.150000000000,EFFR,2012-05-09,1
2012-05-10,1.313118721406,0.150000000000,EFFR,2012-05-10,1
2012-05-11,1.313124192734,0.150000000000,EFFR,2012-05-11,3
2012-05-14,1.313140606787,0.160000000000,EFFR,2012-05-14,1
2012-05-15,1.313146442967,0.160000000000,EFFR,2012-05-15,1
2012-05-16,1.313152279173,0.160000000000,EFFR,2012-05-16,1
2012-05-17,1.313158115406,0.160000000000,EFFR,2012-05-17,1
2012-05-18,1.313163951664,0.160000000000,EFFR,2012-05-18,3
2012-05-21,1.313181460517,0.160000000000,EFFR,2012-05-21,1
2012-05-22,1.313187296879,0.160000000000,EFFR,2012-05-22,1
2012-05-23,1.313193133267,0.150000000000,EFFR,2012-05-23,1
2012-05-24,1.313198604905,0.150000000000,EFFR,2012-05-24,1
2012-05-25,1.313204076566,0.150000000000,EFFR,2012-05-25,4
2012-05-29,1.313225963300,0.160000000000,EFFR,2012-05-29,1
2012-05-30,1.313231799860,0.160000000000,EFFR,2012-05-30,1
2012-05-31,1.313237636446,0.160000000000,EFFR,2012-05-31,1
2012-06-01,1.313243473058,0.160000000000,EFFR,2012-06-01,3
2012-06-04,1.313260982971,0.170000000000,EFFR,2012-06-04,1
2012-06-05,1.313267184481,0.170000000000,EFFR,2012-06-05,1
2012-06-06,1.313273386020,0.160000000000,EFFR,2012-06-06,1
2012-06-07,1.313279222791,0.160000000000,EFFR,2012-06-07,1
2012-06-08,1.313285059587,0.170000000000,EFFR,2012-06-08,3
2012-06-11,1.313303664459,0.170000000000,EFFR,2012-06-11,1
2012-06-12,1.313309866171,0.160000000000,EFFR,2012-06-12,1
2012-06-13,1.313315703104,0.170000000000,EFFR,2012-06-13,1
2012-06-14,1.313321904872,0.170000000000,EFFR,2012-06-14,1
2012-06-15,1.313328106670,0.180000000000,EFFR,2012-06-15,3
2012-06-18,1.313347806592,0.170000000000,EFFR,2012-06-18,1
2012-06-19,1.313354008512,0.170000000000,EFFR,2012-06-19,1
2012-06-20,1.313360210461,0.160000000000,EFFR,2012-06-20,1
2012-06-21,1.313366047618,0.170000000000,EFFR,2012-06-21,1
2012-06-22,1.313372249624,0.170000000000,EFFR,2012-06-22,3
2012-06-25,1.313390855731,0.170000000000,EFFR,2012-06-25,1
2012-06-26,1.313397057855,0.160000000000,EFFR,2012-06-26,1
2012-06-27,1.313402895175,0.150000000000,EFFR,2012-06-27,1
2012-06-28,1.313408367687,0.150000000000,EFFR,2012-06-28,1
2012-06-29,1.313413840222,0.090000000000,EFFR,2012-06-29,3
2012-07-02,1.313423690826,0.180000000000,EFFR,2012-07-02,1
2012-07-03,1.313430257944,0.170000000000,EFFR,2012-07-03,2
2012-07-05,1.313442662563,0.170000000000,EFFR,2012-07-05,1
2012-07-06,1.313448864931,0.170000000000,EFFR,2012-07-06,3
2012-07-09,1.313467472123,0.170000000000,EFFR,2012-07-09,1
2012-07-10,1.313473674609,0.170000000000,EFFR,2012-07-10,1
2012-07-11,1.313479877123,0.170000000000,EFFR,2012-07-11,1
2012-07-12,1.313486079667,0.180000000000,EFFR,2012-07-12,1
2012-07-13,1.313492647098,0.190000000000,EFFR,2012-07-13,3
2012-07-16,1.313513444065,0.180000000000,EFFR,2012-07-16,1
2012-07-17,1.313520011632,0.170000000000,EFFR,2012-07-17,1
2012-07-18,1.313526214365,0.160000000000,EFFR,2012-07-18,1
2012-07-19,1.313532052259,0.130000000000,EFFR,2012-07-19,1
2012-07-20,1.313536795570,0.130000000000,EFFR,2012-07-20,3
2012-07-23,1.313551025552,0.140000000000,EFFR,2012-07-23,1
2012-07-24,1.313556133806,0.150000000000,EFFR,2012-07-24,1
2012-07-25,1.313561606956,0.150000000000,EFFR,2012-07-25,1
2012-07-26,1.313567080129,0.140000000000,EFFR,2012-07-26,1
2012-07-27,1.313572188446,0.140000000000,EFFR,2012-07-27,3
2012-07-30,1.313587513455,0.140000000000,EFFR,2012-07-30,1
2012-07-31,1.313592621851,0.130000000000,EFFR,2012-07-31,1
2012-08-01,1.313597365380,0.140000000000,EFFR,2012-08-01,1
2012-08-02,1.313602473814,0.140000000000,EFFR,2012-08-02,1
2012-08-03,1.313607582268,0.140000000000,EFFR,2012-08-03,3
2012-08-06,1.313622907690,0.140000000000,EFFR,2012-08-06,1
2012-08-07,1.313628016223,0.130000000000,EFFR,2012-08-07,1
2012-08-08,1.313632759880,0.130000000000,EFFR,2012-08-08,1
2012-08-09,1.313637503554,0.130000000000,EFFR,2012-08-09,1
2012-08-10,1.313642247245,0.130000000000,EFFR,2012-08-10,3
2012-08-13,1.313656478369,0.130000000000,EFFR,2012-08-13,1
2012-08-14,1.313661222129,0.130000000000,EFFR,2012-08-14,1
2012-08-15,1.313665965905,0.130000000000,EFFR,2012-08-15,1
2012-08-16,1.313670709699,0.130000000000,EFFR,2012-08-16,1
2012-08-17,1.313675453510,0.130000000000,EFFR,2012-08-17,3
2012-08-20,1.313689684994,0.130000000000,EFFR,2012-08-20,1
2012-08-21,1.313694428873,0.130000000000,EFFR,2012-08-21,1
2012-08-22,1.313699172770,0.130000000000,EFFR,2012-08-22,1
2012-08-23,1.313703916684,0.130000000000,EFFR,2012-08-23,1
2012-08-24,1.313708660614,0.130000000000,EFFR,2012-08-24,3
2012-08-27,1.313722892458,0.130000000000,EFFR,2012-08-27,1
2012-08-28,1.313727636458,0.130000000000,EFFR,2012-08-28,1
2012-08-29,1.313732380474,0.130000000000,EFFR,2012-08-29,1
2012-08-30,1.313737124508,0.140000000000,EFFR,2012-08-30,1
2012-08-31,1.313742233485,0.130000000000,EFFR,2012-08-31,4
2012-09-04,1.313761209762,0.140000000000,EFFR,2012-09-04,1
2012-09-05,1.313766318833,0.160000000000,EFFR,2012-09-05,1
2012-09-06,1.313772157795,0.160000000000,EFFR,2012-09-06,1
2012-09-07,1.313777996782,0.150000000000,EFFR,2012-09-07,3
2012-09-10,1.313794419007,0.150000000000,EFFR,2012-09-10,1
2012-09-11,1.313799893151,0.150000000000,EFFR,2012-09-11,1
2012-09-12,1.313805367317,0.150000000000,EFFR,2012-09-12,1
2012-09-13,1.313810841506,0.150000000000,EFFR,2012-09-13,1
2012-09-14,1.313816315718,0.160000000000,EFFR,2012-09-14,3
2012-09-17,1.313833833269,0.160000000000,EFFR,2012-09-17,1
2012-09-18,1.313839672530,0.160000000000,EFFR,2012-09-18,1
2012-09-19,1.313845511817,0.150000000000,EFFR,2012-09-19,1
2012-09-20,1.313850986174,0.160000000000,EFFR,2012-09-20,1
2012-09-21,1.313856825511,0.150000000000,EFFR,2012-09-21,3
2012-09-24,1.313873248722,0.160000000000,EFFR,2012-09-24,1
2012-09-25,1.313879088158,0.150000000000,EFFR,2012-09-25,1
2012-09-26,1.313884562655,0.150000000000,EFFR,2012-09-26,1
2012-09-27,1.313890037174,0.140000000000,EFFR,2012-09-27,1
2012-09-28,1.313895146746,0.090000000000,EFFR,2012-09-28,3
2012-10-01,1.313905000960,0.150000000000,EFFR,2012-10-01,1
2012-10-02,1.313910475564,0.160000000000,EFFR,2012-10-02,1
2012-10-03,1.313916315166,0.160000000000,EFFR,2012-10-03,1
2012-10-04,1.313922154794,0.150000000000,EFFR,2012-10-04,1
2012-10-05,1.313927629470,0.150000000000,EFFR,2012-10-05,4
2012-10-09,1.313949528263,0.160000000000,EFFR,2012-10-09,1
2012-10-10,1.313955368039,0.160000000000,EFFR,2012-10-10,1
2012-10-11,1.313961207841,0.160000000000,EFFR,2012-10-11,1
2012-10-12,1.313967047668,0.160000000000,EFFR,2012-10-12,3
2012-10-15,1.313984567229,0.160000000000,EFFR,2012-10-15,1
2012-10-16,1.313990407160,0.160000000000,EFFR,2012-10-16,1
2012-10-17,1.313996247118,0.150000000000,EFFR,2012-10-17,1
2012-10-18,1.314001722102,0.150000000000,EFFR,2012-10-18,1
2012-10-19,1.314007197109,0.160000000000,EFFR,2012-10-19,3
2012-10-22,1.314024717205,0.150000000000,EFFR,2012-10-22,1
2012-10-23,1.314030192308,0.150000000000,EFFR,2012-10-23,1
2012-10-24,1.314035667434,0.170000000000,EFFR,2012-10-24,1
2012-10-25,1.314041872602,0.160000000000,EFFR,2012-10-25,1
2012-10-26,1.314047712789,0.160000000000,EFFR,2012-10-26,3
2012-10-29,1.314065233425,0.170000000000,EFFR,2012-10-29,1
2012-10-30,1.314071438733,0.170000000000,EFFR,2012-10-30,1
2012-10-31,1.314077644070,0.180000000000,EFFR,2012-10-31,1
2012-11-01,1.314084214458,0.170000000000,EFFR,2012-11-01,1
2012-11-02,1.314090419856,0.160000000000,EFFR,2012-11-02,3
2012-11-05,1.314107941062,0.170000000000,EFFR,2012-11-05,1
2012-11-06,1.314114146571,0.160000000000,EFFR,2012-11-06,1
2012-11-07,1.314119987079,0.160000000000,EFFR,2012-11-07,1
2012-11-08,1.314125827612,0.160000000000,EFFR,2012-11-08,1
2012-11-09,1.314131668171,0.160000000000,EFFR,2012-11-09,4
2012-11-13,1.314155030512,0.160000000000,EFFR,2012-11-13,1
2012-11-14,1.314160871201,0.160000000000,EFFR,2012-11-14,1
2012-11-15,1.314166711916,0.160000000000,EFFR,2012-11-15,1
2012-11-16,1.314172552657,0.160000000000,EFFR,2012-11-16,3
2012-11-19,1.314190074958,0.160000000000,EFFR,2012-11-19,1
2012-11-20,1.314195915802,0.160000000000,EFFR,2012-11-20,1
2012-11-21,1.314201756673,0.160000000000,EFFR,2012-11-21,2
2012-11-23,1.314213438467,0.160000000000,EFFR,2012-11-23,3
2012-11-26,1.314230961312,0.160000000000,EFFR,2012-11-26,1
2012-11-27,1.314236802339,0.160000000000,EFFR,2012-11-27,1
2012-11-28,1.314242643391,0.160000000000,EFFR,2012-11-28,1
2012-11-29,1.314248484470,0.160000000000,EFFR,2012-11-29,1
2012-11-30,1.314254325574,0.160000000000,EFFR,2012-11-30,3
2012-12-03,1.314271848965,0.160000000000,EFFR,2012-12-03,1
2012-12-04,1.314277690173,0.170000000000,EFFR,2012-12-04,1
2012-12-05,1.314283896485,0.160000000000,EFFR,2012-12-05,1
2012-12-06,1.314289737746,0.160000000000,EFFR,2012-12-06,1
2012-12-07,1.314295579034,0.160000000000,EFFR,2012-12-07,3
2012-12-10,1.314313102975,0.160000000000,EFFR,2012-12-10,1
2012-12-11,1.314318944367,0.170000000000,EFFR,2012-12-11,1
2012-12-12,1.314325150873,0.170000000000,EFFR,2012-12-12,1
2012-12-13,1.314331357408,0.160000000000,EFFR,2012-12-13,1
2012-12-14,1.314337198881,0.170000000000,EFFR,2012-12-14,3
2012-12-17,1.314355818658,0.160000000000,EFFR,2012-12-17,1
2012-12-18,1.314361660239,0.170000000000,EFFR,2012-12-18,1
2012-12-19,1.314367866947,0.170000000000,EFFR,2012-12-19,1
2012-12-20,1.314374073684,0.170000000000,EFFR,2012-12-20,1
2012-12-21,1.314380280451,0.170000000000,EFFR,2012-12-21,3
2012-12-24,1.314398900838,0.180000000000,EFFR,2012-12-24,2
2012-12-26,1.314412044827,0.170000000000,EFFR,2012-12-26,1
2012-12-27,1.314418251773,0.170000000000,EFFR,2012-12-27,1
2012-12-28,1.314424458748,0.170000000000,EFFR,2012-12-28,3
2012-12-31,1.314443079761,0.090000000000,EFFR,2012-12-31,2
2013-01-02,1.314449651977,0.170000000000,EFFR,2013-01-02,1
2013-01-03,1.314455859100,0.170000000000,EFFR,2013-01-03,1
2013-01-04,1.314462066253,0.160000000000,EFFR,2013-01-04,3
2013-01-07,1.314479592413,0.160000000000,EFFR,2013-01-07,1
2013-01-08,1.314485434545,0.150000000000,EFFR,2013-01-08,1
2013-01-09,1.314490911568,0.140000000000,EFFR,2013-01-09,1
2013-01-10,1.314496023477,0.140000000000,EFFR,2013-01-10,1
2013-01-11,1.314501135406,0.140000000000,EFFR,2013-01-11,3
2013-01-14,1.314516471252,0.140000000000,EFFR,2013-01-14,1
2013-01-15,1.314521583261,0.150000000000,EFFR,2013-01-15,1
2013-01-16,1.314527060434,0.140000000000,EFFR,2013-01-16,1
2013-01-17,1.314532172484,0.140000000000,EFFR,2013-01-17,1
2013-01-18,1.314537284553,0.140000000000,EFFR,2013-01-18,4
2013-01-22,1.314557732911,0.140000000000,EFFR,2013-01-22,1
2013-01-23,1.314562845080,0.130000000000,EFFR,2013-01-23,1
2013-01-24,1.314567592113,0.150000000000,EFFR,2013-01-24,1
2013-01-25,1.314573069477,0.140000000000,EFFR,2013-01-25,3
2013-01-28,1.314588406163,0.140000000000,EFFR,2013-01-28,1
2013-01-29,1.314593518452,0.120000000000,EFFR,2013-01-29,1
2013-01-30,1.314597900430,0.120000000000,EFFR,2013-01-30,1
2013-01-31,1.314602282423,0.150000000000,EFFR,2013-01-31,1
2013-02-01,1.314607759932,0.140000000000,EFFR,2013-02-01,3
2013-02-04,1.314623097023,0.130000000000,EFFR,2013-02-04,1
2013-02-05,1.314627844273,0.130000000000,EFFR,2013-02-05,1
2013-02-06,1.314632591540,0.130000000000,EFFR,2013-02-06,1
2013-02-07,1.314637338825,0.130000000000,EFFR,2013-02-07,1
2013-02-08,1.314642086126,0.140000000000,EFFR,2013-02-08,3
2013-02-11,1.314657423617,0.140000000000,EFFR,2013-02-11,1
2013-02-12,1.314662536174,0.130000000000,EFFR,2013-02-12,1
2013-02-13,1.314667283566,0.140000000000,EFFR,2013-02-13,1
2013-02-14,1.314672396161,0.140000000000,EFFR,2013-02-14,1
2013-02-15,1.314677508776,0.160000000000,EFFR,2013-02-15,4
2013-02-19,1.314700880821,0.150000000000,EFFR,2013-02-19,1
2013-02-20,1.314706358741,0.150000000000,EFFR,2013-02-20,1
2013-02-21,1.314711836684,0.160000000000,EFFR,2013-02-21,1
2013-02-22,1.314717679848,0.160000000000,EFFR,2013-02-22,3
2013-02-25,1.314735209417,0.150000000000,EFFR,2013-02-25,1
2013-02-26,1.314740687480,0.140000000000,EFFR,2013-02-26,1
2013-02-27,1.314745800361,0.140000000000,EFFR,2013-02-27,1
2013-02-28,1.314750913261,0.140000000000,EFFR,2013-02-28,1
2013-03-01,1.314756026181,0.140000000000,EFFR,2013-03-01,3
2013-03-04,1.314771365002,0.160000000000,EFFR,2013-03-04,1
2013-03-05,1.314777208430,0.150000000000,EFFR,2013-03-05,1
2013-03-06,1.314782686668,0.150000000000,EFFR,2013-03-06,1
2013-03-07,1.314788164930,0.160000000000,EFFR,2013-03-07,1
2013-03-08,1.314794008433,0.150000000000,EFFR,2013-03-08,3
2013-03-11,1.314810443358,0.160000000000,EFFR,2013-03-11,1
2013-03-12,1.314816286960,0.150000000000,EFFR,2013-03-12,1
2013-03-13,1.314821765361,0.140000000000,EFFR,2013-03-13,1
2013-03-14,1.314826878557,0.150000000000,EFFR,2013-03-14,1
2013-03-15,1.314832357002,0.160000000000,EFFR,2013-03-15,3
2013-03-18,1.314849888100,0.160000000000,EFFR,2013-03-18,1
2013-03-19,1.314855731877,0.150000000000,EFFR,2013-03-19,1
2013-03-20,1.314861210443,0.150000000000,EFFR,2013-03-20,1
2013-03-21,1.314866689031,0.160000000000,EFFR,2013-03-21,1
2013-03-22,1.314872532883,0.150000000000,EFFR,2013-03-22,3
2013-03-25,1.314888968790,0.150000000000,EFFR,2013-03-25,1
2013-03-26,1.314894447494,0.140000000000,EFFR,2013-03-26,1
2013-03-27,1.314899560972,0.120000000000,EFFR,2013-03-27,1
2013-03-28,1.314903943971,0.130000000000,EFFR,2013-03-28,1
2013-03-29,1.314908692235,0.090000000000,EFFR,2013-03-29,3
2013-04-01,1.314918554050,0.160000000000,EFFR,2013-04-01,1
2013-04-02,1.314924398133,0.150000000000,EFFR,2013-04-02,1
2013-04-03,1.314929876984,0.140000000000,EFFR,2013-04-03,1
2013-04-04,1.314934990601,0.140000000000,EFFR,2013-04-04,1
2013-04-05,1.314940104237,0.150000000000,EFFR,2013-04-05,3
2013-04-08,1.314956540988,0.150000000000,EFFR,2013-04-08,1
2013-04-09,1.314962019973,0.150000000000,EFFR,2013-04-09,1
2013-04-10,1.314967498982,0.150000000000,EFFR,2013-04-10,1
2013-04-11,1.314972978013,0.150000000000,EFFR,2013-04-11,1
2013-04-12,1.314978457067,0.150000000000,EFFR,2013-04-12,3
2013-04-15,1.314994894298,0.150000000000,EFFR,2013-04-15,1
2013-04-16,1.315000373443,0.150000000000,EFFR,2013-04-16,1
2013-04-17,1.315005852612,0.150000000000,EFFR,2013-04-17,1
2013-04-18,1.315011331803,0.150000000000,EFFR,2013-04-18,1
2013-04-19,1.315016811016,0.150000000000,EFFR,2013-04-19,3
2013-04-22,1.315033248727,0.150000000000,EFFR,2013-04-22,1
2013-04-23,1.315038728032,0.140000000000,EFFR,2013-04-23,1
2013-04-24,1.315043842071,0.130000000000,EFFR,2013-04-24,1
2013-04-25,1.315048590841,0.130000000000,EFFR,2013-04-25,1
2013-04-26,1.315053339627,0.130000000000,EFFR,2013-04-26,3
2013-04-29,1.315067586038,0.130000000000,EFFR,2013-04-29,1
2013-04-30,1.315072334894,0.140000000000,EFFR,2013-04-30,1
2013-05-01,1.315077449064,0.140000000000,EFFR,2013-05-01,1
2013-05-02,1.315082563254,0.150000000000,EFFR,2013-05-02,1
2013-05-03,1.315088042765,0.140000000000,EFFR,2013-05-03,3
2013-05-06,1.315103385458,0.140000000000,EFFR,2013-05-06,1
2013-05-07,1.315108499749,0.120000000000,EFFR,2013-05-07,1
2013-05-08,1.315112883444,0.120000000000,EFFR,2013-05-08,1
2013-05-09,1.315117267154,0.120000000000,EFFR,2013-05-09,1
2013-05-10,1.315121650878,0.120000000000,EFFR,2013-05-10,3
2013-05-13,1.315134802095,0.120000000000,EFFR,2013-05-13,1
2013-05-14,1.315139185877,0.110000000000,EFFR,2013-05-14,1
2013-05-15,1.315143204358,0.120000000000,EFFR,2013-05-15,1
2013-05-16,1.315147588169,0.110000000000,EFFR,2013-05-16,1
2013-05-17,1.315151606675,0.100000000000,EFFR,2013-05-17,3
2013-05-20,1.315162566272,0.100000000000,EFFR,2013-05-20,1
2013-05-21,1.315166219502,0.090000000000,EFFR,2013-05-21,1
2013-05-22,1.315169507417,0.080000000000,EFFR,2013-05-22,1
2013-05-23,1.315172430016,0.080000000000,EFFR,2013-05-23,1
2013-05-24,1.315175352621,0.090000000000,EFFR,2013-05-24,4
2013-05-28,1.315188504375,0.090000000000,EFFR,2013-05-28,1
2013-05-29,1.315191792346,0.080000000000,EFFR,2013-05-29,1
2013-05-30,1.315194714995,0.080000000000,EFFR,2013-05-30,1
2013-05-31,1.315197637650,0.090000000000,EFFR,2013-05-31,3
2013-06-03,1.315207501632,0.100000000000,EFFR,2013-06-03,1
2013-06-04,1.315211154986,0.110000000000,EFFR,2013-06-04,1
2013-06-05,1.315215173687,0.090000000000,EFFR,2013-06-05,1
2013-06-06,1.315218461725,0.100000000000,EFFR,2013-06-06,1
2013-06-07,1.315222115109,0.090000000000,EFFR,2013-06-07,3
2013-06-10,1.315231979275,0.090000000000,EFFR,2013-06-10,1
2013-06-11,1.315235267355,0.090000000000,EFFR,2013-06-11,1
2013-06-12,1.315238555443,0.080000000000,EFFR,2013-06-12,1
2013-06-13,1.315241478196,0.090000000000,EFFR,2013-06-13,1
2013-06-14,1.315244766299,0.100000000000,EFFR,2013-06-14,3
2013-06-17,1.315255726672,0.110000000000,EFFR,2013-06-17,1
2013-06-18,1.315259745509,0.120000000000,EFFR,2013-06-18,1
2013-06-19,1.315264129708,0.100000000000,EFFR,2013-06-19,1
2013-06-20,1.315267783220,0.100000000000,EFFR,2013-06-20,1
2013-06-21,1.315271436742,0.100000000000,EFFR,2013-06-21,3
2013-06-24,1.315282397337,0.100000000000,EFFR,2013-06-24,1
2013-06-25,1.315286050899,0.090000000000,EFFR,2013-06-25,1
2013-06-26,1.315289339114,0.090000000000,EFFR,2013-06-26,1
2013-06-27,1.315292627338,0.090000000000,EFFR,2013-06-27,1
2013-06-28,1.315295915569,0.070000000000,EFFR,2013-06-28,3
2013-07-01,1.315303588129,0.100000000000,EFFR,2013-07-01,1
2013-07-02,1.315307241750,0.100000000000,EFFR,2013-07-02,1
2013-07-03,1.315310895381,0.100000000000,EFFR,2013-07-03,2
2013-07-05,1.315318202664,0.100000000000,EFFR,2013-07-05,3
2013-07-08,1.315329163649,0.100000000000,EFFR,2013-07-08,1
2013-07-09,1.315332817341,0.100000000000,EFFR,2013-07-09,1
2013-07-10,1.315336471043,0.090000000000,EFFR,2013-07-10,1
2013-07-11,1.315339759384,0.090000000000,EFFR,2013-07-11,1
2013-07-12,1.315343047734,0.090000000000,EFFR,2013-07-12,3
2013-07-15,1.315352912807,0.090000000000,EFFR,2013-07-15,1
2013-07-16,1.315356201189,0.090000000000,EFFR,2013-07-16,1
2013-07-17,1.315359489579,0.090000000000,EFFR,2013-07-17,1
2013-07-18,1.315362777978,0.090000000000,EFFR,2013-07-18,1
2013-07-19,1.315366066385,0.090000000000,EFFR,2013-07-19,3
2013-07-22,1.315375931630,0.090000000000,EFFR,2013-07-22,1
2013-07-23,1.315379220070,0.090000000000,EFFR,2013-07-23,1
2013-07-24,1.315382508518,0.090000000000,EFFR,2013-07-24,1
2013-07-25,1.315385796975,0.090000000000,EFFR,2013-07-25,1
2013-07-26,1.315389085439,0.090000000000,EFFR,2013-07-26,3
2013-07-29,1.315398950857,0.080000000000,EFFR,2013-07-29,1
2013-07-30,1.315401873966,0.090000000000,EFFR,2013-07-30,1
2013-07-31,1.315405162471,0.090000000000,EFFR,2013-07-31,1
2013-08-01,1.315408450984,0.080000000000,EFFR,2013-08-01,1
2013-08-02,1.315411374114,0.090000000000,EFFR,2013-08-02,3
2013-08-05,1.315421239699,0.080000000000,EFFR,2013-08-05,1
2013-08-06,1.315424162857,0.090000000000,EFFR,2013-08-06,1
2013-08-07,1.315427451418,0.090000000000,EFFR,2013-08-07,1
2013-08-08,1.315430739986,0.090000000000,EFFR,2013-08-08,1
2013-08-09,1.315434028563,0.080000000000,EFFR,2013-08-09,3
2013-08-12,1.315442798123,0.080000000000,EFFR,2013-08-12,1
2013-08-13,1.315445721329,0.080000000000,EFFR,2013-08-13,1
2013-08-14,1.315448644542,0.090000000000,EFFR,2013-08-14,1
2013-08-15,1.315451933164,0.080000000000,EFFR,2013-08-15,1
2013-08-16,1.315454856390,0.090000000000,EFFR,2013-08-16,3
2013-08-19,1.315464722302,0.090000000000,EFFR,2013-08-19,1
2013-08-20,1.315468010963,0.090000000000,EFFR,2013-08-20,1
2013-08-21,1.315471299634,0.080000000000,EFFR,2013-08-21,1
2013-08-22,1.315474222903,0.090000000000,EFFR,2013-08-22,1
2013-08-23,1.315477511589,0.080000000000,EFFR,2013-08-23,3
2013-08-26,1.315486281439,0.080000000000,EFFR,2013-08-26,1
2013-08-27,1.315489204742,0.070000000000,EFFR,2013-08-27,1
2013-08-28,1.315491762637,0.070000000000,EFFR,2013-08-28,1
2013-08-29,1.315494320538,0.080000000000,EFFR,2013-08-29,1
2013-08-30,1.315497243859,0.070000000000,EFFR,2013-08-30,4
2013-09-03,1.315507475504,0.090000000000,EFFR,2013-09-03,1
2013-09-04,1.315510764273,0.080000000000,EFFR,2013-09-04,1
2013-09-05,1.315513687630,0.080000000000,EFFR,2013-09-05,1
2013-09-06,1.315516610994,0.080000000000,EFFR,2013-09-06,3
2013-09-09,1.315525381104,0.080000000000,EFFR,2013-09-09,1
2013-09-10,1.315528304494,0.080000000000,EFFR,2013-09-10,1
2013-09-11,1.315531227890,0.080000000000,EFFR,2013-09-11,1
2013-09-12,1.315534151293,0.080000000000,EFFR,2013-09-12,1
2013-09-13,1.315537074702,0.080000000000,EFFR,2013-09-13,3
2013-09-16,1.315545844949,0.080000000000,EFFR,2013-09-16,1
2013-09-17,1.315548768385,0.080000000000,EFFR,2013-09-17,1
2013-09-18,1.315551691826,0.080000000000,EFFR,2013-09-18,1
2013-09-19,1.315554615274,0.090000000000,EFFR,2013-09-19,1
2013-09-20,1.315557904161,0.080000000000,EFFR,2013-09-20,3
2013-09-23,1.315566674547,0.090000000000,EFFR,2013-09-23,1
2013-09-24,1.315569963464,0.090000000000,EFFR,2013-09-24,1
2013-09-25,1.315573252389,0.080000000000,EFFR,2013-09-25,1
2013-09-26,1.315576175885,0.080000000000,EFFR,2013-09-26,1
2013-09-27,1.315579099387,0.080000000000,EFFR,2013-09-27,3
2013-09-30,1.315587869915,0.060000000000,EFFR,2013-09-30,1
2013-10-01,1.315590062561,0.080000000000,EFFR,2013-10-01,1
2013-10-02,1.315592986095,0.070000000000,EFFR,2013-10-02,1
2013-10-03,1.315595544192,0.080000000000,EFFR,2013-10-03,1
2013-10-04,1.315598467738,0.080000000000,EFFR,2013-10-04,3
2013-10-07,1.315607238394,0.080000000000,EFFR,2013-10-07,1
2013-10-08,1.315610161966,0.080000000000,EFFR,2013-10-08,1
2013-10-09,1.315613085544,0.090000000000,EFFR,2013-10-09,1
2013-10-10,1.315616374577,0.090000000000,EFFR,2013-10-10,1
2013-10-11,1.315619663618,0.100000000000,EFFR,2013-10-11,4
2013-10-15,1.315634281614,0.100000000000,EFFR,2013-10-15,1
2013-10-16,1.315637936154,0.110000000000,EFFR,2013-10-16,1
2013-10-17,1.315641956158,0.100000000000,EFFR,2013-10-17,1
2013-10-18,1.315645610719,0.100000000000,EFFR,2013-10-18,3
2013-10-21,1.315656574433,0.090000000000,EFFR,2013-10-21,1
2013-10-22,1.315659863574,0.080000000000,EFFR,2013-10-22,1
2013-10-23,1.315662787263,0.080000000000,EFFR,2013-10-23,1
2013-10-24,1.315665710958,0.080000000000,EFFR,2013-10-24,1
2013-10-25,1.315668634659,0.080000000000,EFFR,2013-10-25,3
2013-10-28,1.315677405784,0.080000000000,EFFR,2013-10-28,1
2013-10-29,1.315680329511,0.080000000000,EFFR,2013-10-29,1
2013-10-30,1.315683253245,0.080000000000,EFFR,2013-10-30,1
2013-10-31,1.315686176986,0.070000000000,EFFR,2013-10-31,1
2013-11-01,1.315688735265,0.080000000000,EFFR,2013-11-01,3
2013-11-04,1.315697506523,0.080000000000,EFFR,2013-11-04,1
2013-11-05,1.315700430295,0.080000000000,EFFR,2013-11-05,1
2013-11-06,1.315703354074,0.080000000000,EFFR,2013-11-06,1
2013-11-07,1.315706277859,0.080000000000,EFFR,2013-11-07,1
2013-11-08,1.315709201651,0.080000000000,EFFR,2013-11-08,4
2013-11-12,1.315720896844,0.080000000000,EFFR,2013-11-12,1
2013-11-13,1.315723820668,0.080000000000,EFFR,2013-11-13,1
2013-11-14,1.315726744499,0.090000000000,EFFR,2013-11-14,1
2013-11-15,1.315730033815,0.090000000000,EFFR,2013-11-15,3
2013-11-18,1.315739901791,0.090000000000,EFFR,2013-11-18,1
2013-11-19,1.315743191140,0.090000000000,EFFR,2013-11-19,1
2013-11-20,1.315746480498,0.090000000000,EFFR,2013-11-20,1
2013-11-21,1.315749769865,0.090000000000,EFFR,2013-11-21,1
2013-11-22,1.315753059239,0.090000000000,EFFR,2013-11-22,3
2013-11-25,1.315762927387,0.090000000000,EFFR,2013-11-25,1
2013-11-26,1.315766216794,0.090000000000,EFFR,2013-11-26,1
2013-11-27,1.315769506210,0.090000000000,EFFR,2013-11-27,2
2013-11-29,1.315776085057,0.070000000000,EFFR,2013-11-29,3
2013-12-02,1.315783760418,0.090000000000,EFFR,2013-12-02,1
2013-12-03,1.315787049877,0.090000000000,EFFR,2013-12-03,1
2013-12-04,1.315790339345,0.090000000000,EFFR,2013-12-04,1
2013-12-05,1.315793628821,0.090000000000,EFFR,2013-12-05,1
2013-12-06,1.315796918305,0.090000000000,EFFR,2013-12-06,3
2013-12-09,1.315806786782,0.090000000000,EFFR,2013-12-09,1
2013-12-10,1.315810076299,0.090000000000,EFFR,2013-12-10,1
2013-12-11,1.315813365824,0.080000000000,EFFR,2013-12-11,1
2013-12-12,1.315816289854,0.090000000000,EFFR,2013-12-12,1
2013-12-13,1.315819579394,0.080000000000,EFFR,2013-12-13,3
2013-12-16,1.315828351525,0.090000000000,EFFR,2013-12-16,1
2013-12-17,1.315831641096,0.090000000000,EFFR,2013-12-17,1
2013-12-18,1.315834930675,0.090000000000,EFFR,2013-12-18,1
2013-12-19,1.315838220262,0.090000000000,EFFR,2013-12-19,1
2013-12-20,1.315841509858,0.090000000000,EFFR,2013-12-20,3
2013-12-23,1.315851378669,0.090000000000,EFFR,2013-12-23,1
2013-12-24,1.315854668297,0.080000000000,EFFR,2013-12-24,2
2013-12-26,1.315860516540,0.080000000000,EFFR,2013-12-26,1
2013-12-27,1.315863440675,0.080000000000,EFFR,2013-12-27,3
2013-12-30,1.315872213098,0.080000000000,EFFR,2013-12-30,1
2013-12-31,1.315875137258,0.070000000000,EFFR,2013-12-31,2
2014-01-02,1.315880254550,0.080000000000,EFFR,2014-01-02,1
2014-01-03,1.315883178729,0.080000000000,EFFR,2014-01-03,3
2014-01-06,1.315891951283,0.080000000000,EFFR,2014-01-06,1
2014-01-07,1.315894875488,0.070000000000,EFFR,2014-01-07,1
2014-01-08,1.315897434172,0.070000000000,EFFR,2014-01-08,1
2014-01-09,1.315899992862,0.070000000000,EFFR,2014-01-09,1
2014-01-10,1.315902551556,0.070000000000,EFFR,2014-01-10,3
2014-01-13,1.315910227654,0.070000000000,EFFR,2014-01-13,1
2014-01-14,1.315912786369,0.070000000000,EFFR,2014-01-14,1
2014-01-15,1.315915345088,0.070000000000,EFFR,2014-01-15,1
2014-01-16,1.315917903812,0.070000000000,EFFR,2014-01-16,1
2014-01-17,1.315920462541,0.070000000000,EFFR,2014-01-17,4
2014-01-21,1.315930697478,0.070000000000,EFFR,2014-01-21,1
2014-01-22,1.315933256233,0.070000000000,EFFR,2014-01-22,1
2014-01-23,1.315935814992,0.070000000000,EFFR,2014-01-23,1
2014-01-24,1.315938373756,0.070000000000,EFFR,2014-01-24,3
2014-01-27,1.315946050063,0.070000000000,EFFR,2014-01-27,1
2014-01-28,1.315948608847,0.070000000000,EFFR,2014-01-28,1
2014-01-29,1.315951167636,0.070000000000,EFFR,2014-01-29,1
2014-01-30,1.315953726430,0.070000000000,EFFR,2014-01-30,1
2014-01-31,1.315956285229,0.070000000000,EFFR,2014-01-31,3
2014-02-03,1.315963961640,0.070000000000,EFFR,2014-02-03,1
2014-02-04,1.315966520459,0.070000000000,EFFR,2014-02-04,1
2014-02-05,1.315969079283,0.070000000000,EFFR,2014-02-05,1
2014-02-06,1.315971638112,0.070000000000,EFFR,2014-02-06,1
2014-02-07,1.315974196945,0.060000000000,EFFR,2014-02-07,3
2014-02-10,1.315980776816,0.070000000000,EFFR,2014-02-10,1
2014-02-11,1.315983335668,0.060000000000,EFFR,2014-02-11,1
2014-02-12,1.315985528974,0.070000000000,EFFR,2014-02-12,1
2014-02-13,1.315988087834,0.060000000000,EFFR,2014-02-13,1
2014-02-14,1.315990281148,0.060000000000,EFFR,2014-02-14,4
2014-02-18,1.315999054416,0.070000000000,EFFR,2014-02-18,1
2014-02-19,1.316001613303,0.070000000000,EFFR,2014-02-19,1
2014-02-20,1.316004172195,0.070000000000,EFFR,2014-02-20,1
2014-02-21,1.316006731092,0.070000000000,EFFR,2014-02-21,3
2014-02-24,1.316014407798,0.070000000000,EFFR,2014-02-24,1
2014-02-25,1.316016966715,0.070000000000,EFFR,2014-02-25,1
2014-02-26,1.316019525637,0.070000000000,EFFR,2014-02-26,1
2014-02-27,1.316022084564,0.070000000000,EFFR,2014-02-27,1
2014-02-28,1.316024643496,0.060000000000,EFFR,2014-02-28,3
2014-03-03,1.316031223619,0.070000000000,EFFR,2014-03-03,1
2014-03-04,1.316033782569,0.070000000000,EFFR,2014-03-04,1
2014-03-05,1.316036341523,0.080000000000,EFFR,2014-03-05,1
2014-03-06,1.316039266048,0.080000000000,EFFR,2014-03-06,1
2014-03-07,1.316042190580,0.080000000000,EFFR,2014-03-07,3
2014-03-10,1.316050964195,0.080000000000,EFFR,2014-03-10,1
2014-03-11,1.316053888752,0.080000000000,EFFR,2014-03-11,1
2014-03-12,1.316056813317,0.080000000000,EFFR,2014-03-12,1
2014-03-13,1.316059737887,0.080000000000,EFFR,2014-03-13,1
2014-03-14,1.316062662464,0.080000000000,EFFR,2014-03-14,3
2014-03-17,1.316071436216,0.080000000000,EFFR,2014-03-17,1
2014-03-18,1.316074360819,0.080000000000,EFFR,2014-03-18,1
2014-03-19,1.316077285428,0.080000000000,EFFR,2014-03-19,1
2014-03-20,1.316080210045,0.080000000000,EFFR,2014-03-20,1
2014-03-21,1.316083134667,0.080000000000,EFFR,2014-03-21,3
2014-03-24,1.316091908555,0.090000000000,EFFR,2014-03-24,1
2014-03-25,1.316095198785,0.090000000000,EFFR,2014-03-25,1
2014-03-26,1.316098489023,0.080000000000,EFFR,2014-03-26,1
2014-03-27,1.316101413686,0.080000000000,EFFR,2014-03-27,1
2014-03-28,1.316104338356,0.080000000000,EFFR,2014-03-28,3
2014-03-31,1.316113112385,0.060000000000,EFFR,2014-03-31,1
2014-04-01,1.316115305907,0.080000000000,EFFR,2014-04-01,1
2014-04-02,1.316118230607,0.090000000000,EFFR,2014-04-02,1
2014-04-03,1.316121520903,0.080000000000,EFFR,2014-04-03,1
2014-04-04,1.316124445617,0.080000000000,EFFR,2014-04-04,3
2014-04-07,1.316133219780,0.090000000000,EFFR,2014-04-07,1
2014-04-08,1.316136510113,0.080000000000,EFFR,2014-04-08,1
2014-04-09,1.316139434861,0.080000000000,EFFR,2014-04-09,1
2014-04-10,1.316142359615,0.080000000000,EFFR,2014-04-10,1
2014-04-11,1.316145284376,0.090000000000,EFFR,2014-04-11,3
2014-04-14,1.316155155466,0.090000000000,EFFR,2014-04-14,1
2014-04-15,1.316158445854,0.100000000000,EFFR,2014-04-15,1
2014-04-16,1.316162101849,0.090000000000,EFFR,2014-04-16,1
2014-04-17,1.316165392255,0.090000000000,EFFR,2014-04-17,1
2014-04-18,1.316168682668,0.100000000000,EFFR,2014-04-18,3
2014-04-21,1.316179650740,0.100000000000,EFFR,2014-04-21,1
2014-04-22,1.316183306795,0.100000000000,EFFR,2014-04-22,1
2014-04-23,1.316186962860,0.100000000000,EFFR,2014-04-23,1
2014-04-24,1.316190618935,0.100000000000,EFFR,2014-04-24,1
2014-04-25,1.316194275020,0.090000000000,EFFR,2014-04-25,3
2014-04-28,1.316204146477,0.090000000000,EFFR,2014-04-28,1
2014-04-29,1.316207436987,0.100000000000,EFFR,2014-04-29,1
2014-04-30,1.316211093119,0.090000000000,EFFR,2014-04-30,1
2014-05-01,1.316214383647,0.090000000000,EFFR,2014-05-01,1
2014-05-02,1.316217674183,0.090000000000,EFFR,2014-05-02,3
2014-05-05,1.316227545815,0.090000000000,EFFR,2014-05-05,1
2014-05-06,1.316230836384,0.090000000000,EFFR,2014-05-06,1
2014-05-07,1.316234126961,0.080000000000,EFFR,2014-05-07,1
2014-05-08,1.316237051926,0.080000000000,EFFR,2014-05-08,1
2014-05-09,1.316239976897,0.080000000000,EFFR,2014-05-09,3
2014-05-12,1.316248751830,0.080000000000,EFFR,2014-05-12,1
2014-05-13,1.316251676828,0.090000000000,EFFR,2014-05-13,1
2014-05-14,1.316254967457,0.080000000000,EFFR,2014-05-14,1
2014-05-15,1.316257892468,0.090000000000,EFFR,2014-05-15,1
2014-05-16,1.316261183112,0.090000000000,EFFR,2014-05-16,3
2014-05-19,1.316271055071,0.090000000000,EFFR,2014-05-19,1
2014-05-20,1.316274345749,0.090000000000,EFFR,2014-05-20,1
2014-05-21,1.316277636435,0.090000000000,EFFR,2014-05-21,1
2014-05-22,1.316280927129,0.090000000000,EFFR,2014-05-22,1
2014-05-23,1.316284217831,0.090000000000,EFFR,2014-05-23,4
2014-05-27,1.316297380673,0.090000000000,EFFR,2014-05-27,1
2014-05-28,1.316300671417,0.090000000000,EFFR,2014-05-28,1
2014-05-29,1.316303962169,0.090000000000,EFFR,2014-05-29,1
2014-05-30,1.316307252928,0.080000000000,EFFR,2014-05-30,3
2014-06-02,1.316316028310,0.090000000000,EFFR,2014-06-02,1
2014-06-03,1.316319319100,0.100000000000,EFFR,2014-06-03,1
2014-06-04,1.316322975543,0.090000000000,EFFR,2014-06-04,1
2014-06-05,1.316326266350,0.090000000000,EFFR,2014-06-05,1
2014-06-06,1.316329557166,0.090000000000,EFFR,2014-06-06,3
2014-06-09,1.316339429638,0.090000000000,EFFR,2014-06-09,1
2014-06-10,1.316342720486,0.090000000000,EFFR,2014-06-10,1
2014-06-11,1.316346011343,0.090000000000,EFFR,2014-06-11,1
2014-06-12,1.316349302208,0.090000000000,EFFR,2014-06-12,1
2014-06-13,1.316352593081,0.100000000000,EFFR,2014-06-13,3
2014-06-16,1.316363562686,0.100000000000,EFFR,2014-06-16,1
2014-06-17,1.316367219252,0.100000000000,EFFR,2014-06-17,1
2014-06-18,1.316370875827,0.100000000000,EFFR,2014-06-18,1
2014-06-19,1.316374532413,0.100000000000,EFFR,2014-06-19,1
2014-06-20,1.316378189009,0.100000000000,EFFR,2014-06-20,3
2014-06-23,1.316389158827,0.100000000000,EFFR,2014-06-23,1
2014-06-24,1.316392815464,0.100000000000,EFFR,2014-06-24,1
2014-06-25,1.316396472110,0.100000000000,EFFR,2014-06-25,1
2014-06-26,1.316400128767,0.100000000000,EFFR,2014-06-26,1
2014-06-27,1.316403785434,0.100000000000,EFFR,2014-06-27,3
2014-06-30,1.316414755466,0.090000000000,EFFR,2014-06-30,1
2014-07-01,1.316418046503,0.100000000000,EFFR,2014-07-01,1
2014-07-02,1.316421703220,0.100000000000,EFFR,2014-07-02,1
2014-07-03,1.316425359947,0.090000000000,EFFR,2014-07-03,4
2014-07-07,1.316438524200,0.100000000000,EFFR,2014-07-07,1
2014-07-08,1.316442180974,0.090000000000,EFFR,2014-07-08,1
2014-07-09,1.316445472079,0.090000000000,EFFR,2014-07-09,1
2014-07-10,1.316448763193,0.090000000000,EFFR,2014-07-10,1
2014-07-11,1.316452054315,0.090000000000,EFFR,2014-07-11,3
2014-07-14,1.316461927705,0.090000000000,EFFR,2014-07-14,1
2014-07-15,1.316465218860,0.090000000000,EFFR,2014-07-15,1
2014-07-16,1.316468510023,0.090000000000,EFFR,2014-07-16,1
2014-07-17,1.316471801194,0.090000000000,EFFR,2014-07-17,1
2014-07-18,1.316475092374,0.090000000000,EFFR,2014-07-18,3
2014-07-21,1.316484965937,0.100000000000,EFFR,2014-07-21,1
2014-07-22,1.316488622840,0.090000000000,EFFR,2014-07-22,1
2014-07-23,1.316491914061,0.090000000000,EFFR,2014-07-23,1
2014-07-24,1.316495205291,0.090000000000,EFFR,2014-07-24,1
2014-07-25,1.316498496529,0.090000000000,EFFR,2014-07-25,3
2014-07-28,1.316508370268,0.090000000000,EFFR,2014-07-28,1
2014-07-29,1.316511661539,0.090000000000,EFFR,2014-07-29,1
2014-07-30,1.316514952818,0.090000000000,EFFR,2014-07-30,1
2014-07-31,1.316518244105,0.080000000000,EFFR,2014-07-31,1
2014-08-01,1.316521169701,0.090000000000,EFFR,2014-08-01,3
2014-08-04,1.316531043610,0.090000000000,EFFR,2014-08-04,1
2014-08-05,1.316534334938,0.090000000000,EFFR,2014-08-05,1
2014-08-06,1.316537626274,0.090000000000,EFFR,2014-08-06,1
2014-08-07,1.316540917618,0.090000000000,EFFR,2014-08-07,1
2014-08-08,1.316544208970,0.090000000000,EFFR,2014-08-08,3
2014-08-11,1.316554083052,0.090000000000,EFFR,2014-08-11,1
2014-08-12,1.316557374437,0.090000000000,EFFR,2014-08-12,1
2014-08-13,1.316560665830,0.090000000000,EFFR,2014-08-13,1
2014-08-14,1.316563957232,0.090000000000,EFFR,2014-08-14,1
2014-08-15,1.316567248642,0.090000000000,EFFR,2014-08-15,3
2014-08-18,1.316577122896,0.090000000000,EFFR,2014-08-18,1
2014-08-19,1.316580414339,0.090000000000,EFFR,2014-08-19,1
2014-08-20,1.316583705790,0.090000000000,EFFR,2014-08-20,1
2014-08-21,1.316586997249,0.090000000000,EFFR,2014-08-21,1
2014-08-22,1.316590288717,0.090000000000,EFFR,2014-08-22,3
2014-08-25,1.316600163144,0.090000000000,EFFR,2014-08-25,1
2014-08-26,1.316603454644,0.090000000000,EFFR,2014-08-26,1
2014-08-27,1.316606746153,0.090000000000,EFFR,2014-08-27,1
2014-08-28,1.316610037670,0.090000000000,EFFR,2014-08-28,1
2014-08-29,1.316613329195,0.070000000000,EFFR,2014-08-29,4
2014-09-02,1.316623569521,0.090000000000,EFFR,2014-09-02,1
2014-09-03,1.316626861080,0.090000000000,EFFR,2014-09-03,1
2014-09-04,1.316630152647,0.090000000000,EFFR,2014-09-04,1
2014-09-05,1.316633444222,0.090000000000,EFFR,2014-09-05,3
2014-09-08,1.316643318973,0.090000000000,EFFR,2014-09-08,1
2014-09-09,1.316646610581,0.090000000000,EFFR,2014-09-09,1
2014-09-10,1.316649902198,0.090000000000,EFFR,2014-09-10,1
2014-09-11,1.316653193823,0.090000000000,EFFR,2014-09-11,1
2014-09-12,1.316656485456,0.090000000000,EFFR,2014-09-12,3
2014-09-15,1.316666360379,0.090000000000,EFFR,2014-09-15,1
2014-09-16,1.316669652045,0.090000000000,EFFR,2014-09-16,1
2014-09-17,1.316672943719,0.090000000000,EFFR,2014-09-17,1
2014-09-18,1.316676235402,0.090000000000,EFFR,2014-09-18,1
2014-09-19,1.316679527092,0.090000000000,EFFR,2014-09-19,3
2014-09-22,1.316689402189,0.090000000000,EFFR,2014-09-22,1
2014-09-23,1.316692693912,0.090000000000,EFFR,2014-09-23,1
2014-09-24,1.316695985644,0.090000000000,EFFR,2014-09-24,1
2014-09-25,1.316699277384,0.090000000000,EFFR,2014-09-25,1
2014-09-26,1.316702569132,0.090000000000,EFFR,2014-09-26,3
2014-09-29,1.316712444401,0.080000000000,EFFR,2014-09-29,1
2014-09-30,1.316715370429,0.070000000000,EFFR,2014-09-30,1
2014-10-01,1.316717930709,0.090000000000,EFFR,2014-10-01,1
2014-10-02,1.316721222504,0.090000000000,EFFR,2014-10-02,1
2014-10-03,1.316724514307,0.090000000000,EFFR,2014-10-03,3
2014-10-06,1.316734389741,0.090000000000,EFFR,2014-10-06,1
2014-10-07,1.316737681577,0.090000000000,EFFR,2014-10-07,1
2014-10-08,1.316740973421,0.090000000000,EFFR,2014-10-08,1
2014-10-09,1.316744265273,0.080000000000,EFFR,2014-10-09,1
2014-10-10,1.316747191372,0.090000000000,EFFR,2014-10-10,4
2014-10-14,1.316760358844,0.090000000000,EFFR,2014-10-14,1
2014-10-15,1.316763650744,0.090000000000,EFFR,2014-10-15,1
2014-10-16,1.316766942654,0.090000000000,EFFR,2014-10-16,1
2014-10-17,1.316770234571,0.090000000000,EFFR,2014-10-17,3
2014-10-20,1.316780110348,0.090000000000,EFFR,2014-10-20,1
2014-10-21,1.316783402298,0.090000000000,EFFR,2014-10-21,1
2014-10-22,1.316786694256,0.090000000000,EFFR,2014-10-22,1
2014-10-23,1.316789986223,0.090000000000,EFFR,2014-10-23,1
2014-10-24,1.316793278198,0.090000000000,EFFR,2014-10-24,3
2014-10-27,1.316803154148,0.090000000000,EFFR,2014-10-27,1
2014-10-28,1.316806446156,0.090000000000,EFFR,2014-10-28,1
2014-10-29,1.316809738172,0.090000000000,EFFR,2014-10-29,1
2014-10-30,1.316813030196,0.090000000000,EFFR,2014-10-30,1
2014-10-31,1.316816322229,0.070000000000,EFFR,2014-10-31,3
2014-11-03,1.316824003657,0.090000000000,EFFR,2014-11-03,1
2014-11-04,1.316827295717,0.100000000000,EFFR,2014-11-04,1
2014-11-05,1.316830953571,0.090000000000,EFFR,2014-11-05,1
2014-11-06,1.316834245648,0.090000000000,EFFR,2014-11-06,1
2014-11-07,1.316837537734,0.090000000000,EFFR,2014-11-07,3
2014-11-10,1.316847414015,0.090000000000,EFFR,2014-11-10,2
2014-11-12,1.316853998252,0.090000000000,EFFR,2014-11-12,1
2014-11-13,1.316857290387,0.090000000000,EFFR,2014-11-13,1
2014-11-14,1.316860582531,0.090000000000,EFFR,2014-11-14,3
2014-11-17,1.316870458985,0.100000000000,EFFR,2014-11-17,1
2014-11-18,1.316874116959,0.110000000000,EFFR,2014-11-18,1
2014-11-19,1.316878140741,0.100000000000,EFFR,2014-11-19,1
2014-11-20,1.316881798735,0.100000000000,EFFR,2014-11-20,1
2014-11-21,1.316885456740,0.100000000000,EFFR,2014-11-21,3
2014-11-24,1.316896430786,0.100000000000,EFFR,2014-11-24,1
2014-11-25,1.316900088831,0.100000000000,EFFR,2014-11-25,1
2014-11-26,1.316903746887,0.100000000000,EFFR,2014-11-26,2
2014-11-28,1.316911063019,0.080000000000,EFFR,2014-11-28,3
2014-12-01,1.316919842426,0.130000000000,EFFR,2014-12-01,1
2014-12-02,1.316924597970,0.120000000000,EFFR,2014-12-02,1
2014-12-03,1.316928987719,0.120000000000,EFFR,2014-12-03,1
2014-12-04,1.316933377482,0.120000000000,EFFR,2014-12-04,1
2014-12-05,1.316937767260,0.120000000000,EFFR,2014-12-05,3
2014-12-08,1.316950936638,0.120000000000,EFFR,2014-12-08,1
2014-12-09,1.316955326474,0.120000000000,EFFR,2014-12-09,1
2014-12-10,1.316959716325,0.120000000000,EFFR,2014-12-10,1
2014-12-11,1.316964106191,0.120000000000,EFFR,2014-12-11,1
2014-12-12,1.316968496071,0.120000000000,EFFR,2014-12-12,3
2014-12-15,1.316981665756,0.110000000000,EFFR,2014-12-15,1
2014-12-16,1.316985689867,0.120000000000,EFFR,2014-12-16,1
2014-12-17,1.316990079819,0.130000000000,EFFR,2014-12-17,1
2014-12-18,1.316994835617,0.130000000000,EFFR,2014-12-18,1
2014-12-19,1.316999591431,0.130000000000,EFFR,2014-12-19,3
2014-12-22,1.317013858927,0.130000000000,EFFR,2014-12-22,1
2014-12-23,1.317018614810,0.130000000000,EFFR,2014-12-23,1
2014-12-24,1.317023370711,0.130000000000,EFFR,2014-12-24,2
2014-12-26,1.317032882546,0.130000000000,EFFR,2014-12-26,3
2014-12-29,1.317047150403,0.130000000000,EFFR,2014-12-29,1
2014-12-30,1.317051906406,0.130000000000,EFFR,2014-12-30,1
2014-12-31,1.317056662427,0.060000000000,EFFR,2014-12-31,2
2015-01-02,1.317061052616,0.120000000000,EFFR,2015-01-02,3
2015-01-05,1.317074223226,0.120000000000,EFFR,2015-01-05,1
2015-01-06,1.317078613474,0.120000000000,EFFR,2015-01-06,1
2015-01-07,1.317083003736,0.120000000000,EFFR,2015-01-07,1
2015-01-08,1.317087394013,0.120000000000,EFFR,2015-01-08,1
2015-01-09,1.317091784304,0.120000000000,EFFR,2015-01-09,3
2015-01-12,1.317104955222,0.120000000000,EFFR,2015-01-12,1
2015-01-13,1.317109345572,0.120000000000,EFFR,2015-01-13,1
2015-01-14,1.317113735936,0.120000000000,EFFR,2015-01-14,1
2015-01-15,1.317118126315,0.120000000000,EFFR,2015-01-15,1
2015-01-16,1.317122516709,0.130000000000,EFFR,2015-01-16,4
2015-01-20,1.317141541812,0.120000000000,EFFR,2015-01-20,1
2015-01-21,1.317145932284,0.120000000000,EFFR,2015-01-21,1
2015-01-22,1.317150322770,0.120000000000,EFFR,2015-01-22,1
2015-01-23,1.317154713271,0.120000000000,EFFR,2015-01-23,3
2015-01-26,1.317167884818,0.120000000000,EFFR,2015-01-26,1
2015-01-27,1.317172275378,0.110000000000,EFFR,2015-01-27,1
2015-01-28,1.317176300071,0.120000000000,EFFR,2015-01-28,1
2015-01-29,1.317180690659,0.110000000000,EFFR,2015-01-29,1
2015-01-30,1.317184715377,0.060000000000,EFFR,2015-01-30,3
2015-02-02,1.317191301301,0.120000000000,EFFR,2015-02-02,1
2015-02-03,1.317195691939,0.120000000000,EFFR,2015-02-03,1
2015-02-04,1.317200082591,0.110000000000,EFFR,2015-02-04,1
2015-02-05,1.317204107369,0.120000000000,EFFR,2015-02-05,1
2015-02-06,1.317208498049,0.110000000000,EFFR,2015-02-06,3
2015-02-09,1.317220572461,0.120000000000,EFFR,2015-02-09,1
2015-02-10,1.317224963196,0.120000000000,EFFR,2015-02-10,1
2015-02-11,1.317229353946,0.120000000000,EFFR,2015-02-11,1
2015-02-12,1.317233744710,0.120000000000,EFFR,2015-02-12,1
2015-02-13,1.317238135489,0.120000000000,EFFR,2015-02-13,4
2015-02-17,1.317255698665,0.120000000000,EFFR,2015-02-17,1
2015-02-18,1.317260089517,0.120000000000,EFFR,2015-02-18,1
2015-02-19,1.317264480384,0.120000000000,EFFR,2015-02-19,1
2015-02-20,1.317268871265,0.120000000000,EFFR,2015-02-20,3
2015-02-23,1.317282043954,0.110000000000,EFFR,2015-02-23,1
2015-02-24,1.317286068983,0.110000000000,EFFR,2015-02-24,1
2015-02-25,1.317290094023,0.110000000000,EFFR,2015-02-25,1
2015-02-26,1.317294119076,0.110000000000,EFFR,2015-02-26,1
2015-02-27,1.317298144142,0.060000000000,EFFR,2015-02-27,3
2015-03-02,1.317304730633,0.120000000000,EFFR,2015-03-02,1
2015-03-03,1.317309121648,0.120000000000,EFFR,2015-03-03,1
2015-03-04,1.317313512679,0.110000000000,EFFR,2015-03-04,1
2015-03-05,1.317317537803,0.110000000000,EFFR,2015-03-05,1
2015-03-06,1.317321562940,0.120000000000,EFFR,2015-03-06,3
2015-03-09,1.317334736156,0.120000000000,EFFR,2015-03-09,1
2015-03-10,1.317339127272,0.120000000000,EFFR,2015-03-10,1
2015-03-11,1.317343518402,0.110000000000,EFFR,2015-03-11,1
2015-03-12,1.317347543618,0.110000000000,EFFR,2015-03-12,1
2015-03-13,1.317351568847,0.110000000000,EFFR,2015-03-13,3
2015-03-16,1.317363644570,0.120000000000,EFFR,2015-03-16,1
2015-03-17,1.317368035782,0.120000000000,EFFR,2015-03-17,1
2015-03-18,1.317372427009,0.110000000000,EFFR,2015-03-18,1
2015-03-19,1.317376452313,0.120000000000,EFFR,2015-03-19,1
2015-03-20,1.317380843568,0.120000000000,EFFR,2015-03-20,3
2015-03-23,1.317394017377,0.120000000000,EFFR,2015-03-23,1
2015-03-24,1.317398408690,0.110000000000,EFFR,2015-03-24,1
2015-03-25,1.317402434074,0.120000000000,EFFR,2015-03-25,1
2015-03-26,1.317406825415,0.110000000000,EFFR,2015-03-26,1
2015-03-27,1.317410850825,0.120000000000,EFFR,2015-03-27,3
2015-03-30,1.317424024934,0.120000000000,EFFR,2015-03-30,1
2015-03-31,1.317428416347,0.060000000000,EFFR,2015-03-31,1
2015-04-01,1.317430612061,0.120000000000,EFFR,2015-04-01,1
2015-04-02,1.317435003497,0.120000000000,EFFR,2015-04-02,1
2015-04-03,1.317439394947,0.120000000000,EFFR,2015-04-03,3
2015-04-06,1.317452569341,0.130000000000,EFFR,2015-04-06,1
2015-04-07,1.317457326808,0.120000000000,EFFR,2015-04-07,1
2015-04-08,1.317461718333,0.120000000000,EFFR,2015-04-08,1
2015-04-09,1.317466109872,0.120000000000,EFFR,2015-04-09,1
2015-04-10,1.317470501425,0.120000000000,EFFR,2015-04-10,3
2015-04-13,1.317483676130,0.130000000000,EFFR,2015-04-13,1
2015-04-14,1.317488433710,0.130000000000,EFFR,2015-04-14,1
2015-04-15,1.317493191307,0.130000000000,EFFR,2015-04-15,1
2015-04-16,1.317497948922,0.130000000000,EFFR,2015-04-16,1
2015-04-17,1.317502706553,0.130000000000,EFFR,2015-04-17,3
2015-04-20,1.317516979499,0.130000000000,EFFR,2015-04-20,1
2015-04-21,1.317521737199,0.130000000000,EFFR,2015-04-21,1
2015-04-22,1.317526494917,0.130000000000,EFFR,2015-04-22,1
2015-04-23,1.317531252651,0.130000000000,EFFR,2015-04-23,1
2015-04-24,1.317536010403,0.130000000000,EFFR,2015-04-24,3
2015-04-27,1.317550283710,0.130000000000,EFFR,2015-04-27,1
2015-04-28,1.317555041530,0.130000000000,EFFR,2015-04-28,1
2015-04-29,1.317559799368,0.130000000000,EFFR,2015-04-29,1
2015-04-30,1.317564557223,0.080000000000,EFFR,2015-04-30,1
2015-05-01,1.317567485144,0.130000000000,EFFR,2015-05-01,3
2015-05-04,1.317581758792,0.130000000000,EFFR,2015-05-04,1
2015-05-05,1.317586516726,0.130000000000,EFFR,2015-05-05,1
2015-05-06,1.317591274677,0.130000000000,EFFR,2015-05-06,1
2015-05-07,1.317596032646,0.130000000000,EFFR,2015-05-07,1
2015-05-08,1.317600790631,0.130000000000,EFFR,2015-05-08,3
2015-05-11,1.317615064640,0.130000000000,EFFR,2015-05-11,1
2015-05-12,1.317619822694,0.130000000000,EFFR,2015-05-12,1
2015-05-13,1.317624580766,0.130000000000,EFFR,2015-05-13,1
2015-05-14,1.317629338855,0.130000000000,EFFR,2015-05-14,1
2015-05-15,1.317634096961,0.130000000000,EFFR,2015-05-15,3
2015-05-18,1.317648371330,0.130000000000,EFFR,2015-05-18,1
2015-05-19,1.317653129505,0.120000000000,EFFR,2015-05-19,1
2015-05-20,1.317657521682,0.120000000000,EFFR,2015-05-20,1
2015-05-21,1.317661913874,0.120000000000,EFFR,2015-05-21,1
2015-05-22,1.317666306080,0.130000000000,EFFR,2015-05-22,4
2015-05-26,1.317685339038,0.120000000000,EFFR,2015-05-26,1
2015-05-27,1.317689731322,0.120000000000,EFFR,2015-05-27,1
2015-05-28,1.317694123621,0.120000000000,EFFR,2015-05-28,1
2015-05-29,1.317698515935,0.080000000000,EFFR,2015-05-29,3
2015-06-01,1.317707300592,0.120000000000,EFFR,2015-06-01,1
2015-06-02,1.317711692949,0.120000000000,EFFR,2015-06-02,1
2015-06-03,1.317716085322,0.130000000000,EFFR,2015-06-03,1
2015-06-04,1.317720843741,0.130000000000,EFFR,2015-06-04,1
2015-06-05,1.317725602177,0.130000000000,EFFR,2015-06-05,3
2015-06-08,1.317739877538,0.130000000000,EFFR,2015-06-08,1
2015-06-09,1.317744636043,0.130000000000,EFFR,2015-06-09,1
2015-06-10,1.317749394565,0.130000000000,EFFR,2015-06-10,1
2015-06-11,1.317754153105,0.130000000000,EFFR,2015-06-11,1
2015-06-12,1.317758911662,0.130000000000,EFFR,2015-06-12,3
2015-06-15,1.317773187383,0.130000000000,EFFR,2015-06-15,1
2015-06-16,1.317777946008,0.140000000000,EFFR,2015-06-16,1
2015-06-17,1.317783070701,0.140000000000,EFFR,2015-06-17,1
2015-06-18,1.317788195412,0.140000000000,EFFR,2015-06-18,1
2015-06-19,1.317793320144,0.130000000000,EFFR,2015-06-19,3
2015-06-22,1.317807596239,0.130000000000,EFFR,2015-06-22,1
2015-06-23,1.317812354988,0.130000000000,EFFR,2015-06-23,1
2015-06-24,1.317817113755,0.130000000000,EFFR,2015-06-24,1
2015-06-25,1.317821872539,0.130000000000,EFFR,2015-06-25,1
2015-06-26,1.317826631340,0.130000000000,EFFR,2015-06-26,3
2015-06-29,1.317840907796,0.140000000000,EFFR,2015-06-29,1
2015-06-30,1.317846032732,0.080000000000,EFFR,2015-06-30,1
2015-07-01,1.317848961279,0.130000000000,EFFR,2015-07-01,1
2015-07-02,1.317853720178,0.130000000000,EFFR,2015-07-02,1
2015-07-03,1.317858479094,0.130000000000,EFFR,2015-07-03,3
2015-07-06,1.317872755895,0.130000000000,EFFR,2015-07-06,1
2015-07-07,1.317877514879,0.130000000000,EFFR,2015-07-07,1
2015-07-08,1.317882273882,0.130000000000,EFFR,2015-07-08,1
2015-07-09,1.317887032901,0.130000000000,EFFR,2015-07-09,1
2015-07-10,1.317891791937,0.130000000000,EFFR,2015-07-10,3
2015-07-13,1.317906069099,0.130000000000,EFFR,2015-07-13,1
2015-07-14,1.317910828204,0.130000000000,EFFR,2015-07-14,1
2015-07-15,1.317915587326,0.130000000000,EFFR,2015-07-15,1
2015-07-16,1.317920346466,0.140000000000,EFFR,2015-07-16,1
2015-07-17,1.317925471712,0.130000000000,EFFR,2015-07-17,3
2015-07-20,1.317939749238,0.140000000000,EFFR,2015-07-20,1
2015-07-21,1.317944874559,0.130000000000,EFFR,2015-07-21,1
2015-07-22,1.317949633804,0.130000000000,EFFR,2015-07-22,1
2015-07-23,1.317954393067,0.130000000000,EFFR,2015-07-23,1
2015-07-24,1.317959152347,0.130000000000,EFFR,2015-07-24,3
2015-07-27,1.317973430237,0.140000000000,EFFR,2015-07-27,1
2015-07-28,1.317978555690,0.140000000000,EFFR,2015-07-28,1
2015-07-29,1.317983681162,0.140000000000,EFFR,2015-07-29,1
2015-07-30,1.317988806654,0.140000000000,EFFR,2015-07-30,1
2015-07-31,1.317993932166,0.080000000000,EFFR,2015-07-31,3
2015-08-03,1.318002718792,0.140000000000,EFFR,2015-08-03,1
2015-08-04,1.318007844358,0.140000000000,EFFR,2015-08-04,1
2015-08-05,1.318012969944,0.140000000000,EFFR,2015-08-05,1
2015-08-06,1.318018095550,0.140000000000,EFFR,2015-08-06,1
2015-08-07,1.318023221176,0.140000000000,EFFR,2015-08-07,3
2015-08-10,1.318038598114,0.140000000000,EFFR,2015-08-10,1
2015-08-11,1.318043723819,0.150000000000,EFFR,2015-08-11,1
2015-08-12,1.318049215668,0.150000000000,EFFR,2015-08-12,1
2015-08-13,1.318054707540,0.150000000000,EFFR,2015-08-13,1
2015-08-14,1.318060199435,0.140000000000,EFFR,2015-08-14,3
2015-08-17,1.318075576804,0.150000000000,EFFR,2015-08-17,1
2015-08-18,1.318081068785,0.150000000000,EFFR,2015-08-18,1
2015-08-19,1.318086560790,0.150000000000,EFFR,2015-08-19,1
2015-08-20,1.318092052817,0.150000000000,EFFR,2015-08-20,1
2015-08-21,1.318097544867,0.150000000000,EFFR,2015-08-21,3
2015-08-24,1.318114021086,0.150000000000,EFFR,2015-08-24,1
2015-08-25,1.318119513228,0.150000000000,EFFR,2015-08-25,1
2015-08-26,1.318125005393,0.140000000000,EFFR,2015-08-26,1
2015-08-27,1.318130131435,0.140000000000,EFFR,2015-08-27,1
2015-08-28,1.318135257496,0.140000000000,EFFR,2015-08-28,3
2015-08-31,1.318150635741,0.080000000000,EFFR,2015-08-31,1
2015-09-01,1.318153564965,0.140000000000,EFFR,2015-09-01,1
2015-09-02,1.318158691117,0.140000000000,EFFR,2015-09-02,1
2015-09-03,1.318163817290,0.140000000000,EFFR,2015-09-03,1
2015-09-04,1.318168943483,0.140000000000,EFFR,2015-09-04,4
2015-09-08,1.318189448333,0.140000000000,EFFR,2015-09-08,1
2015-09-09,1.318194574625,0.140000000000,EFFR,2015-09-09,1
2015-09-10,1.318199700937,0.140000000000,EFFR,2015-09-10,1
2015-09-11,1.318204827270,0.140000000000,EFFR,2015-09-11,3
2015-09-14,1.318220206326,0.140000000000,EFFR,2015-09-14,1
2015-09-15,1.318225332738,0.140000000000,EFFR,2015-09-15,1
2015-09-16,1.318230459170,0.140000000000,EFFR,2015-09-16,1
2015-09-17,1.318235585621,0.140000000000,EFFR,2015-09-17,1
2015-09-18,1.318240712093,0.140000000000,EFFR,2015-09-18,3
2015-09-21,1.318256091568,0.140000000000,EFFR,2015-09-21,1
2015-09-22,1.318261218120,0.140000000000,EFFR,2015-09-22,1
2015-09-23,1.318266344691,0.140000000000,EFFR,2015-09-23,1
2015-09-24,1.318271471282,0.140000000000,EFFR,2015-09-24,1
2015-09-25,1.318276597894,0.130000000000,EFFR,2015-09-25,3
2015-09-28,1.318290879223,0.130000000000,EFFR,2015-09-28,1
2015-09-29,1.318295639718,0.130000000000,EFFR,2015-09-29,1
2015-09-30,1.318300400230,0.070000000000,EFFR,2015-09-30,1
2015-10-01,1.318302963592,0.130000000000,EFFR,2015-10-01,1
2015-10-02,1.318307724131,0.130000000000,EFFR,2015-10-02,3
2015-10-05,1.318322005798,0.130000000000,EFFR,2015-10-05,1
2015-10-06,1.318326766405,0.130000000000,EFFR,2015-10-06,1
2015-10-07,1.318331527029,0.130000000000,EFFR,2015-10-07,1
2015-10-08,1.318336287671,0.130000000000,EFFR,2015-10-08,1
2015-10-09,1.318341048330,0.130000000000,EFFR,2015-10-09,4
2015-10-13,1.318360091034,0.130000000000,EFFR,2015-10-13,1
2015-10-14,1.318364851779,0.130000000000,EFFR,2015-10-14,1
2015-10-15,1.318369612541,0.130000000000,EFFR,2015-10-15,1
2015-10-16,1.318374373320,0.130000000000,EFFR,2015-10-16,3
2015-10-19,1.318388655709,0.130000000000,EFFR,2015-10-19,1
2015-10-20,1.318393416557,0.130000000000,EFFR,2015-10-20,1
2015-10-21,1.318398177422,0.130000000000,EFFR,2015-10-21,1
2015-10-22,1.318402938304,0.120000000000,EFFR,2015-10-22,1
2015-10-23,1.318407332981,0.120000000000,EFFR,2015-10-23,3
2015-10-26,1.318420517054,0.120000000000,EFFR,2015-10-26,1
2015-10-27,1.318424911789,0.120000000000,EFFR,2015-10-27,1
2015-10-28,1.318429306539,0.120000000000,EFFR,2015-10-28,1
2015-10-29,1.318433701303,0.120000000000,EFFR,2015-10-29,1
2015-10-30,1.318438096082,0.070000000000,EFFR,2015-10-30,3
2015-11-02,1.318445786971,0.120000000000,EFFR,2015-11-02,1
2015-11-03,1.318450181790,0.120000000000,EFFR,2015-11-03,1
2015-11-04,1.318454576624,0.120000000000,EFFR,2015-11-04,1
2015-11-05,1.318458971473,0.120000000000,EFFR,2015-11-05,1
2015-11-06,1.318463366336,0.120000000000,EFFR,2015-11-06,3
2015-11-09,1.318476550970,0.120000000000,EFFR,2015-11-09,1
2015-11-10,1.318480945891,0.120000000000,EFFR,2015-11-10,2
2015-11-12,1.318489735764,0.120000000000,EFFR,2015-11-12,1
2015-11-13,1.318494130730,0.120000000000,EFFR,2015-11-13,3
2015-11-16,1.318507315671,0.130000000000,EFFR,2015-11-16,1
2015-11-17,1.318512076948,0.130000000000,EFFR,2015-11-17,1
2015-11-18,1.318516838242,0.120000000000,EFFR,2015-11-18,1
2015-11-19,1.318521233298,0.120000000000,EFFR,2015-11-19,1
2015-11-20,1.318525628368,0.120000000000,EFFR,2015-11-20,3
2015-11-23,1.318538813625,0.120000000000,EFFR,2015-11-23,1
2015-11-24,1.318543208754,0.120000000000,EFFR,2015-11-24,1
2015-11-25,1.318547603898,0.120000000000,EFFR,2015-11-25,2
2015-11-27,1.318556394215,0.120000000000,EFFR,2015-11-27,3
2015-11-30,1.318569579779,0.080000000000,EFFR,2015-11-30,1
2015-12-01,1.318572509934,0.130000000000,EFFR,2015-12-01,1
2015-12-02,1.318577271446,0.130000000000,EFFR,2015-12-02,1
2015-12-03,1.318582032975,0.130000000000,EFFR,2015-12-03,1
2015-12-04,1.318586794521,0.130000000000,EFFR,2015-12-04,3
2015-12-07,1.318601079211,0.130000000000,EFFR,2015-12-07,1
2015-12-08,1.318605840826,0.130000000000,EFFR,2015-12-08,1
2015-12-09,1.318610602459,0.140000000000,EFFR,2015-12-09,1
2015-12-10,1.318615730389,0.140000000000,EFFR,2015-12-10,1
2015-12-11,1.318620858339,0.140000000000,EFFR,2015-12-11,3
2015-12-14,1.318636242249,0.150000000000,EFFR,2015-12-14,1
2015-12-15,1.318641736567,0.150000000000,EFFR,2015-12-15,1
2015-12-16,1.318647230907,0.150000000000,EFFR,2015-12-16,1
2015-12-17,1.318652725271,0.370000000000,EFFR,2015-12-17,1
2015-12-18,1.318666278090,0.370000000000,EFFR,2015-12-18,3
2015-12-21,1.318706936967,0.360000000000,EFFR,2015-12-21,1
2015-12-22,1.318720124036,0.360000000000,EFFR,2015-12-22,1
2015-12-23,1.318733311238,0.360000000000,EFFR,2015-12-23,1
2015-12-24,1.318746498571,0.360000000000,EFFR,2015-12-24,4
2015-12-28,1.318799248431,0.360000000000,EFFR,2015-12-28,1
2015-12-29,1.318812436423,0.360000000000,EFFR,2015-12-29,1
2015-12-30,1.318825624548,0.350000000000,EFFR,2015-12-30,1
2015-12-31,1.318838446463,0.200000000000,EFFR,2015-12-31,4
2016-01-04,1.318867753984,0.360000000000,EFFR,2016-01-04,1
2016-01-05,1.318880942662,0.360000000000,EFFR,2016-01-05,1
2016-01-06,1.318894131471,0.360000000000,EFFR,2016-01-06,1
2016-01-07,1.318907320413,0.360000000000,EFFR,2016-01-07,1
2016-01-08,1.318920509486,0.360000000000,EFFR,2016-01-08,3
2016-01-11,1.318960077101,0.360000000000,EFFR,2016-01-11,1
2016-01-12,1.318973266702,0.360000000000,EFFR,2016-01-12,1
2016-01-13,1.318986456435,0.360000000000,EFFR,2016-01-13,1
2016-01-14,1.318999646299,0.360000000000,EFFR,2016-01-14,1
2016-01-15,1.319012836296,0.360000000000,EFFR,2016-01-15,4
2016-01-19,1.319065596809,0.360000000000,EFFR,2016-01-19,1
2016-01-20,1.319078787465,0.370000000000,EFFR,2016-01-20,1
2016-01-21,1.319092344664,0.370000000000,EFFR,2016-01-21,1
2016-01-22,1.319105902002,0.380000000000,EFFR,2016-01-22,3
2016-01-25,1.319147673689,0.380000000000,EFFR,2016-01-25,1
2016-01-26,1.319161598025,0.380000000000,EFFR,2016-01-26,1
2016-01-27,1.319175522509,0.380000000000,EFFR,2016-01-27,1
2016-01-28,1.319189447139,0.380000000000,EFFR,2016-01-28,1
2016-01-29,1.319203371917,0.290000000000,EFFR,2016-01-29,3
2016-02-01,1.319235252665,0.380000000000,EFFR,2016-02-01,1
2016-02-02,1.319249177926,0.380000000000,EFFR,2016-02-02,1
2016-02-03,1.319263103334,0.380000000000,EFFR,2016-02-03,1
2016-02-04,1.319277028889,0.380000000000,EFFR,2016-02-04,1
2016-02-05,1.319290954591,0.380000000000,EFFR,2016-02-05,3
2016-02-08,1.319332732138,0.380000000000,EFFR,2016-02-08,1
2016-02-09,1.319346658428,0.380000000000,EFFR,2016-02-09,1
2016-02-10,1.319360584865,0.380000000000,EFFR,2016-02-10,1
2016-02-11,1.319374511449,0.380000000000,EFFR,2016-02-11,1
2016-02-12,1.319388438180,0.380000000000,EFFR,2016-02-12,4
2016-02-16,1.319444145691,0.380000000000,EFFR,2016-02-16,1
2016-02-17,1.319458073157,0.370000000000,EFFR,2016-02-17,1
2016-02-18,1.319471634254,0.380000000000,EFFR,2016-02-18,1
2016-02-19,1.319485562010,0.380000000000,EFFR,2016-02-19,3
2016-02-22,1.319527345720,0.380000000000,EFFR,2016-02-22,1
2016-02-23,1.319541274064,0.380000000000,EFFR,2016-02-23,1
2016-02-24,1.319555202555,0.380000000000,EFFR,2016-02-24,1
2016-02-25,1.319569131194,0.370000000000,EFFR,2016-02-25,1
2016-02-26,1.319582693432,0.370000000000,EFFR,2016-02-26,3
2016-02-29,1.319623380565,0.290000000000,EFFR,2016-02-29,1
2016-03-01,1.319634010864,0.360000000000,EFFR,2016-03-01,1
2016-03-02,1.319647207204,0.370000000000,EFFR,2016-03-02,1
2016-03-03,1.319660770245,0.370000000000,EFFR,2016-03-03,1
2016-03-04,1.319674333425,0.360000000000,EFFR,2016-03-04,3
2016-03-07,1.319713923655,0.360000000000,EFFR,2016-03-07,1
2016-03-08,1.319727120795,0.360000000000,EFFR,2016-03-08,1
2016-03-09,1.319740318066,0.360000000000,EFFR,2016-03-09,1
2016-03-10,1.319753515469,0.360000000000,EFFR,2016-03-10,1
2016-03-11,1.319766713004,0.360000000000,EFFR,2016-03-11,3
2016-03-14,1.319806306005,0.360000000000,EFFR,2016-03-14,1
2016-03-15,1.319819504069,0.370000000000,EFFR,2016-03-15,1
2016-03-16,1.319833068880,0.370000000000,EFFR,2016-03-16,1
2016-03-17,1.319846633831,0.370000000000,EFFR,2016-03-17,1
2016-03-18,1.319860198921,0.370000000000,EFFR,2016-03-18,3
2016-03-21,1.319900894611,0.370000000000,EFFR,2016-03-21,1
2016-03-22,1.319914460259,0.370000000000,EFFR,2016-03-22,1
2016-03-23,1.319928026047,0.370000000000,EFFR,2016-03-23,1
2016-03-24,1.319941591973,0.370000000000,EFFR,2016-03-24,1
2016-03-25,1.319955158040,0.370000000000,EFFR,2016-03-25,3
2016-03-28,1.319995856657,0.370000000000,EFFR,2016-03-28,1
2016-03-29,1.320009423281,0.370000000000,EFFR,2016-03-29,1
2016-03-30,1.320022990045,0.370000000000,EFFR,2016-03-30,1
2016-03-31,1.320036556948,0.250000000000,EFFR,2016-03-31,1
2016-04-01,1.320045723868,0.370000000000,EFFR,2016-04-01,3
2016-04-04,1.320086425278,0.370000000000,EFFR,2016-04-04,1
2016-04-05,1.320099992833,0.370000000000,EFFR,2016-04-05,1
2016-04-06,1.320113560527,0.370000000000,EFFR,2016-04-06,1
2016-04-07,1.320127128361,0.370000000000,EFFR,2016-04-07,1
2016-04-08,1.320140696334,0.370000000000,EFFR,2016-04-08,3
2016-04-11,1.320181400673,0.370000000000,EFFR,2016-04-11,1
2016-04-12,1.320194969204,0.370000000000,EFFR,2016-04-12,1
2016-04-13,1.320208537874,0.370000000000,EFFR,2016-04-13,1
2016-04-14,1.320222106684,0.370000000000,EFFR,2016-04-14,1
2016-04-15,1.320235675634,0.370000000000,EFFR,2016-04-15,3
2016-04-18,1.320276382900,0.370000000000,EFFR,2016-04-18,1
2016-04-19,1.320289952408,0.370000000000,EFFR,2016-04-19,1
2016-04-20,1.320303522054,0.370000000000,EFFR,2016-04-20,1
2016-04-21,1.320317091840,0.370000000000,EFFR,2016-04-21,1
2016-04-22,1.320330661766,0.370000000000,EFFR,2016-04-22,3
2016-04-25,1.320371371962,0.370000000000,EFFR,2016-04-25,1
2016-04-26,1.320384942445,0.370000000000,EFFR,2016-04-26,1
2016-04-27,1.320398513068,0.370000000000,EFFR,2016-04-27,1
2016-04-28,1.320412083831,0.370000000000,EFFR,2016-04-28,1
2016-04-29,1.320425654733,0.300000000000,EFFR,2016-04-29,3
2016-05-02,1.320458665374,0.370000000000,EFFR,2016-05-02,1
2016-05-03,1.320472236755,0.370000000000,EFFR,2016-05-03,1
2016-05-04,1.320485808275,0.370000000000,EFFR,2016-05-04,1
2016-05-05,1.320499379935,0.370000000000,EFFR,2016-05-05,1
2016-05-06,1.320512951734,0.370000000000,EFFR,2016-05-06,3
2016-05-09,1.320553667550,0.370000000000,EFFR,2016-05-09,1
2016-05-10,1.320567239907,0.370000000000,EFFR,2016-05-10,1
2016-05-11,1.320580812404,0.370000000000,EFFR,2016-05-11,1
2016-05-12,1.320594385040,0.370000000000,EFFR,2016-05-12,1
2016-05-13,1.320607957815,0.370000000000,EFFR,2016-05-13,3
2016-05-16,1.320648676561,0.370000000000,EFFR,2016-05-16,1
2016-05-17,1.320662249894,0.370000000000,EFFR,2016-05-17,1
2016-05-18,1.320675823367,0.370000000000,EFFR,2016-05-18,1
2016-05-19,1.320689396980,0.370000000000,EFFR,2016-05-19,1
2016-05-20,1.320702970732,0.370000000000,EFFR,2016-05-20,3
2016-05-23,1.320743692407,0.370000000000,EFFR,2016-05-23,1
2016-05-24,1.320757266717,0.370000000000,EFFR,2016-05-24,1
2016-05-25,1.320770841167,0.370000000000,EFFR,2016-05-25,1
2016-05-26,1.320784415756,0.370000000000,EFFR,2016-05-26,1
2016-05-27,1.320797990485,0.370000000000,EFFR,2016-05-27,4
2016-05-31,1.320852289958,0.290000000000,EFFR,2016-05-31,1
2016-06-01,1.320862930157,0.370000000000,EFFR,2016-06-01,1
2016-06-02,1.320876505693,0.370000000000,EFFR,2016-06-02,1
2016-06-03,1.320890081368,0.370000000000,EFFR,2016-06-03,3
2016-06-06,1.320930808812,0.370000000000,EFFR,2016-06-06,1
2016-06-07,1.320944385045,0.370000000000,EFFR,2016-06-07,1
2016-06-08,1.320957961418,0.370000000000,EFFR,2016-06-08,1
2016-06-09,1.320971537930,0.370000000000,EFFR,2016-06-09,1
2016-06-10,1.320985114582,0.370000000000,EFFR,2016-06-10,3
2016-06-13,1.321025844957,0.370000000000,EFFR,2016-06-13,1
2016-06-14,1.321039422167,0.370000000000,EFFR,2016-06-14,1
2016-06-15,1.321052999516,0.370000000000,EFFR,2016-06-15,1
2016-06-16,1.321066577006,0.380000000000,EFFR,2016-06-16,1
2016-06-17,1.321080521597,0.380000000000,EFFR,2016-06-17,3
2016-06-20,1.321122355814,0.380000000000,EFFR,2016-06-20,1
2016-06-21,1.321136300994,0.380000000000,EFFR,2016-06-21,1
2016-06-22,1.321150246322,0.380000000000,EFFR,2016-06-22,1
2016-06-23,1.321164191797,0.390000000000,EFFR,2016-06-23,1
2016-06-24,1.321178504409,0.400000000000,EFFR,2016-06-24,3
2016-06-27,1.321222543692,0.410000000000,EFFR,2016-06-27,1
2016-06-28,1.321237590949,0.410000000000,EFFR,2016-06-28,1
2016-06-29,1.321252638377,0.410000000000,EFFR,2016-06-29,1
2016-06-30,1.321267685976,0.300000000000,EFFR,2016-06-30,1
2016-07-01,1.321278696541,0.410000000000,EFFR,2016-07-01,4
2016-07-05,1.321338888126,0.400000000000,EFFR,2016-07-05,1
2016-07-06,1.321353569669,0.400000000000,EFFR,2016-07-06,1
2016-07-07,1.321368251375,0.400000000000,EFFR,2016-07-07,1
2016-07-08,1.321382933245,0.400000000000,EFFR,2016-07-08,3
2016-07-11,1.321426979342,0.400000000000,EFFR,2016-07-11,1
2016-07-12,1.321441661864,0.400000000000,EFFR,2016-07-12,1
2016-07-13,1.321456344550,0.400000000000,EFFR,2016-07-13,1
2016-07-14,1.321471027398,0.400000000000,EFFR,2016-07-14,1
2016-07-15,1.321485710409,0.400000000000,EFFR,2016-07-15,3
2016-07-18,1.321529759933,0.400000000000,EFFR,2016-07-18,1
2016-07-19,1.321544443597,0.400000000000,EFFR,2016-07-19,1
2016-07-20,1.321559127424,0.400000000000,EFFR,2016-07-20,1
2016-07-21,1.321573811414,0.400000000000,EFFR,2016-07-21,1
2016-07-22,1.321588495568,0.400000000000,EFFR,2016-07-22,3
2016-07-25,1.321632548518,0.400000000000,EFFR,2016-07-25,1
2016-07-26,1.321647233324,0.400000000000,EFFR,2016-07-26,1
2016-07-27,1.321661918293,0.400000000000,EFFR,2016-07-27,1
2016-07-28,1.321676603425,0.400000000000,EFFR,2016-07-28,1
2016-07-29,1.321691288721,0.300000000000,EFFR,2016-07-29,3
2016-08-01,1.321724331003,0.400000000000,EFFR,2016-08-01,1
2016-08-02,1.321739016829,0.400000000000,EFFR,2016-08-02,1
2016-08-03,1.321753702818,0.400000000000,EFFR,2016-08-03,1
2016-08-04,1.321768388970,0.400000000000,EFFR,2016-08-04,1
2016-08-05,1.321783075286,0.400000000000,EFFR,2016-08-05,3
2016-08-08,1.321827134722,0.400000000000,EFFR,2016-08-08,1
2016-08-09,1.321841821690,0.400000000000,EFFR,2016-08-09,1
2016-08-10,1.321856508821,0.400000000000,EFFR,2016-08-10,1
2016-08-11,1.321871196116,0.400000000000,EFFR,2016-08-11,1
2016-08-12,1.321885883574,0.400000000000,EFFR,2016-08-12,3
2016-08-15,1.321929946436,0.400000000000,EFFR,2016-08-15,1
2016-08-16,1.321944634547,0.400000000000,EFFR,2016-08-16,1
2016-08-17,1.321959322821,0.400000000000,EFFR,2016-08-17,1
2016-08-18,1.321974011257,0.400000000000,EFFR,2016-08-18,1
2016-08-19,1.321988699858,0.400000000000,EFFR,2016-08-19,3
2016-08-22,1.322032766148,0.400000000000,EFFR,2016-08-22,1
2016-08-23,1.322047455401,0.400000000000,EFFR,2016-08-23,1
2016-08-24,1.322062144817,0.400000000000,EFFR,2016-08-24,1
2016-08-25,1.322076834396,0.400000000000,EFFR,2016-08-25,1
2016-08-26,1.322091524139,0.400000000000,EFFR,2016-08-26,3
2016-08-29,1.322135593856,0.400000000000,EFFR,2016-08-29,1
2016-08-30,1.322150284252,0.400000000000,EFFR,2016-08-30,1
2016-08-31,1.322164974810,0.300000000000,EFFR,2016-08-31,1
2016-09-01,1.322175992852,0.400000000000,EFFR,2016-09-01,1
2016-09-02,1.322190683696,0.400000000000,EFFR,2016-09-02,4
2016-09-06,1.322249447727,0.400000000000,EFFR,2016-09-06,1
2016-09-07,1.322264139387,0.400000000000,EFFR,2016-09-07,1
2016-09-08,1.322278831211,0.400000000000,EFFR,2016-09-08,1
2016-09-09,1.322293523198,0.400000000000,EFFR,2016-09-09,3
2016-09-12,1.322337599649,0.400000000000,EFFR,2016-09-12,1
2016-09-13,1.322352292289,0.400000000000,EFFR,2016-09-13,1
2016-09-14,1.322366985092,0.400000000000,EFFR,2016-09-14,1
2016-09-15,1.322381678058,0.400000000000,EFFR,2016-09-15,1
2016-09-16,1.322396371188,0.400000000000,EFFR,2016-09-16,3
2016-09-19,1.322440451067,0.400000000000,EFFR,2016-09-19,1
2016-09-20,1.322455144850,0.400000000000,EFFR,2016-09-20,1
2016-09-21,1.322469838796,0.400000000000,EFFR,2016-09-21,1
2016-09-22,1.322484532905,0.400000000000,EFFR,2016-09-22,1
2016-09-23,1.322499227178,0.400000000000,EFFR,2016-09-23,3
2016-09-26,1.322543310486,0.400000000000,EFFR,2016-09-26,1
2016-09-27,1.322558005411,0.400000000000,EFFR,2016-09-27,1
2016-09-28,1.322572700500,0.400000000000,EFFR,2016-09-28,1
2016-09-29,1.322587395752,0.400000000000,EFFR,2016-09-29,1
2016-09-30,1.322602091168,0.290000000000,EFFR,2016-09-30,3
2016-10-03,1.322634054052,0.400000000000,EFFR,2016-10-03,1
2016-10-04,1.322648749986,0.400000000000,EFFR,2016-10-04,1
2016-10-05,1.322663446083,0.400000000000,EFFR,2016-10-05,1
2016-10-06,1.322678142343,0.400000000000,EFFR,2016-10-06,1
2016-10-07,1.322692838767,0.400000000000,EFFR,2016-10-07,4
2016-10-11,1.322751625116,0.410000000000,EFFR,2016-10-11,1
2016-10-12,1.322766689787,0.410000000000,EFFR,2016-10-12,1
2016-10-13,1.322781754630,0.410000000000,EFFR,2016-10-13,1
2016-10-14,1.322796819644,0.410000000000,EFFR,2016-10-14,3
2016-10-17,1.322842015202,0.410000000000,EFFR,2016-10-17,1
2016-10-18,1.322857080903,0.410000000000,EFFR,2016-10-18,1
2016-10-19,1.322872146775,0.410000000000,EFFR,2016-10-19,1
2016-10-20,1.322887212819,0.410000000000,EFFR,2016-10-20,1
2016-10-21,1.322902279035,0.410000000000,EFFR,2016-10-21,3
2016-10-24,1.322947478196,0.410000000000,EFFR,2016-10-24,1
2016-10-25,1.322962545098,0.410000000000,EFFR,2016-10-25,1
2016-10-26,1.322977612171,0.410000000000,EFFR,2016-10-26,1
2016-10-27,1.322992679416,0.410000000000,EFFR,2016-10-27,1
2016-10-28,1.323007746833,0.410000000000,EFFR,2016-10-28,3
2016-10-31,1.323052949597,0.310000000000,EFFR,2016-10-31,1
2016-11-01,1.323064342553,0.410000000000,EFFR,2016-11-01,1
2016-11-02,1.323079410786,0.410000000000,EFFR,2016-11-02,1
2016-11-03,1.323094479191,0.410000000000,EFFR,2016-11-03,1
2016-11-04,1.323109547767,0.410000000000,EFFR,2016-11-04,3
2016-11-07,1.323154754009,0.410000000000,EFFR,2016-11-07,1
2016-11-08,1.323169823272,0.410000000000,EFFR,2016-11-08,1
2016-11-09,1.323184892706,0.410000000000,EFFR,2016-11-09,1
2016-11-10,1.323199962312,0.410000000000,EFFR,2016-11-10,4
2016-11-14,1.323260241421,0.410000000000,EFFR,2016-11-14,1
2016-11-15,1.323275311885,0.410000000000,EFFR,2016-11-15,1
2016-11-16,1.323290382521,0.410000000000,EFFR,2016-11-16,1
2016-11-17,1.323305453328,0.410000000000,EFFR,2016-11-17,1
2016-11-18,1.323320524306,0.410000000000,EFFR,2016-11-18,3
2016-11-21,1.323365737758,0.410000000000,EFFR,2016-11-21,1
2016-11-22,1.323380809423,0.410000000000,EFFR,2016-11-22,1
2016-11-23,1.323395881260,0.410000000000,EFFR,2016-11-23,2
2016-11-25,1.323426025277,0.410000000000,EFFR,2016-11-25,3
2016-11-28,1.323471242333,0.410000000000,EFFR,2016-11-28,1
2016-11-29,1.323486315200,0.410000000000,EFFR,2016-11-29,1
2016-11-30,1.323501388239,0.310000000000,EFFR,2016-11-30,1
2016-12-01,1.323512785056,0.410000000000,EFFR,2016-12-01,1
2016-12-02,1.323527858396,0.410000000000,EFFR,2016-12-02,3
2016-12-05,1.323573078931,0.410000000000,EFFR,2016-12-05,1
2016-12-06,1.323588152958,0.410000000000,EFFR,2016-12-06,1
2016-12-07,1.323603227157,0.410000000000,EFFR,2016-12-07,1
2016-12-08,1.323618301527,0.410000000000,EFFR,2016-12-08,1
2016-12-09,1.323633376068,0.410000000000,EFFR,2016-12-09,3
2016-12-12,1.323678600209,0.410000000000,EFFR,2016-12-12,1
2016-12-13,1.323693675437,0.410000000000,EFFR,2016-12-13,1
2016-12-14,1.323708750837,0.410000000000,EFFR,2016-12-14,1
2016-12-15,1.323723826409,0.660000000000,EFFR,2016-12-15,1
2016-12-16,1.323748094679,0.660000000000,EFFR,2016-12-16,3
2016-12-19,1.323820900825,0.660000000000,EFFR,2016-12-19,1
2016-12-20,1.323845170875,0.660000000000,EFFR,2016-12-20,1
2016-12-21,1.323869441369,0.660000000000,EFFR,2016-12-21,1
2016-12-22,1.323893712309,0.660000000000,EFFR,2016-12-22,1
2016-12-23,1.323917983694,0.660000000000,EFFR,2016-12-23,4
2016-12-27,1.324015071013,0.660000000000,EFFR,2016-12-27,1
2016-12-28,1.324039344622,0.660000000000,EFFR,2016-12-28,1
2016-12-29,1.324063618677,0.660000000000,EFFR,2016-12-29,1
2016-12-30,1.324087893177,0.550000000000,EFFR,2016-12-30,4
2017-01-03,1.324168809659,0.660000000000,EFFR,2017-01-03,1
2017-01-04,1.324193086087,0.660000000000,EFFR,2017-01-04,1
2017-01-05,1.324217362960,0.660000000000,EFFR,2017-01-05,1
2017-01-06,1.324241640279,0.660000000000,EFFR,2017-01-06,3
2017-01-09,1.324314473569,0.660000000000,EFFR,2017-01-09,1
2017-01-10,1.324338752668,0.660000000000,EFFR,2017-01-10,1
2017-01-11,1.324363032211,0.660000000000,EFFR,2017-01-11,1
2017-01-12,1.324387312200,0.660000000000,EFFR,2017-01-12,1
2017-01-13,1.324411592634,0.660000000000,EFFR,2017-01-13,4
2017-01-17,1.324508716151,0.660000000000,EFFR,2017-01-17,1
2017-01-18,1.324532998811,0.660000000000,EFFR,2017-01-18,1
2017-01-19,1.324557281916,0.660000000000,EFFR,2017-01-19,1
2017-01-20,1.324581565466,0.660000000000,EFFR,2017-01-20,3
2017-01-23,1.324654417452,0.660000000000,EFFR,2017-01-23,1
2017-01-24,1.324678702783,0.660000000000,EFFR,2017-01-24,1
2017-01-25,1.324702988559,0.660000000000,EFFR,2017-01-25,1
2017-01-26,1.324727274781,0.660000000000,EFFR,2017-01-26,1
2017-01-27,1.324751561448,0.660000000000,EFFR,2017-01-27,3
2017-01-30,1.324824422783,0.660000000000,EFFR,2017-01-30,1
2017-01-31,1.324848711231,0.560000000000,EFFR,2017-01-31,1
2017-02-01,1.324869319989,0.660000000000,EFFR,2017-02-01,1
2017-02-02,1.324893609260,0.660000000000,EFFR,2017-02-02,1
2017-02-03,1.324917898976,0.660000000000,EFFR,2017-02-03,3
2017-02-06,1.324990769460,0.660000000000,EFFR,2017-02-06,1
2017-02-07,1.325015060958,0.660000000000,EFFR,2017-02-07,1
2017-02-08,1.325039352901,0.660000000000,EFFR,2017-02-08,1
2017-02-09,1.325063645289,0.660000000000,EFFR,2017-02-09,1
2017-02-10,1.325087938122,0.660000000000,EFFR,2017-02-10,3
2017-02-13,1.325160817959,0.660000000000,EFFR,2017-02-13,1
2017-02-14,1.325185112574,0.660000000000,EFFR,2017-02-14,1
2017-02-15,1.325209407634,0.660000000000,EFFR,2017-02-15,1
2017-02-16,1.325233703140,0.660000000000,EFFR,2017-02-16,1
2017-02-17,1.325257999091,0.660000000000,EFFR,2017-02-17,4
2017-02-21,1.325355184678,0.660000000000,EFFR,2017-02-21,1
2017-02-22,1.325379482856,0.660000000000,EFFR,2017-02-22,1
2017-02-23,1.325403781480,0.660000000000,EFFR,2017-02-23,1
2017-02-24,1.325428080549,0.660000000000,EFFR,2017-02-24,3
2017-02-27,1.325500979094,0.660000000000,EFFR,2017-02-27,1
2017-02-28,1.325525279945,0.570000000000,EFFR,2017-02-28,1
2017-03-01,1.325546267429,0.660000000000,EFFR,2017-03-01,1
2017-03-02,1.325570569110,0.660000000000,EFFR,2017-03-02,1
2017-03-03,1.325594871237,0.660000000000,EFFR,2017-03-03,3
2017-03-06,1.325667778955,0.660000000000,EFFR,2017-03-06,1
2017-03-07,1.325692082865,0.660000000000,EFFR,2017-03-07,1
2017-03-08,1.325716387219,0.660000000000,EFFR,2017-03-08,1
2017-03-09,1.325740692020,0.660000000000,EFFR,2017-03-09,1
2017-03-10,1.325764997266,0.660000000000,EFFR,2017-03-10,3
2017-03-13,1.325837914341,0.660000000000,EFFR,2017-03-13,1
2017-03-14,1.325862221369,0.660000000000,EFFR,2017-03-14,1
2017-03-15,1.325886528843,0.660000000000,EFFR,2017-03-15,1
2017-03-16,1.325910836763,0.910000000000,EFFR,2017-03-16,1
2017-03-17,1.325944352842,0.910000000000,EFFR,2017-03-17,3
2017-03-20,1.326044903623,0.910000000000,EFFR,2017-03-20,1
2017-03-21,1.326078423091,0.910000000000,EFFR,2017-03-21,1
2017-03-22,1.326111943407,0.910000000000,EFFR,2017-03-22,1
2017-03-23,1.326145464570,0.910000000000,EFFR,2017-03-23,1
2017-03-24,1.326178986580,0.910000000000,EFFR,2017-03-24,3
2017-03-27,1.326279555153,0.910000000000,EFFR,2017-03-27,1
2017-03-28,1.326313080553,0.910000000000,EFFR,2017-03-28,1
2017-03-29,1.326346606800,0.910000000000,EFFR,2017-03-29,1
2017-03-30,1.326380133895,0.910000000000,EFFR,2017-03-30,1
2017-03-31,1.326413661837,0.820000000000,EFFR,2017-03-31,3
2017-04-03,1.326504300104,0.910000000000,EFFR,2017-04-03,1
2017-04-04,1.326537831185,0.910000000000,EFFR,2017-04-04,1
2017-04-05,1.326571363114,0.910000000000,EFFR,2017-04-05,1
2017-04-06,1.326604895890,0.910000000000,EFFR,2017-04-06,1
2017-04-07,1.326638429514,0.910000000000,EFFR,2017-04-07,3
2017-04-10,1.326739032928,0.910000000000,EFFR,2017-04-10,1
2017-04-11,1.326772569942,0.910000000000,EFFR,2017-04-11,1
2017-04-12,1.326806107804,0.910000000000,EFFR,2017-04-12,1
2017-04-13,1.326839646514,0.910000000000,EFFR,2017-04-13,1
2017-04-14,1.326873186072,0.910000000000,EFFR,2017-04-14,3
2017-04-17,1.326973807289,0.910000000000,EFFR,2017-04-17,1
2017-04-18,1.327007350238,0.910000000000,EFFR,2017-04-18,1
2017-04-19,1.327040894035,0.910000000000,EFFR,2017-04-19,1
2017-04-20,1.327074438679,0.910000000000,EFFR,2017-04-20,1
2017-04-21,1.327107984172,0.910000000000,EFFR,2017-04-21,3
2017-04-24,1.327208623194,0.910000000000,EFFR,2017-04-24,1
2017-04-25,1.327242172079,0.910000000000,EFFR,2017-04-25,1
2017-04-26,1.327275721812,0.910000000000,EFFR,2017-04-26,1
2017-04-27,1.327309272392,0.910000000000,EFFR,2017-04-27,1
2017-04-28,1.327342823821,0.830000000000,EFFR,2017-04-28,3
2017-05-01,1.327434631700,0.910000000000,EFFR,2017-05-01,1
2017-05-02,1.327468186298,0.910000000000,EFFR,2017-05-02,1
2017-05-03,1.327501741743,0.910000000000,EFFR,2017-05-03,1
2017-05-04,1.327535298037,0.910000000000,EFFR,2017-05-04,1
2017-05-05,1.327568855180,0.910000000000,EFFR,2017-05-05,3
2017-05-08,1.327669529151,0.910000000000,EFFR,2017-05-08,1
2017-05-09,1.327703089687,0.910000000000,EFFR,2017-05-09,1
2017-05-10,1.327736651070,0.910000000000,EFFR,2017-05-10,1
2017-05-11,1.327770213302,0.910000000000,EFFR,2017-05-11,1
2017-05-12,1.327803776383,0.910000000000,EFFR,2017-05-12,3
2017-05-15,1.327904468169,0.910000000000,EFFR,2017-05-15,1
2017-05-16,1.327938034643,0.910000000000,EFFR,2017-05-16,1
2017-05-17,1.327971601966,0.910000000000,EFFR,2017-05-17,1
2017-05-18,1.328005170137,0.910000000000,EFFR,2017-05-18,1
2017-05-19,1.328038739156,0.910000000000,EFFR,2017-05-19,3
2017-05-22,1.328139448761,0.910000000000,EFFR,2017-05-22,1
2017-05-23,1.328173021174,0.910000000000,EFFR,2017-05-23,1
2017-05-24,1.328206594437,0.910000000000,EFFR,2017-05-24,1
2017-05-25,1.328240168548,0.910000000000,EFFR,2017-05-25,1
2017-05-26,1.328273743508,0.910000000000,EFFR,2017-05-26,4
2017-05-30,1.328408046742,0.910000000000,EFFR,2017-05-30,1
2017-05-31,1.328441625945,0.830000000000,EFFR,2017-05-31,1
2017-06-01,1.328472253905,0.910000000000,EFFR,2017-06-01,1
2017-06-02,1.328505834731,0.910000000000,EFFR,2017-06-02,3
2017-06-05,1.328606579757,0.910000000000,EFFR,2017-06-05,1
2017-06-06,1.328640163979,0.910000000000,EFFR,2017-06-06,1
2017-06-07,1.328673749050,0.910000000000,EFFR,2017-06-07,1
2017-06-08,1.328707334970,0.910000000000,EFFR,2017-06-08,1
2017-06-09,1.328740921738,0.910000000000,EFFR,2017-06-09,3
2017-06-12,1.328841684592,0.910000000000,EFFR,2017-06-12,1
2017-06-13,1.328875274756,0.910000000000,EFFR,2017-06-13,1
2017-06-14,1.328908865770,0.910000000000,EFFR,2017-06-14,1
2017-06-15,1.328942457633,1.160000000000,EFFR,2017-06-15,1
2017-06-16,1.328985279113,1.160000000000,EFFR,2017-06-16,3
2017-06-19,1.329113747690,1.160000000000,EFFR,2017-06-19,1
2017-06-20,1.329156574688,1.160000000000,EFFR,2017-06-20,1
2017-06-21,1.329199403067,1.160000000000,EFFR,2017-06-21,1
2017-06-22,1.329242232825,1.160000000000,EFFR,2017-06-22,1
2017-06-23,1.329285063964,1.160000000000,EFFR,2017-06-23,3
2017-06-26,1.329413561520,1.160000000000,EFFR,2017-06-26,1
2017-06-27,1.329456398179,1.160000000000,EFFR,2017-06-27,1
2017-06-28,1.329499236219,1.160000000000,EFFR,2017-06-28,1
2017-06-29,1.329542075638,1.160000000000,EFFR,2017-06-29,1
2017-06-30,1.329584916439,1.060000000000,EFFR,2017-06-30,3
2017-07-03,1.329702363106,1.160000000000,EFFR,2017-07-03,2
2017-07-05,1.329788055036,1.160000000000,EFFR,2017-07-05,1
2017-07-06,1.329830903763,1.160000000000,EFFR,2017-07-06,1
2017-07-07,1.329873753869,1.160000000000,EFFR,2017-07-07,3
2017-07-10,1.330002308332,1.160000000000,EFFR,2017-07-10,1
2017-07-11,1.330045163962,1.160000000000,EFFR,2017-07-11,1
2017-07-12,1.330088020973,1.160000000000,EFFR,2017-07-12,1
2017-07-13,1.330130879365,1.160000000000,EFFR,2017-07-13,1
2017-07-14,1.330173739138,1.160000000000,EFFR,2017-07-14,3
2017-07-17,1.330302322599,1.160000000000,EFFR,2017-07-17,1
2017-07-18,1.330345187896,1.160000000000,EFFR,2017-07-18,1
2017-07-19,1.330388054574,1.160000000000,EFFR,2017-07-19,1
2017-07-20,1.330430922634,1.160000000000,EFFR,2017-07-20,1
2017-07-21,1.330473792075,1.160000000000,EFFR,2017-07-21,3
2017-07-24,1.330602404541,1.160000000000,EFFR,2017-07-24,1
2017-07-25,1.330645279508,1.160000000000,EFFR,2017-07-25,1
2017-07-26,1.330688155856,1.160000000000,EFFR,2017-07-26,1
2017-07-27,1.330731033585,1.160000000000,EFFR,2017-07-27,1
2017-07-28,1.330773912696,1.160000000000,EFFR,2017-07-28,3
2017-07-31,1.330902554174,1.070000000000,EFFR,2017-07-31,1
2017-08-01,1.330942111556,1.160000000000,EFFR,2017-08-01,1
2017-08-02,1.330984997468,1.160000000000,EFFR,2017-08-02,1
2017-08-03,1.331027884763,1.160000000000,EFFR,2017-08-03,1
2017-08-04,1.331070773439,1.160000000000,EFFR,2017-08-04,3
2017-08-07,1.331199443614,1.160000000000,EFFR,2017-08-07,1
2017-08-08,1.331242337818,1.160000000000,EFFR,2017-08-08,1
2017-08-09,1.331285233405,1.160000000000,EFFR,2017-08-09,1
2017-08-10,1.331328130373,1.160000000000,EFFR,2017-08-10,1
2017-08-11,1.331371028724,1.160000000000,EFFR,2017-08-11,3
2017-08-14,1.331499727924,1.160000000000,EFFR,2017-08-14,1
2017-08-15,1.331542631804,1.160000000000,EFFR,2017-08-15,1
2017-08-16,1.331585537066,1.160000000000,EFFR,2017-08-16,1
2017-08-17,1.331628443711,1.160000000000,EFFR,2017-08-17,1
2017-08-18,1.331671351739,1.160000000000,EFFR,2017-08-18,3
2017-08-21,1.331800079970,1.160000000000,EFFR,2017-08-21,1
2017-08-22,1.331842993528,1.160000000000,EFFR,2017-08-22,1
2017-08-23,1.331885908469,1.160000000000,EFFR,2017-08-23,1
2017-08-24,1.331928824792,1.160000000000,EFFR,2017-08-24,1
2017-08-25,1.331971742499,1.160000000000,EFFR,2017-08-25,3
2017-08-28,1.332100499767,1.160000000000,EFFR,2017-08-28,1
2017-08-29,1.332143423006,1.160000000000,EFFR,2017-08-29,1
2017-08-30,1.332186347627,1.160000000000,EFFR,2017-08-30,1
2017-08-31,1.332229273632,1.070000000000,EFFR,2017-08-31,1
2017-09-01,1.332268870446,1.160000000000,EFFR,2017-09-01,4
2017-09-05,1.332440585101,1.160000000000,EFFR,2017-09-05,1
2017-09-06,1.332483519297,1.160000000000,EFFR,2017-09-06,1
2017-09-07,1.332526454877,1.160000000000,EFFR,2017-09-07,1
2017-09-08,1.332569391841,1.160000000000,EFFR,2017-09-08,3
2017-09-11,1.332698206882,1.160000000000,EFFR,2017-09-11,1
2017-09-12,1.332741149380,1.160000000000,EFFR,2017-09-12,1
2017-09-13,1.332784093261,1.160000000000,EFFR,2017-09-13,1
2017-09-14,1.332827038527,1.160000000000,EFFR,2017-09-14,1
2017-09-15,1.332869985176,1.160000000000,EFFR,2017-09-15,3
2017-09-18,1.332998829274,1.160000000000,EFFR,2017-09-18,1
2017-09-19,1.333041781459,1.160000000000,EFFR,2017-09-19,1
2017-09-20,1.333084735027,1.160000000000,EFFR,2017-09-20,1
2017-09-21,1.333127689980,1.160000000000,EFFR,2017-09-21,1
2017-09-22,1.333170646316,1.160000000000,EFFR,2017-09-22,3
2017-09-25,1.333299519479,1.160000000000,EFFR,2017-09-25,1
2017-09-26,1.333342481352,1.160000000000,EFFR,2017-09-26,1
2017-09-27,1.333385444610,1.160000000000,EFFR,2017-09-27,1
2017-09-28,1.333428409252,1.160000000000,EFFR,2017-09-28,1
2017-09-29,1.333471375279,1.060000000000,EFFR,2017-09-29,3
2017-10-02,1.333589165250,1.160000000000,EFFR,2017-10-02,1
2017-10-03,1.333632136457,1.160000000000,EFFR,2017-10-03,1
2017-10-04,1.333675109048,1.160000000000,EFFR,2017-10-04,1
2017-10-05,1.333718083023,1.160000000000,EFFR,2017-10-05,1
2017-10-06,1.333761058384,1.160000000000,EFFR,2017-10-06,4
2017-10-10,1.333932965365,1.160000000000,EFFR,2017-10-10,1
2017-10-11,1.333975947649,1.160000000000,EFFR,2017-10-11,1
2017-10-12,1.334018931318,1.160000000000,EFFR,2017-10-12,1
2017-10-13,1.334061916373,1.160000000000,EFFR,2017-10-13,3
2017-10-16,1.334190875692,1.160000000000,EFFR,2017-10-16,1
2017-10-17,1.334233866286,1.160000000000,EFFR,2017-10-17,1
2017-10-18,1.334276858267,1.160000000000,EFFR,2017-10-18,1
2017-10-19,1.334319851632,1.160000000000,EFFR,2017-10-19,1
2017-10-20,1.334362846383,1.160000000000,EFFR,2017-10-20,3
2017-10-23,1.334491834791,1.160000000000,EFFR,2017-10-23,1
2017-10-24,1.334534835084,1.160000000000,EFFR,2017-10-24,1
2017-10-25,1.334577836762,1.160000000000,EFFR,2017-10-25,1
2017-10-26,1.334620839825,1.160000000000,EFFR,2017-10-26,1
2017-10-27,1.334663844275,1.160000000000,EFFR,2017-10-27,3
2017-10-30,1.334792861780,1.160000000000,EFFR,2017-10-30,1
2017-10-31,1.334835871772,1.070000000000,EFFR,2017-10-31,1
2017-11-01,1.334875546060,1.160000000000,EFFR,2017-11-01,1
2017-11-02,1.334918558717,1.160000000000,EFFR,2017-11-02,1
2017-11-03,1.334961572759,1.160000000000,EFFR,2017-11-03,3
2017-11-06,1.335090619044,1.160000000000,EFFR,2017-11-06,1
2017-11-07,1.335133638631,1.160000000000,EFFR,2017-11-07,1
2017-11-08,1.335176659604,1.160000000000,EFFR,2017-11-08,1
2017-11-09,1.335219681963,1.160000000000,EFFR,2017-11-09,1
2017-11-10,1.335262705708,1.160000000000,EFFR,2017-11-10,3
2017-11-13,1.335391781103,1.160000000000,EFFR,2017-11-13,1
2017-11-14,1.335434810394,1.160000000000,EFFR,2017-11-14,1
2017-11-15,1.335477841071,1.160000000000,EFFR,2017-11-15,1
2017-11-16,1.335520873135,1.160000000000,EFFR,2017-11-16,1
2017-11-17,1.335563906585,1.160000000000,EFFR,2017-11-17,3
2017-11-20,1.335693011096,1.160000000000,EFFR,2017-11-20,1
2017-11-21,1.335736050093,1.160000000000,EFFR,2017-11-21,1
2017-11-22,1.335779090477,1.160000000000,EFFR,2017-11-22,2
2017-11-24,1.335865174018,1.160000000000,EFFR,2017-11-24,3
2017-11-27,1.335994307652,1.160000000000,EFFR,2017-11-27,1
2017-11-28,1.336037356357,1.160000000000,EFFR,2017-11-28,1
2017-11-29,1.336080406450,1.160000000000,EFFR,2017-11-29,1
2017-11-30,1.336123457930,1.070000000000,EFFR,2017-11-30,1
2017-12-01,1.336163170488,1.160000000000,EFFR,2017-12-01,3
2017-12-04,1.336292332928,1.160000000000,EFFR,2017-12-04,1
2017-12-05,1.336335391236,1.160000000000,EFFR,2017-12-05,1
2017-12-06,1.336378450932,1.160000000000,EFFR,2017-12-06,1
2017-12-07,1.336421512016,1.160000000000,EFFR,2017-12-07,1
2017-12-08,1.336464574487,1.160000000000,EFFR,2017-12-08,3
2017-12-11,1.336593766062,1.160000000000,EFFR,2017-12-11,1
2017-12-12,1.336636834084,1.170000000000,EFFR,2017-12-12,1
2017-12-13,1.336680274781,1.170000000000,EFFR,2017-12-13,1
2017-12-14,1.336723716890,1.410000000000,EFFR,2017-12-14,1
2017-12-15,1.336776071902,1.410000000000,EFFR,2017-12-15,3
2017-12-18,1.336933143090,1.420000000000,EFFR,2017-12-18,1
2017-12-19,1.336985877675,1.420000000000,EFFR,2017-12-19,1
2017-12-20,1.337038614341,1.420000000000,EFFR,2017-12-20,1
2017-12-21,1.337091353086,1.420000000000,EFFR,2017-12-21,1
2017-12-22,1.337144093912,1.420000000000,EFFR,2017-12-22,4
2017-12-26,1.337355065535,1.420000000000,EFFR,2017-12-26,1
2017-12-27,1.337407816763,1.420000000000,EFFR,2017-12-27,1
2017-12-28,1.337460570071,1.420000000000,EFFR,2017-12-28,1
2017-12-29,1.337513325460,1.330000000000,EFFR,2017-12-29,4
2018-01-02,1.337710980207,1.420000000000,EFFR,2018-01-02,1
2018-01-03,1.337763745474,1.420000000000,EFFR,2018-01-03,1
2018-01-04,1.337816512821,1.420000000000,EFFR,2018-01-04,1
2018-01-05,1.337869282251,1.420000000000,EFFR,2018-01-05,3
2018-01-08,1.338027596782,1.420000000000,EFFR,2018-01-08,1
2018-01-09,1.338080374537,1.420000000000,EFFR,2018-01-09,1
2018-01-10,1.338133154374,1.420000000000,EFFR,2018-01-10,1
2018-01-11,1.338185936293,1.420000000000,EFFR,2018-01-11,1
2018-01-12,1.338238720294,1.420000000000,EFFR,2018-01-12,4
2018-01-16,1.338449864626,1.420000000000,EFFR,2018-01-16,1
2018-01-17,1.338502659037,1.420000000000,EFFR,2018-01-17,1
2018-01-18,1.338555455531,1.420000000000,EFFR,2018-01-18,1
2018-01-19,1.338608254107,1.420000000000,EFFR,2018-01-19,3
2018-01-22,1.338766656084,1.420000000000,EFFR,2018-01-22,1
2018-01-23,1.338819462991,1.420000000000,EFFR,2018-01-23,1
2018-01-24,1.338872271981,1.420000000000,EFFR,2018-01-24,1
2018-01-25,1.338925083054,1.420000000000,EFFR,2018-01-25,1
2018-01-26,1.338977896210,1.420000000000,EFFR,2018-01-26,3
2018-01-29,1.339136341927,1.420000000000,EFFR,2018-01-29,1
2018-01-30,1.339189163416,1.420000000000,EFFR,2018-01-30,1
2018-01-31,1.339241986989,1.340000000000,EFFR,2018-01-31,1
2018-02-01,1.339291836552,1.420000000000,EFFR,2018-02-01,1
2018-02-02,1.339344664174,1.420000000000,EFFR,2018-02-02,3
2018-02-05,1.339503153293,1.420000000000,EFFR,2018-02-05,1
2018-02-06,1.339555989251,1.420000000000,EFFR,2018-02-06,1
2018-02-07,1.339608827292,1.420000000000,EFFR,2018-02-07,1
2018-02-08,1.339661667418,1.420000000000,EFFR,2018-02-08,1
2018-02-09,1.339714509629,1.420000000000,EFFR,2018-02-09,3
2018-02-12,1.339873042512,1.420000000000,EFFR,2018-02-12,1
2018-02-13,1.339925893060,1.420000000000,EFFR,2018-02-13,1
2018-02-14,1.339978745692,1.420000000000,EFFR,2018-02-14,1
2018-02-15,1.340031600410,1.420000000000,EFFR,2018-02-15,1
2018-02-16,1.340084457212,1.420000000000,EFFR,2018-02-16,4
2018-02-20,1.340295892759,1.420000000000,EFFR,2018-02-20,1
2018-02-21,1.340348759986,1.420000000000,EFFR,2018-02-21,1
2018-02-22,1.340401629298,1.420000000000,EFFR,2018-02-22,1
2018-02-23,1.340454500696,1.420000000000,EFFR,2018-02-23,3
2018-02-26,1.340613121145,1.420000000000,EFFR,2018-02-26,1
2018-02-27,1.340666000885,1.420000000000,EFFR,2018-02-27,1
2018-02-28,1.340718882711,1.350000000000,EFFR,2018-02-28,1
2018-03-01,1.340769159669,1.420000000000,EFFR,2018-03-01,1
2018-03-02,1.340822045563,1.420000000000,EFFR,2018-03-02,3
2018-03-05,1.340980709505,1.420000000000,EFFR,2018-03-05,1
2018-03-06,1.341033603745,1.420000000000,EFFR,2018-03-06,1
2018-03-07,1.341086500070,1.420000000000,EFFR,2018-03-07,1
2018-03-08,1.341139398482,1.420000000000,EFFR,2018-03-08,1
2018-03-09,1.341192298980,1.420000000000,EFFR,2018-03-09,3
2018-03-12,1.341351006736,1.420000000000,EFFR,2018-03-12,1
2018-03-13,1.341403915581,1.420000000000,EFFR,2018-03-13,1
2018-03-14,1.341456826513,1.420000000000,EFFR,2018-03-14,1
2018-03-15,1.341509739533,1.430000000000,EFFR,2018-03-15,1
2018-03-16,1.341563027281,1.430000000000,EFFR,2018-03-16,3
2018-03-19,1.341722896875,1.430000000000,EFFR,2018-03-19,1
2018-03-20,1.341776193090,1.440000000000,EFFR,2018-03-20,1
2018-03-21,1.341829864137,1.440000000000,EFFR,2018-03-21,1
2018-03-22,1.341883537332,1.680000000000,EFFR,2018-03-22,1
2018-03-23,1.341946158564,1.680000000000,EFFR,2018-03-23,3
2018-03-26,1.342134031026,1.680000000000,EFFR,2018-03-26,1
2018-03-27,1.342196663947,1.680000000000,EFFR,2018-03-27,1
2018-03-28,1.342259299792,1.680000000000,EFFR,2018-03-28,1
2018-03-29,1.342321938559,1.680000000000,EFFR,2018-03-29,1
2018-03-30,1.342384580250,1.670000000000,EFFR,2018-03-30,3
2018-04-02,1.342571395437,1.800000000000,SOFR,2018-04-02,1
2018-04-03,1.342638524007,1.830000000000,SOFR,2018-04-03,1
2018-04-04,1.342706774798,1.740000000000,SOFR,2018-04-04,1
2018-04-05,1.342771672292,1.750000000000,SOFR,2018-04-05,1
2018-04-06,1.342836945915,1.750000000000,SOFR,2018-04-06,3
2018-04-09,1.343032776303,1.750000000000,SOFR,2018-04-09,1
2018-04-10,1.343098062619,1.750000000000,SOFR,2018-04-10,1
2018-04-11,1.343163352108,1.760000000000,SOFR,2018-04-11,1
2018-04-12,1.343229017872,1.730000000000,SOFR,2018-04-12,1
2018-04-13,1.343293567489,1.720000000000,SOFR,2018-04-13,3
2018-04-16,1.343486106233,1.770000000000,SOFR,2018-04-16,1
2018-04-17,1.343552160967,1.760000000000,SOFR,2018-04-17,1
2018-04-18,1.343617845739,1.750000000000,SOFR,2018-04-18,1
2018-04-19,1.343683160496,1.730000000000,SOFR,2018-04-19,1
2018-04-20,1.343747731936,1.720000000000,SOFR,2018-04-20,3
2018-04-23,1.343940335778,1.700000000000,SOFR,2018-04-23,1
2018-04-24,1.344003799627,1.710000000000,SOFR,2018-04-24,1
2018-04-25,1.344067639808,1.710000000000,SOFR,2018-04-25,1
2018-04-26,1.344131483020,1.720000000000,SOFR,2018-04-26,1
2018-04-27,1.344195702636,1.720000000000,SOFR,2018-04-27,3
2018-04-30,1.344388370686,1.770000000000,SOFR,2018-04-30,1
2018-05-01,1.344454469781,1.760000000000,SOFR,2018-05-01,1
2018-05-02,1.344520198667,1.750000000000,SOFR,2018-05-02,1
2018-05-03,1.344585557287,1.740000000000,SOFR,2018-05-03,1
2018-05-04,1.344650545589,1.720000000000,SOFR,2018-05-04,3
2018-05-07,1.344843278834,1.710000000000,SOFR,2018-05-07,1
2018-05-08,1.344907158890,1.720000000000,SOFR,2018-05-08,1
2018-05-09,1.344971415565,1.720000000000,SOFR,2018-05-09,1
2018-05-10,1.345035675311,1.730000000000,SOFR,2018-05-10,1
2018-05-11,1.345100311747,1.730000000000,SOFR,2018-05-11,3
2018-05-14,1.345294230376,1.750000000000,SOFR,2018-05-14,1
2018-05-15,1.345359626623,1.790000000000,SOFR,2018-05-15,1
2018-05-16,1.345426520893,1.750000000000,SOFR,2018-05-16,1
2018-05-17,1.345491923571,1.740000000000,SOFR,2018-05-17,1
2018-05-18,1.345556955681,1.730000000000,SOFR,2018-05-18,3
2018-05-21,1.345750940142,1.690000000000,SOFR,2018-05-21,1
2018-05-22,1.345814115672,1.650000000000,SOFR,2018-05-22,1
2018-05-23,1.345875798819,1.670000000000,SOFR,2018-05-23,1
2018-05-24,1.345938232502,1.740000000000,SOFR,2018-05-24,1
2018-05-25,1.346003286183,1.730000000000,SOFR,2018-05-25,4
2018-05-29,1.346262017926,1.720000000000,SOFR,2018-05-29,1
2018-05-30,1.346326339334,1.720000000000,SOFR,2018-05-30,1
2018-05-31,1.346390663814,1.810000000000,SOFR,2018-05-31,1
2018-06-01,1.346458357345,1.810000000000,SOFR,2018-06-01,3
2018-06-04,1.346661448147,1.800000000000,SOFR,2018-06-04,1
2018-06-05,1.346728781220,1.750000000000,SOFR,2018-06-05,1
2018-06-06,1.346794247202,1.730000000000,SOFR,2018-06-06,1
2018-06-07,1.346858968148,1.710000000000,SOFR,2018-06-07,1
2018-06-08,1.346922943949,1.690000000000,SOFR,2018-06-08,3
2018-06-11,1.347112635597,1.690000000000,SOFR,2018-06-11,1
2018-06-12,1.347175875051,1.670000000000,SOFR,2018-06-12,1
2018-06-13,1.347238369043,1.710000000000,SOFR,2018-06-13,1
2018-06-14,1.347302362865,1.900000000000,SOFR,2018-06-14,1
2018-06-15,1.347373470490,1.910000000000,SOFR,2018-06-15,3
2018-06-18,1.347587927434,1.900000000000,SOFR,2018-06-18,1
2018-06-19,1.347659050130,1.880000000000,SOFR,2018-06-19,1
2018-06-20,1.347729427881,1.870000000000,SOFR,2018-06-20,1
2018-06-21,1.347799434937,1.870000000000,SOFR,2018-06-21,1
2018-06-22,1.347869445630,1.920000000000,SOFR,2018-06-22,3
2018-06-25,1.348085104741,1.910000000000,SOFR,2018-06-25,1
2018-06-26,1.348156628146,1.900000000000,SOFR,2018-06-26,1
2018-06-27,1.348227780856,1.900000000000,SOFR,2018-06-27,1
2018-06-28,1.348298937323,1.930000000000,SOFR,2018-06-28,1
2018-06-29,1.348371221127,2.120000000000,SOFR,2018-06-29,3
2018-07-02,1.348609433376,2.040000000000,SOFR,2018-07-02,1
2018-07-03,1.348685854577,2.000000000000,SOFR,2018-07-03,2
2018-07-05,1.348835708561,1.970000000000,SOFR,2018-07-05,1
2018-07-06,1.348909519848,1.930000000000,SOFR,2018-07-06,3
2018-07-09,1.349126469463,1.890000000000,SOFR,2018-07-09,1
2018-07-10,1.349197298602,1.890000000000,SOFR,2018-07-10,1
2018-07-11,1.349268131461,1.890000000000,SOFR,2018-07-11,1
2018-07-12,1.349338968037,1.900000000000,SOFR,2018-07-12,1
2018-07-13,1.349410183150,1.900000000000,SOFR,2018-07-13,3
2018-07-16,1.349623839762,1.950000000000,SOFR,2018-07-16,1
2018-07-17,1.349696944387,1.920000000000,SOFR,2018-07-17,1
2018-07-18,1.349768928224,1.900000000000,SOFR,2018-07-18,1
2018-07-19,1.349840166028,1.900000000000,SOFR,2018-07-19,1
2018-07-20,1.349911407593,1.880000000000,SOFR,2018-07-20,3
2018-07-23,1.350122893713,1.870000000000,SOFR,2018-07-23,1
2018-07-24,1.350193025097,1.900000000000,SOFR,2018-07-24,1
2018-07-25,1.350264285284,1.870000000000,SOFR,2018-07-25,1
2018-07-26,1.350334424012,1.900000000000,SOFR,2018-07-26,1
2018-07-27,1.350405691662,1.880000000000,SOFR,2018-07-27,3
2018-07-30,1.350617255221,1.880000000000,SOFR,2018-07-30,1
2018-07-31,1.350687787455,1.930000000000,SOFR,2018-07-31,1
2018-08-01,1.350760199328,1.880000000000,SOFR,2018-08-01,1
2018-08-02,1.350830739028,1.910000000000,SOFR,2018-08-02,1
2018-08-03,1.350902408103,1.860000000000,SOFR,2018-08-03,3
2018-08-06,1.351111797976,1.860000000000,SOFR,2018-08-06,1
2018-08-07,1.351181605419,1.870000000000,SOFR,2018-08-07,1
2018-08-08,1.351251791797,1.880000000000,SOFR,2018-08-08,1
2018-08-09,1.351322357168,1.910000000000,SOFR,2018-08-09,1
2018-08-10,1.351394052327,1.900000000000,SOFR,2018-08-10,3
2018-08-13,1.351608023052,1.910000000000,SOFR,2018-08-13,1
2018-08-14,1.351679733366,1.930000000000,SOFR,2018-08-14,1
2018-08-15,1.351752198419,1.980000000000,SOFR,2018-08-15,1
2018-08-16,1.351826544789,1.990000000000,SOFR,2018-08-16,1
2018-08-17,1.351901270757,1.900000000000,SOFR,2018-08-17,3
2018-08-20,1.352115321791,1.900000000000,SOFR,2018-08-20,1
2018-08-21,1.352186683433,1.900000000000,SOFR,2018-08-21,1
2018-08-22,1.352258048842,1.900000000000,SOFR,2018-08-22,1
2018-08-23,1.352329418016,1.940000000000,SOFR,2018-08-23,1
2018-08-24,1.352402293546,1.950000000000,SOFR,2018-08-24,3
2018-08-27,1.352622058919,1.950000000000,SOFR,2018-08-27,1
2018-08-28,1.352695325947,1.950000000000,SOFR,2018-08-28,1
2018-08-29,1.352768596944,1.930000000000,SOFR,2018-08-29,1
2018-08-30,1.352841120371,1.930000000000,SOFR,2018-08-30,1
2018-08-31,1.352913647687,1.970000000000,SOFR,2018-08-31,4
2018-09-04,1.353209785452,1.950000000000,SOFR,2018-09-04,1
2018-09-05,1.353283084316,1.950000000000,SOFR,2018-09-05,1
2018-09-06,1.353356387149,1.940000000000,SOFR,2018-09-06,1
2018-09-07,1.353429318021,1.940000000000,SOFR,2018-09-07,3
2018-09-10,1.353648122428,1.940000000000,SOFR,2018-09-10,1
2018-09-11,1.353721069021,1.940000000000,SOFR,2018-09-11,1
2018-09-12,1.353794019545,1.940000000000,SOFR,2018-09-12,1
2018-09-13,1.353866974001,1.940000000000,SOFR,2018-09-13,1
2018-09-14,1.353939932388,1.950000000000,SOFR,2018-09-14,3
2018-09-17,1.354159947627,2.000000000000,SOFR,2018-09-17,1
2018-09-18,1.354235178735,1.940000000000,SOFR,2018-09-18,1
2018-09-19,1.354308156964,1.920000000000,SOFR,2018-09-19,1
2018-09-20,1.354380386732,1.920000000000,SOFR,2018-09-20,1
2018-09-21,1.354452620353,1.920000000000,SOFR,2018-09-21,3
2018-09-24,1.354669332772,1.950000000000,SOFR,2018-09-24,1
2018-09-25,1.354742710694,1.930000000000,SOFR,2018-09-25,1
2018-09-26,1.354815339956,1.920000000000,SOFR,2018-09-26,1
2018-09-27,1.354887596775,2.160000000000,SOFR,2018-09-27,1
2018-09-28,1.354968890030,2.250000000000,SOFR,2018-09-28,3
2018-10-01,1.355222946697,2.220000000000,SOFR,2018-10-01,1
2018-10-02,1.355306518779,2.200000000000,SOFR,2018-10-02,1
2018-10-03,1.355389343066,2.200000000000,SOFR,2018-10-03,1
2018-10-04,1.355472172415,2.180000000000,SOFR,2018-10-04,1
2018-10-05,1.355554253785,2.160000000000,SOFR,2018-10-05,4
2018-10-09,1.355879586806,2.150000000000,SOFR,2018-10-09,1
2018-10-10,1.355960562948,2.150000000000,SOFR,2018-10-10,1
2018-10-11,1.356041543926,2.170000000000,SOFR,2018-10-11,1
2018-10-12,1.356123283097,2.180000000000,SOFR,2018-10-12,3
2018-10-15,1.356369645494,2.210000000000,SOFR,2018-10-15,1
2018-10-16,1.356452911519,2.180000000000,SOFR,2018-10-16,1
2018-10-17,1.356535052279,2.180000000000,SOFR,2018-10-17,1
2018-10-18,1.356617198012,2.190000000000,SOFR,2018-10-18,1
2018-10-19,1.356699725559,2.190000000000,SOFR,2018-10-19,3
2018-10-22,1.356947323259,2.180000000000,SOFR,2018-10-22,1
2018-10-23,1.357029493958,2.170000000000,SOFR,2018-10-23,1
2018-10-24,1.357111292680,2.180000000000,SOFR,2018-10-24,1
2018-10-25,1.357193473308,2.190000000000,SOFR,2018-10-25,1
2018-10-26,1.357276035911,2.190000000000,SOFR,2018-10-26,3
2018-10-29,1.357523738788,2.180000000000,SOFR,2018-10-29,1
2018-10-30,1.357605944392,2.180000000000,SOFR,2018-10-30,1
2018-10-31,1.357688154974,2.220000000000,SOFR,2018-10-31,1
2018-11-01,1.357771879077,2.220000000000,SOFR,2018-11-01,1
2018-11-02,1.357855608343,2.250000000000,SOFR,2018-11-02,3
2018-11-05,1.358110206269,2.240000000000,SOFR,2018-11-05,1
2018-11-06,1.358194710904,2.220000000000,SOFR,2018-11-06,1
2018-11-07,1.358278466245,2.180000000000,SOFR,2018-11-07,1
2018-11-08,1.358360717552,2.210000000000,SOFR,2018-11-08,1
2018-11-09,1.358444105807,2.200000000000,SOFR,2018-11-09,4
2018-11-13,1.358776169922,2.200000000000,SOFR,2018-11-13,1
2018-11-14,1.358859206243,2.200000000000,SOFR,2018-11-14,1
2018-11-15,1.358942247639,2.280000000000,SOFR,2018-11-15,1
2018-11-16,1.359028313982,2.260000000000,SOFR,2018-11-16,3
2018-11-19,1.359284264314,2.240000000000,SOFR,2018-11-19,1
2018-11-20,1.359368842002,2.200000000000,SOFR,2018-11-20,1
2018-11-21,1.359451914542,2.180000000000,SOFR,2018-11-21,2
2018-11-23,1.359616559274,2.230000000000,SOFR,2018-11-23,3
2018-11-26,1.359869221351,2.200000000000,SOFR,2018-11-26,1
2018-11-27,1.359952324470,2.190000000000,SOFR,2018-11-27,1
2018-11-28,1.360035054903,2.190000000000,SOFR,2018-11-28,1
2018-11-29,1.360117790369,2.240000000000,SOFR,2018-11-29,1
2018-11-30,1.360202419921,2.280000000000,SOFR,2018-11-30,3
2018-12-03,1.360460858380,2.230000000000,SOFR,2018-12-03,1
2018-12-04,1.360545131372,2.270000000000,SOFR,2018-12-04,2
2018-12-06,1.360716711231,2.340000000000,SOFR,2018-12-06,1
2018-12-07,1.360805157817,2.300000000000,SOFR,2018-12-07,3
2018-12-10,1.361065978805,2.220000000000,SOFR,2018-12-10,1
2018-12-11,1.361149911208,2.190000000000,SOFR,2018-12-11,1
2018-12-12,1.361232714494,2.200000000000,SOFR,2018-12-12,1
2018-12-13,1.361315900937,2.210000000000,SOFR,2018-12-13,1
2018-12-14,1.361399470608,2.210000000000,SOFR,2018-12-14,3
2018-12-17,1.361650195011,2.310000000000,SOFR,2018-12-17,1
2018-12-18,1.361737567565,2.320000000000,SOFR,2018-12-18,1
2018-12-19,1.361825323986,2.300000000000,SOFR,2018-12-19,1
2018-12-20,1.361912329493,2.410000000000,SOFR,2018-12-20,1
2018-12-21,1.362003501957,2.400000000000,SOFR,2018-12-21,3
2018-12-24,1.362275902657,2.410000000000,SOFR,2018-12-24,2
2018-12-26,1.362458296264,2.440000000000,SOFR,2018-12-26,1
2018-12-27,1.362550640660,2.440000000000,SOFR,2018-12-27,1
2018-12-28,1.362642991314,2.460000000000,SOFR,2018-12-28,3
2018-12-31,1.362922333128,3.000000000000,SOFR,2018-12-31,2
2019-01-02,1.363149486850,3.150000000000,SOFR,2019-01-02,1
2019-01-03,1.363268762430,2.700000000000,SOFR,2019-01-03,1
2019-01-04,1.363371007587,2.450000000000,SOFR,2019-01-04,3
2019-01-07,1.363649362501,2.410000000000,SOFR,2019-01-07,1
2019-01-08,1.363740651250,2.420000000000,SOFR,2019-01-08,1
2019-01-09,1.363832324927,2.450000000000,SOFR,2019-01-09,1
2019-01-10,1.363925141294,2.430000000000,SOFR,2019-01-10,1
2019-01-11,1.364017206241,2.410000000000,SOFR,2019-01-11,3
2019-01-14,1.364291146363,2.400000000000,SOFR,2019-01-14,1
2019-01-15,1.364382099106,2.460000000000,SOFR,2019-01-15,1
2019-01-16,1.364475331883,2.430000000000,SOFR,2019-01-16,1
2019-01-17,1.364567433968,2.410000000000,SOFR,2019-01-17,1
2019-01-18,1.364658784177,2.420000000000,SOFR,2019-01-18,4
2019-01-22,1.365025725761,2.410000000000,SOFR,2019-01-22,1
2019-01-23,1.365117106650,2.400000000000,SOFR,2019-01-23,1
2019-01-24,1.365208114457,2.410000000000,SOFR,2019-01-24,1
2019-01-25,1.365299507556,2.400000000000,SOFR,2019-01-25,3
2019-01-28,1.365572567457,2.390000000000,SOFR,2019-01-28,1
2019-01-29,1.365663226302,2.400000000000,SOFR,2019-01-29,1
2019-01-30,1.365754270518,2.390000000000,SOFR,2019-01-30,1
2019-01-31,1.365844941426,2.580000000000,SOFR,2019-01-31,1
2019-02-01,1.365942826980,2.470000000000,SOFR,2019-02-01,3
2019-02-04,1.366223983545,2.400000000000,SOFR,2019-02-04,1
2019-02-05,1.366315065144,2.400000000000,SOFR,2019-02-05,1
2019-02-06,1.366406152815,2.380000000000,SOFR,2019-02-06,1
2019-02-07,1.366496487444,2.380000000000,SOFR,2019-02-07,1
2019-02-08,1.366586828045,2.370000000000,SOFR,2019-02-08,3
2019-02-11,1.366856728944,2.400000000000,SOFR,2019-02-11,1
2019-02-12,1.366947852726,2.390000000000,SOFR,2019-02-12,1
2019-02-13,1.367038602875,2.380000000000,SOFR,2019-02-13,1
2019-02-14,1.367128979316,2.390000000000,SOFR,2019-02-14,1
2019-02-15,1.367219741490,2.430000000000,SOFR,2019-02-15,4
2019-02-19,1.367588890820,2.400000000000,SOFR,2019-02-19,1
2019-02-20,1.367680063413,2.390000000000,SOFR,2019-02-20,1
2019-02-21,1.367770862173,2.390000000000,SOFR,2019-02-21,1
2019-02-22,1.367861666960,2.400000000000,SOFR,2019-02-22,3
2019-02-25,1.368135239294,2.380000000000,SOFR,2019-02-25,1
2019-02-26,1.368225688235,2.380000000000,SOFR,2019-02-26,1
2019-02-27,1.368316143155,2.370000000000,SOFR,2019-02-27,1
2019-02-28,1.368406223968,2.580000000000,SOFR,2019-02-28,1
2019-03-01,1.368504293081,2.380000000000,SOFR,2019-03-01,3
2019-03-04,1.368775713099,2.380000000000,SOFR,2019-03-04,1
2019-03-05,1.368866204382,2.380000000000,SOFR,2019-03-05,1
2019-03-06,1.368956701648,2.380000000000,SOFR,2019-03-06,1
2019-03-07,1.369047204896,2.380000000000,SOFR,2019-03-07,1
2019-03-08,1.369137714128,2.390000000000,SOFR,2019-03-08,3
2019-03-11,1.369410400723,2.380000000000,SOFR,2019-03-11,1
2019-03-12,1.369500933966,2.390000000000,SOFR,2019-03-12,1
2019-03-13,1.369591853611,2.400000000000,SOFR,2019-03-13,1
2019-03-14,1.369683159735,2.420000000000,SOFR,2019-03-14,1
2019-03-15,1.369775232881,2.460000000000,SOFR,2019-03-15,3
2019-03-18,1.370056036803,2.410000000000,SOFR,2019-03-18,1
2019-03-19,1.370147754444,2.420000000000,SOFR,2019-03-19,1
2019-03-20,1.370239858821,2.470000000000,SOFR,2019-03-20,1
2019-03-21,1.370333872500,2.440000000000,SOFR,2019-03-21,1
2019-03-22,1.370426750684,2.400000000000,SOFR,2019-03-22,3
2019-03-25,1.370700836035,2.400000000000,SOFR,2019-03-25,1
2019-03-26,1.370792216090,2.400000000000,SOFR,2019-03-26,1
2019-03-27,1.370883602238,2.400000000000,SOFR,2019-03-27,1
2019-03-28,1.370974994478,2.430000000000,SOFR,2019-03-28,1
2019-03-29,1.371067535290,2.650000000000,SOFR,2019-03-29,3
2019-04-01,1.371370312704,2.460000000000,SOFR,2019-04-01,1
2019-04-02,1.371464023009,2.460000000000,SOFR,2019-04-02,1
2019-04-03,1.371557739717,2.470000000000,SOFR,2019-04-03,1
2019-04-04,1.371651843818,2.460000000000,SOFR,2019-04-04,1
2019-04-05,1.371745573360,2.460000000000,SOFR,2019-04-05,3
2019-04-08,1.372026781203,2.460000000000,SOFR,2019-04-08,1
2019-04-09,1.372120536366,2.450000000000,SOFR,2019-04-09,1
2019-04-10,1.372213916792,2.450000000000,SOFR,2019-04-10,1
2019-04-11,1.372307303572,2.440000000000,SOFR,2019-04-11,1
2019-04-12,1.372400315512,2.440000000000,SOFR,2019-04-12,3
2019-04-15,1.372679370242,2.470000000000,SOFR,2019-04-15,1
2019-04-16,1.372773551299,2.470000000000,SOFR,2019-04-16,1
2019-04-17,1.372867738818,2.500000000000,SOFR,2019-04-17,1
2019-04-18,1.372963076855,2.500000000000,SOFR,2019-04-18,4
2019-04-22,1.373344455488,2.460000000000,SOFR,2019-04-22,1
2019-04-23,1.373438300692,2.460000000000,SOFR,2019-04-23,1
2019-04-24,1.373532152309,2.440000000000,SOFR,2019-04-24,1
2019-04-25,1.373625247266,2.450000000000,SOFR,2019-04-25,1
2019-04-26,1.373718730096,2.460000000000,SOFR,2019-04-26,3
2019-04-29,1.374000342435,2.480000000000,SOFR,2019-04-29,1
2019-04-30,1.374094995792,2.760000000000,SOFR,2019-04-30,1
2019-05-01,1.374200343075,2.540000000000,SOFR,2019-05-01,1
2019-05-02,1.374297300544,2.500000000000,SOFR,2019-05-02,1
2019-05-03,1.374392737857,2.430000000000,SOFR,2019-05-03,3
2019-05-06,1.374671052386,2.420000000000,SOFR,2019-05-06,1
2019-05-07,1.374763460829,2.440000000000,SOFR,2019-05-07,1
2019-05-08,1.374856639241,2.430000000000,SOFR,2019-05-08,1
2019-05-09,1.374949442064,2.410000000000,SOFR,2019-05-09,1
2019-05-10,1.375041487291,2.400000000000,SOFR,2019-05-10,3
2019-05-13,1.375316495588,2.380000000000,SOFR,2019-05-13,1
2019-05-14,1.375407419290,2.390000000000,SOFR,2019-05-14,1
2019-05-15,1.375498731060,2.480000000000,SOFR,2019-05-15,1
2019-05-16,1.375593487640,2.430000000000,SOFR,2019-05-16,1
2019-05-17,1.375686340200,2.420000000000,SOFR,2019-05-17,3
2019-05-20,1.375963770279,2.390000000000,SOFR,2019-05-20,1
2019-05-21,1.376055118985,2.380000000000,SOFR,2019-05-21,1
2019-05-22,1.376146091517,2.370000000000,SOFR,2019-05-22,1
2019-05-23,1.376236687802,2.370000000000,SOFR,2019-05-23,1
2019-05-24,1.376327290050,2.370000000000,SOFR,2019-05-24,4
2019-05-28,1.376689722903,2.410000000000,SOFR,2019-05-28,1
2019-05-29,1.376781884632,2.400000000000,SOFR,2019-05-29,1
2019-05-30,1.376873670091,2.400000000000,SOFR,2019-05-30,1
2019-05-31,1.376965461669,2.490000000000,SOFR,2019-05-31,3
2019-06-03,1.377251182002,2.400000000000,SOFR,2019-06-03,1
2019-06-04,1.377342998748,2.390000000000,SOFR,2019-06-04,1
2019-06-05,1.377434439019,2.400000000000,SOFR,2019-06-05,1
2019-06-06,1.377526267982,2.400000000000,SOFR,2019-06-06,1
2019-06-07,1.377618103066,2.390000000000,SOFR,2019-06-07,3
2019-06-10,1.377892478672,2.390000000000,SOFR,2019-06-10,1
2019-06-11,1.377983955423,2.380000000000,SOFR,2019-06-11,1
2019-06-12,1.378075055473,2.370000000000,SOFR,2019-06-12,1
2019-06-13,1.378165778747,2.350000000000,SOFR,2019-06-13,1
2019-06-14,1.378255742347,2.350000000000,SOFR,2019-06-14,3
2019-06-17,1.378525650763,2.410000000000,SOFR,2019-06-17,1
2019-06-18,1.378617935397,2.390000000000,SOFR,2019-06-18,1
2019-06-19,1.378709460310,2.360000000000,SOFR,2019-06-19,1
2019-06-20,1.378799842374,2.360000000000,SOFR,2019-06-20,1
2019-06-21,1.378890230364,2.370000000000,SOFR,2019-06-21,3
2019-06-24,1.379162561185,2.390000000000,SOFR,2019-06-24,1
2019-06-25,1.379254122255,2.410000000000,SOFR,2019-06-25,1
2019-06-26,1.379346455656,2.430000000000,SOFR,2019-06-26,1
2019-06-27,1.379439561541,2.420000000000,SOFR,2019-06-27,1
2019-06-28,1.379532290534,2.500000000000,SOFR,2019-06-28,3
2019-07-01,1.379819693095,2.420000000000,SOFR,2019-07-01,1
2019-07-02,1.379912447641,2.510000000000,SOFR,2019-07-02,1
2019-07-03,1.380008658203,2.560000000000,SOFR,2019-07-03,2
2019-07-05,1.380204926101,2.590000000000,SOFR,2019-07-05,3
2019-07-08,1.380502820331,2.480000000000,SOFR,2019-07-08,1
2019-07-09,1.380597921636,2.450000000000,SOFR,2019-07-09,1
2019-07-10,1.380691878995,2.460000000000,SOFR,2019-07-10,1
2019-07-11,1.380786226273,2.410000000000,SOFR,2019-07-11,1
2019-07-12,1.380878662240,2.360000000000,SOFR,2019-07-12,3
2019-07-15,1.381150235044,2.460000000000,SOFR,2019-07-15,1
2019-07-16,1.381244613643,2.470000000000,SOFR,2019-07-16,1
2019-07-17,1.381339382371,2.470000000000,SOFR,2019-07-17,1
2019-07-18,1.381434157601,2.460000000000,SOFR,2019-07-18,1
2019-07-19,1.381528555601,2.410000000000,SOFR,2019-07-19,3
2019-07-22,1.381806012586,2.400000000000,SOFR,2019-07-22,1
2019-07-23,1.381898132987,2.400000000000,SOFR,2019-07-23,1
2019-07-24,1.381990259529,2.410000000000,SOFR,2019-07-24,1
2019-07-25,1.382082776099,2.420000000000,SOFR,2019-07-25,1
2019-07-26,1.382175682775,2.410000000000,SOFR,2019-07-26,3
2019-07-29,1.382453269725,2.400000000000,SOFR,2019-07-29,1
2019-07-30,1.382545433276,2.390000000000,SOFR,2019-07-30,1
2019-07-31,1.382637218931,2.550000000000,SOFR,2019-07-31,1
2019-08-01,1.382735155734,2.190000000000,SOFR,2019-08-01,1
2019-08-02,1.382819272123,2.190000000000,SOFR,2019-08-02,3
2019-08-05,1.383071636640,2.130000000000,SOFR,2019-08-05,1
2019-08-06,1.383153468378,2.110000000000,SOFR,2019-08-06,1
2019-08-07,1.383234536540,2.100000000000,SOFR,2019-08-07,1
2019-08-08,1.383315225221,2.090000000000,SOFR,2019-08-08,1
2019-08-09,1.383395534355,2.110000000000,SOFR,2019-08-09,3
2019-08-12,1.383638781403,2.120000000000,SOFR,2019-08-12,1
2019-08-13,1.383720262354,2.160000000000,SOFR,2019-08-13,1
2019-08-14,1.383803285570,2.130000000000,SOFR,2019-08-14,1
2019-08-15,1.383885160597,2.180000000000,SOFR,2019-08-15,1
2019-08-16,1.383968962532,2.130000000000,SOFR,2019-08-16,3
2019-08-19,1.384214617023,2.110000000000,SOFR,2019-08-19,1
2019-08-20,1.384295747380,2.130000000000,SOFR,2019-08-20,1
2019-08-21,1.384377651545,2.100000000000,SOFR,2019-08-21,1
2019-08-22,1.384458406908,2.090000000000,SOFR,2019-08-22,1
2019-08-23,1.384538782410,2.100000000000,SOFR,2019-08-23,3
2019-08-26,1.384781076696,2.100000000000,SOFR,2019-08-26,1
2019-08-27,1.384861855593,2.150000000000,SOFR,2019-08-27,1
2019-08-28,1.384944562620,2.120000000000,SOFR,2019-08-28,1
2019-08-29,1.385026120467,2.120000000000,SOFR,2019-08-29,1
2019-08-30,1.385107683116,2.160000000000,SOFR,2019-08-30,4
2019-09-03,1.385440108960,2.170000000000,SOFR,2019-09-03,1
2019-09-04,1.385523620211,2.210000000000,SOFR,2019-09-04,1
2019-09-05,1.385608675966,2.210000000000,SOFR,2019-09-05,1
2019-09-06,1.385693736943,2.150000000000,SOFR,2019-09-06,3
2019-09-09,1.385942007071,2.120000000000,SOFR,2019-09-09,1
2019-09-10,1.386023623656,2.140000000000,SOFR,2019-09-10,1
2019-09-11,1.386106015060,2.150000000000,SOFR,2019-09-11,1
2019-09-12,1.386188796392,2.200000000000,SOFR,2019-09-12,1
2019-09-13,1.386273507930,2.200000000000,SOFR,2019-09-13,3
2019-09-16,1.386527658073,2.430000000000,SOFR,2019-09-16,1
2019-09-17,1.386621248690,5.250000000000,SOFR,2019-09-17,1
2019-09-18,1.386823464288,2.550000000000,SOFR,2019-09-18,1
2019-09-19,1.386921697617,1.950000000000,SOFR,2019-09-19,1
2019-09-20,1.386996822542,1.860000000000,SOFR,2019-09-20,3
2019-09-23,1.387211807050,1.850000000000,SOFR,2019-09-23,1
2019-09-24,1.387283094323,1.960000000000,SOFR,2019-09-24,1
2019-09-25,1.387358624181,2.010000000000,SOFR,2019-09-25,1
2019-09-26,1.387436085037,1.850000000000,SOFR,2019-09-26,1
2019-09-27,1.387507383836,1.820000000000,SOFR,2019-09-27,3
2019-09-30,1.387717822456,2.350000000000,SOFR,2019-09-30,1
2019-10-01,1.387808409591,1.880000000000,SOFR,2019-10-01,1
2019-10-02,1.387880884031,1.850000000000,SOFR,2019-10-02,1
2019-10-03,1.387952205687,1.840000000000,SOFR,2019-10-03,1
2019-10-04,1.388023145467,1.820000000000,SOFR,2019-10-04,3
2019-10-07,1.388233662310,1.830000000000,SOFR,2019-10-07,1
2019-10-08,1.388304230855,1.850000000000,SOFR,2019-10-08,1
2019-10-09,1.388375574267,1.850000000000,SOFR,2019-10-09,1
2019-10-10,1.388446921345,1.850000000000,SOFR,2019-10-10,1
2019-10-11,1.388518272089,1.850000000000,SOFR,2019-10-11,4
2019-10-15,1.388803689734,2.000000000000,SOFR,2019-10-15,1
2019-10-16,1.388880845495,2.050000000000,SOFR,2019-10-16,1
2019-10-17,1.388959934543,1.950000000000,SOFR,2019-10-17,1
2019-10-18,1.389035169873,1.880000000000,SOFR,2019-10-18,3
2019-10-21,1.389252785383,1.860000000000,SOFR,2019-10-21,1
2019-10-22,1.389324563443,1.870000000000,SOFR,2019-10-22,1
2019-10-23,1.389396731136,1.870000000000,SOFR,2019-10-23,1
2019-10-24,1.389468902577,1.860000000000,SOFR,2019-10-24,1
2019-10-25,1.389540691804,1.840000000000,SOFR,2019-10-25,3
2019-10-28,1.389753754710,1.820000000000,SOFR,2019-10-28,1
2019-10-29,1.389824014483,1.810000000000,SOFR,2019-10-29,1
2019-10-30,1.389893891746,1.820000000000,SOFR,2019-10-30,1
2019-10-31,1.389964158604,1.760000000000,SOFR,2019-10-31,1
2019-11-01,1.390032112407,1.580000000000,SOFR,2019-11-01,3
2019-11-04,1.390215133302,1.560000000000,SOFR,2019-11-04,1
2019-11-05,1.390275375958,1.580000000000,SOFR,2019-11-05,1
2019-11-06,1.390336393599,1.570000000000,SOFR,2019-11-06,1
2019-11-07,1.390397027714,1.560000000000,SOFR,2019-11-07,1
2019-11-08,1.390457278252,1.560000000000,SOFR,2019-11-08,4
2019-11-12,1.390698290847,1.570000000000,SOFR,2019-11-12,1
2019-11-13,1.390758940745,1.570000000000,SOFR,2019-11-13,1
2019-11-14,1.390819593287,1.580000000000,SOFR,2019-11-14,1
2019-11-15,1.390880634814,1.590000000000,SOFR,2019-11-15,3
2019-11-18,1.391064926498,1.560000000000,SOFR,2019-11-18,1
2019-11-19,1.391125205978,1.570000000000,SOFR,2019-11-19,1
2019-11-20,1.391185874494,1.570000000000,SOFR,2019-11-20,1
2019-11-21,1.391246545656,1.580000000000,SOFR,2019-11-21,1
2019-11-22,1.391307605921,1.580000000000,SOFR,2019-11-22,3
2019-11-25,1.391490794756,1.560000000000,SOFR,2019-11-25,1
2019-11-26,1.391551092690,1.540000000000,SOFR,2019-11-26,1
2019-11-27,1.391610620153,1.550000000000,SOFR,2019-11-27,2
2019-11-29,1.391730453290,1.650000000000,SOFR,2019-11-29,3
2019-12-02,1.391921816227,1.630000000000,SOFR,2019-12-02,1
2019-12-03,1.391984839354,1.550000000000,SOFR,2019-12-03,1
2019-12-04,1.392044772035,1.540000000000,SOFR,2019-12-04,1
2019-12-05,1.392104320617,1.550000000000,SOFR,2019-12-05,1
2019-12-06,1.392164258442,1.550000000000,SOFR,2019-12-06,3
2019-12-09,1.392344079658,1.560000000000,SOFR,2019-12-09,1
2019-12-10,1.392404414568,1.550000000000,SOFR,2019-12-10,1
2019-12-11,1.392464365314,1.540000000000,SOFR,2019-12-11,1
2019-12-12,1.392523931845,1.530000000000,SOFR,2019-12-12,1
2019-12-13,1.392583114112,1.540000000000,SOFR,2019-12-13,3
2019-12-16,1.392761828945,1.620000000000,SOFR,2019-12-16,1
2019-12-17,1.392824503228,1.540000000000,SOFR,2019-12-17,1
2019-12-18,1.392884085165,1.530000000000,SOFR,2019-12-18,1
2019-12-19,1.392943282738,1.530000000000,SOFR,2019-12-19,1
2019-12-20,1.393002482828,1.530000000000,SOFR,2019-12-20,3
2019-12-23,1.393180090644,1.520000000000,SOFR,2019-12-23,1
2019-12-24,1.393238913804,1.520000000000,SOFR,2019-12-24,2
2019-12-26,1.393356565090,1.520000000000,SOFR,2019-12-26,1
2019-12-27,1.393415395700,1.530000000000,SOFR,2019-12-27,3
2019-12-30,1.393593056163,1.540000000000,SOFR,2019-12-30,1
2019-12-31,1.393652670977,1.550000000000,SOFR,2019-12-31,2
2020-01-02,1.393772679957,1.540000000000,SOFR,2020-01-02,1
2020-01-03,1.393832302455,1.550000000000,SOFR,2020-01-03,3
2020-01-06,1.394012339128,1.550000000000,SOFR,2020-01-06,1
2020-01-07,1.394072359103,1.560000000000,SOFR,2020-01-07,1
2020-01-08,1.394132768906,1.550000000000,SOFR,2020-01-08,1
2020-01-09,1.394192794067,1.550000000000,SOFR,2020-01-09,1
2020-01-10,1.394252821812,1.550000000000,SOFR,2020-01-10,3
2020-01-13,1.394432912801,1.540000000000,SOFR,2020-01-13,1
2020-01-14,1.394492563543,1.550000000000,SOFR,2020-01-14,1
2020-01-15,1.394552604195,1.560000000000,SOFR,2020-01-15,1
2020-01-16,1.394613034808,1.550000000000,SOFR,2020-01-16,1
2020-01-17,1.394673080647,1.540000000000,SOFR,2020-01-17,4
2020-01-21,1.394911724707,1.540000000000,SOFR,2020-01-21,1
2020-01-22,1.394971395931,1.540000000000,SOFR,2020-01-22,1
2020-01-23,1.395031069707,1.540000000000,SOFR,2020-01-23,1
2020-01-24,1.395090746036,1.530000000000,SOFR,2020-01-24,3
2020-01-27,1.395268620106,1.530000000000,SOFR,2020-01-27,1
2020-01-28,1.395327919023,1.530000000000,SOFR,2020-01-28,1
2020-01-29,1.395387220459,1.530000000000,SOFR,2020-01-29,1
2020-01-30,1.395446524416,1.580000000000,SOFR,2020-01-30,1
2020-01-31,1.395507769014,1.600000000000,SOFR,2020-01-31,3
2020-02-03,1.395693836716,1.590000000000,SOFR,2020-02-03,1
2020-02-04,1.395755479861,1.600000000000,SOFR,2020-02-04,1
2020-02-05,1.395817513437,1.590000000000,SOFR,2020-02-05,1
2020-02-06,1.395879162044,1.590000000000,SOFR,2020-02-06,1
2020-02-07,1.395940813374,1.580000000000,SOFR,2020-02-07,3
2020-02-10,1.396124612248,1.580000000000,SOFR,2020-02-10,1
2020-02-11,1.396185886606,1.580000000000,SOFR,2020-02-11,1
2020-02-12,1.396247163653,1.570000000000,SOFR,2020-02-12,1
2020-02-13,1.396308055543,1.570000000000,SOFR,2020-02-13,1
2020-02-14,1.396368950089,1.580000000000,SOFR,2020-02-14,4
2020-02-18,1.396614090416,1.600000000000,SOFR,2020-02-18,1
2020-02-19,1.396676162153,1.590000000000,SOFR,2020-02-19,1
2020-02-20,1.396737848684,1.600000000000,SOFR,2020-02-20,1
2020-02-21,1.396799925921,1.580000000000,SOFR,2020-02-21,3
2020-02-24,1.396983837912,1.580000000000,SOFR,2020-02-24,1
2020-02-25,1.397045149980,1.590000000000,SOFR,2020-02-25,1
2020-02-26,1.397106852807,1.580000000000,SOFR,2020-02-26,1
2020-02-27,1.397168170275,1.580000000000,SOFR,2020-02-27,1
2020-02-28,1.397229490433,1.600000000000,SOFR,2020-02-28,3
2020-03-02,1.397415787699,1.590000000000,SOFR,2020-03-02,1
2020-03-03,1.397477506896,1.640000000000,SOFR,2020-03-03,1
2020-03-04,1.397541169760,1.230000000000,SOFR,2020-03-04,1
2020-03-05,1.397588919084,1.120000000000,SOFR,2020-03-05,1
2020-03-06,1.397632399628,1.100000000000,SOFR,2020-03-06,3
2020-03-09,1.397760515931,1.090000000000,SOFR,2020-03-09,1
2020-03-10,1.397802837013,1.110000000000,SOFR,2020-03-10,1
2020-03-11,1.397845935934,1.150000000000,SOFR,2020-03-11,1
2020-03-12,1.397890589346,1.200000000000,SOFR,2020-03-12,1
2020-03-13,1.397937185699,1.100000000000,SOFR,2020-03-13,3
2020-03-16,1.398065329941,0.260000000000,SOFR,2020-03-16,1
2020-03-17,1.398075427079,0.540000000000,SOFR,2020-03-17,1
2020-03-18,1.398096398211,0.100000000000,SOFR,2020-03-18,1
2020-03-19,1.398100281812,0.060000000000,SOFR,2020-03-19,1
2020-03-20,1.398102611979,0.040000000000,SOFR,2020-03-20,3
2020-03-23,1.398107272321,0.020000000000,SOFR,2020-03-23,1
2020-03-24,1.398108049047,0.010000000000,SOFR,2020-03-24,1
2020-03-25,1.398108437411,0.010000000000,SOFR,2020-03-25,1
2020-03-26,1.398108825774,0.010000000000,SOFR,2020-03-26,1
2020-03-27,1.398109214138,0.010000000000,SOFR,2020-03-27,3
2020-03-30,1.398110379229,0.010000000000,SOFR,2020-03-30,1
2020-03-31,1.398110767593,0.010000000000,SOFR,2020-03-31,1
2020-04-01,1.398111155957,0.010000000000,SOFR,2020-04-01,1
2020-04-02,1.398111544321,0.010000000000,SOFR,2020-04-02,1
2020-04-03,1.398111932685,0.010000000000,SOFR,2020-04-03,3
2020-04-06,1.398113097779,0.010000000000,SOFR,2020-04-06,1
2020-04-07,1.398113486143,0.010000000000,SOFR,2020-04-07,1
2020-04-08,1.398113874508,0.010000000000,SOFR,2020-04-08,1
2020-04-09,1.398114262873,0.010000000000,SOFR,2020-04-09,4
2020-04-13,1.398115816334,0.020000000000,SOFR,2020-04-13,1
2020-04-14,1.398116593065,0.060000000000,SOFR,2020-04-14,1
2020-04-15,1.398118923259,0.030000000000,SOFR,2020-04-15,1
2020-04-16,1.398120088358,0.030000000000,SOFR,2020-04-16,1
2020-04-17,1.398121253458,0.030000000000,SOFR,2020-04-17,3
2020-04-20,1.398124748761,0.020000000000,SOFR,2020-04-20,1
2020-04-21,1.398125525497,0.010000000000,SOFR,2020-04-21,1
2020-04-22,1.398125913865,0.010000000000,SOFR,2020-04-22,1
2020-04-23,1.398126302234,0.010000000000,SOFR,2020-04-23,1
2020-04-24,1.398126690602,0.030000000000,SOFR,2020-04-24,3
2020-04-27,1.398130185919,0.030000000000,SOFR,2020-04-27,1
2020-04-28,1.398131351027,0.010000000000,SOFR,2020-04-28,1
2020-04-29,1.398131739397,0.010000000000,SOFR,2020-04-29,1
2020-04-30,1.398132127767,0.040000000000,SOFR,2020-04-30,1
2020-05-01,1.398133681247,0.030000000000,SOFR,2020-05-01,3
2020-05-04,1.398137176581,0.050000000000,SOFR,2020-05-04,1
2020-05-05,1.398139118439,0.050000000000,SOFR,2020-05-05,1
2020-05-06,1.398141060299,0.050000000000,SOFR,2020-05-06,1
2020-05-07,1.398143002161,0.050000000000,SOFR,2020-05-07,1
2020-05-08,1.398144944026,0.060000000000,SOFR,2020-05-08,3
2020-05-11,1.398151934751,0.060000000000,SOFR,2020-05-11,1
2020-05-12,1.398154265004,0.060000000000,SOFR,2020-05-12,1
2020-05-13,1.398156595261,0.040000000000,SOFR,2020-05-13,1
2020-05-14,1.398158148769,0.020000000000,SOFR,2020-05-14,1
2020-05-15,1.398158925523,0.050000000000,SOFR,2020-05-15,3
2020-05-18,1.398164751185,0.040000000000,SOFR,2020-05-18,1
2020-05-19,1.398166304702,0.040000000000,SOFR,2020-05-19,1
2020-05-20,1.398167858220,0.010000000000,SOFR,2020-05-20,1
2020-05-21,1.398168246600,0.020000000000,SOFR,2020-05-21,1
2020-05-22,1.398169023360,0.040000000000,SOFR,2020-05-22,4
2020-05-26,1.398175237445,0.060000000000,SOFR,2020-05-26,1
2020-05-27,1.398177567737,0.060000000000,SOFR,2020-05-27,1
2020-05-28,1.398179898033,0.060000000000,SOFR,2020-05-28,1
2020-05-29,1.398182228332,0.060000000000,SOFR,2020-05-29,3
2020-06-01,1.398189219244,0.060000000000,SOFR,2020-06-01,1
2020-06-02,1.398191549559,0.070000000000,SOFR,2020-06-02,1
2020-06-03,1.398194268265,0.060000000000,SOFR,2020-06-03,1
2020-06-04,1.398196598589,0.070000000000,SOFR,2020-06-04,1
2020-06-05,1.398199317304,0.070000000000,SOFR,2020-06-05,3
2020-06-08,1.398207473467,0.070000000000,SOFR,2020-06-08,1
2020-06-09,1.398210192204,0.080000000000,SOFR,2020-06-09,1
2020-06-10,1.398213299337,0.070000000000,SOFR,2020-06-10,1
2020-06-11,1.398216018085,0.080000000000,SOFR,2020-06-11,1
2020-06-12,1.398219125232,0.080000000000,SOFR,2020-06-12,3
2020-06-15,1.398228446693,0.090000000000,SOFR,2020-06-15,1
2020-06-16,1.398231942264,0.090000000000,SOFR,2020-06-16,1
2020-06-17,1.398235437844,0.090000000000,SOFR,2020-06-17,1
2020-06-18,1.398238933433,0.090000000000,SOFR,2020-06-18,1
2020-06-19,1.398242429030,0.090000000000,SOFR,2020-06-19,3
2020-06-22,1.398252915848,0.080000000000,SOFR,2020-06-22,1
2020-06-23,1.398256023077,0.070000000000,SOFR,2020-06-23,1
2020-06-24,1.398258741908,0.080000000000,SOFR,2020-06-24,1
2020-06-25,1.398261849150,0.090000000000,SOFR,2020-06-25,1
2020-06-26,1.398265344804,0.080000000000,SOFR,2020-06-26,3
2020-06-29,1.398274666573,0.080000000000,SOFR,2020-06-29,1
2020-06-30,1.398277773850,0.100000000000,SOFR,2020-06-30,1
2020-07-01,1.398281657955,0.110000000000,SOFR,2020-07-01,1
2020-07-02,1.398285930482,0.110000000000,SOFR,2020-07-02,4
2020-07-06,1.398303020644,0.100000000000,SOFR,2020-07-06,1
2020-07-07,1.398306904819,0.100000000000,SOFR,2020-07-07,1
2020-07-08,1.398310789005,0.100000000000,SOFR,2020-07-08,1
2020-07-09,1.398314673201,0.100000000000,SOFR,2020-07-09,1
2020-07-10,1.398318557409,0.100000000000,SOFR,2020-07-10,3
2020-07-13,1.398330210063,0.100000000000,SOFR,2020-07-13,1
2020-07-14,1.398334094314,0.110000000000,SOFR,2020-07-14,1
2020-07-15,1.398338367002,0.130000000000,SOFR,2020-07-15,1
2020-07-16,1.398343416557,0.120000000000,SOFR,2020-07-16,1
2020-07-17,1.398348077701,0.120000000000,SOFR,2020-07-17,3
2020-07-20,1.398362061182,0.120000000000,SOFR,2020-07-20,1
2020-07-21,1.398366722389,0.110000000000,SOFR,2020-07-21,1
2020-07-22,1.398370995176,0.100000000000,SOFR,2020-07-22,1
2020-07-23,1.398374879540,0.100000000000,SOFR,2020-07-23,1
2020-07-24,1.398378763915,0.100000000000,SOFR,2020-07-24,3
2020-07-27,1.398390417071,0.100000000000,SOFR,2020-07-27,1
2020-07-28,1.398394301489,0.100000000000,SOFR,2020-07-28,1
2020-07-29,1.398398185918,0.090000000000,SOFR,2020-07-29,1
2020-07-30,1.398401681913,0.100000000000,SOFR,2020-07-30,1
2020-07-31,1.398405566362,0.100000000000,SOFR,2020-07-31,3
2020-08-03,1.398417219742,0.100000000000,SOFR,2020-08-03,1
2020-08-04,1.398421104234,0.090000000000,SOFR,2020-08-04,1
2020-08-05,1.398424600287,0.090000000000,SOFR,2020-08-05,1
2020-08-06,1.398428096348,0.090000000000,SOFR,2020-08-06,1
2020-08-07,1.398431592419,0.090000000000,SOFR,2020-08-07,3
2020-08-10,1.398442080656,0.090000000000,SOFR,2020-08-10,1
2020-08-11,1.398445576761,0.100000000000,SOFR,2020-08-11,1
2020-08-12,1.398449461332,0.090000000000,SOFR,2020-08-12,1
2020-08-13,1.398452957456,0.090000000000,SOFR,2020-08-13,1
2020-08-14,1.398456453588,0.090000000000,SOFR,2020-08-14,3
2020-08-17,1.398466942011,0.100000000000,SOFR,2020-08-17,1
2020-08-18,1.398470826642,0.090000000000,SOFR,2020-08-18,1
2020-08-19,1.398474322819,0.090000000000,SOFR,2020-08-19,1
2020-08-20,1.398477819005,0.070000000000,SOFR,2020-08-20,1
2020-08-21,1.398480538267,0.070000000000,SOFR,2020-08-21,3
2020-08-24,1.398488696070,0.080000000000,SOFR,2020-08-24,1
2020-08-25,1.398491803823,0.080000000000,SOFR,2020-08-25,1
2020-08-26,1.398494911582,0.070000000000,SOFR,2020-08-26,1
2020-08-27,1.398497630878,0.070000000000,SOFR,2020-08-27,1
2020-08-28,1.398500350179,0.070000000000,SOFR,2020-08-28,3
2020-08-31,1.398508508098,0.090000000000,SOFR,2020-08-31,1
2020-09-01,1.398512004369,0.090000000000,SOFR,2020-09-01,1
2020-09-02,1.398515500649,0.090000000000,SOFR,2020-09-02,1
2020-09-03,1.398518996938,0.100000000000,SOFR,2020-09-03,1
2020-09-04,1.398522881713,0.090000000000,SOFR,2020-09-04,4
2020-09-08,1.398536866942,0.090000000000,SOFR,2020-09-08,1
2020-09-09,1.398540363284,0.090000000000,SOFR,2020-09-09,1
2020-09-10,1.398543859635,0.090000000000,SOFR,2020-09-10,1
2020-09-11,1.398547355994,0.090000000000,SOFR,2020-09-11,3
2020-09-14,1.398557845099,0.090000000000,SOFR,2020-09-14,1
2020-09-15,1.398561341494,0.100000000000,SOFR,2020-09-15,1
2020-09-16,1.398565226387,0.100000000000,SOFR,2020-09-16,1
2020-09-17,1.398569111290,0.100000000000,SOFR,2020-09-17,1
2020-09-18,1.398572996204,0.090000000000,SOFR,2020-09-18,3
2020-09-21,1.398583485502,0.080000000000,SOFR,2020-09-21,1
2020-09-22,1.398586593465,0.070000000000,SOFR,2020-09-22,1
2020-09-23,1.398589312939,0.060000000000,SOFR,2020-09-23,1
2020-09-24,1.398591643921,0.070000000000,SOFR,2020-09-24,1
2020-09-25,1.398594363405,0.080000000000,SOFR,2020-09-25,3
2020-09-28,1.398603687367,0.080000000000,SOFR,2020-09-28,1
2020-09-29,1.398606795376,0.070000000000,SOFR,2020-09-29,1
2020-09-30,1.398609514889,0.080000000000,SOFR,2020-09-30,1
2020-10-01,1.398612622910,0.080000000000,SOFR,2020-10-01,1
2020-10-02,1.398615730938,0.100000000000,SOFR,2020-10-02,3
2020-10-05,1.398627386069,0.090000000000,SOFR,2020-10-05,1
2020-10-06,1.398630882638,0.100000000000,SOFR,2020-10-06,1
2020-10-07,1.398634767723,0.090000000000,SOFR,2020-10-07,1
2020-10-08,1.398638264310,0.080000000000,SOFR,2020-10-08,1
2020-10-09,1.398641372395,0.090000000000,SOFR,2020-10-09,4
2020-10-13,1.398655358809,0.090000000000,SOFR,2020-10-13,1
2020-10-14,1.398658855447,0.090000000000,SOFR,2020-10-14,1
2020-10-15,1.398662352095,0.100000000000,SOFR,2020-10-15,1
2020-10-16,1.398666237268,0.090000000000,SOFR,2020-10-16,3
2020-10-19,1.398676727265,0.090000000000,SOFR,2020-10-19,1
2020-10-20,1.398680223956,0.080000000000,SOFR,2020-10-20,1
2020-10-21,1.398683332135,0.070000000000,SOFR,2020-10-21,1
2020-10-22,1.398686051797,0.070000000000,SOFR,2020-10-22,1
2020-10-23,1.398688771464,0.080000000000,SOFR,2020-10-23,3
2020-10-26,1.398698096056,0.090000000000,SOFR,2020-10-26,1
2020-10-27,1.398701592801,0.090000000000,SOFR,2020-10-27,1
2020-10-28,1.398705089555,0.080000000000,SOFR,2020-10-28,1
2020-10-29,1.398708197789,0.090000000000,SOFR,2020-10-29,1
2020-10-30,1.398711694559,0.090000000000,SOFR,2020-10-30,3
2020-11-02,1.398722184897,0.110000000000,SOFR,2020-11-02,1
2020-11-03,1.398726458770,0.100000000000,SOFR,2020-11-03,1
2020-11-04,1.398730344121,0.100000000000,SOFR,2020-11-04,1
2020-11-05,1.398734229483,0.110000000000,SOFR,2020-11-05,1
2020-11-06,1.398738503394,0.100000000000,SOFR,2020-11-06,3
2020-11-09,1.398750159548,0.100000000000,SOFR,2020-11-09,1
2020-11-10,1.398754044965,0.100000000000,SOFR,2020-11-10,2
2020-11-12,1.398761815821,0.090000000000,SOFR,2020-11-12,1
2020-11-13,1.398765312725,0.090000000000,SOFR,2020-11-13,3
2020-11-16,1.398775803465,0.100000000000,SOFR,2020-11-16,1
2020-11-17,1.398779688953,0.090000000000,SOFR,2020-11-17,1
2020-11-18,1.398783185903,0.070000000000,SOFR,2020-11-18,1
2020-11-19,1.398785905759,0.060000000000,SOFR,2020-11-19,1
2020-11-20,1.398788237069,0.050000000000,SOFR,2020-11-20,3
2020-11-23,1.398794065353,0.050000000000,SOFR,2020-11-23,1
2020-11-24,1.398796008123,0.070000000000,SOFR,2020-11-24,1
2020-11-25,1.398798728004,0.080000000000,SOFR,2020-11-25,2
2020-11-27,1.398804944887,0.080000000000,SOFR,2020-11-27,3
2020-11-30,1.398814270253,0.090000000000,SOFR,2020-11-30,1
2020-12-01,1.398817767289,0.080000000000,SOFR,2020-12-01,1
2020-12-02,1.398820875773,0.080000000000,SOFR,2020-12-02,1
2020-12-03,1.398823984264,0.080000000000,SOFR,2020-12-03,1
2020-12-04,1.398827092761,0.090000000000,SOFR,2020-12-04,3
2020-12-07,1.398837583965,0.080000000000,SOFR,2020-12-07,1
2020-12-08,1.398840692493,0.070000000000,SOFR,2020-12-08,1
2020-12-09,1.398843412461,0.080000000000,SOFR,2020-12-09,1
2020-12-10,1.398846521001,0.080000000000,SOFR,2020-12-10,1
2020-12-11,1.398849629549,0.080000000000,SOFR,2020-12-11,3
2020-12-14,1.398858955213,0.080000000000,SOFR,2020-12-14,1
2020-12-15,1.398862063789,0.090000000000,SOFR,2020-12-15,1
2020-12-16,1.398865560944,0.090000000000,SOFR,2020-12-16,1
2020-12-17,1.398869058108,0.090000000000,SOFR,2020-12-17,1
2020-12-18,1.398872555281,0.090000000000,SOFR,2020-12-18,3
2020-12-21,1.398883046825,0.090000000000,SOFR,2020-12-21,1
2020-12-22,1.398886544032,0.070000000000,SOFR,2020-12-22,1
2020-12-23,1.398889264090,0.060000000000,SOFR,2020-12-23,1
2020-12-24,1.398891595572,0.080000000000,SOFR,2020-12-24,4
2020-12-28,1.398904030164,0.090000000000,SOFR,2020-12-28,1
2020-12-29,1.398907527424,0.100000000000,SOFR,2020-12-29,1
2020-12-30,1.398911413278,0.090000000000,SOFR,2020-12-30,1
2020-12-31,1.398914910557,0.070000000000,SOFR,2020-12-31,4
2021-01-04,1.398925791006,0.100000000000,SOFR,2021-01-04,1
2021-01-05,1.398929676911,0.110000000000,SOFR,2021-01-05,1
2021-01-06,1.398933951418,0.100000000000,SOFR,2021-01-06,1
2021-01-07,1.398937837346,0.100000000000,SOFR,2021-01-07,1
2021-01-08,1.398941723284,0.090000000000,SOFR,2021-01-08,3
2021-01-11,1.398952215347,0.090000000000,SOFR,2021-01-11,1
2021-01-12,1.398955712728,0.080000000000,SOFR,2021-01-12,1
2021-01-13,1.398958821518,0.080000000000,SOFR,2021-01-13,1
2021-01-14,1.398961930316,0.080000000000,SOFR,2021-01-14,1
2021-01-15,1.398965039120,0.080000000000,SOFR,2021-01-15,4
2021-01-19,1.398977474365,0.070000000000,SOFR,2021-01-19,1
2021-01-20,1.398980194599,0.060000000000,SOFR,2021-01-20,1
2021-01-21,1.398982526232,0.040000000000,SOFR,2021-01-21,1
2021-01-22,1.398984080657,0.050000000000,SOFR,2021-01-22,3
2021-01-25,1.398989909758,0.060000000000,SOFR,2021-01-25,1
2021-01-26,1.398992241407,0.030000000000,SOFR,2021-01-26,1
2021-01-27,1.398993407234,0.030000000000,SOFR,2021-01-27,1
2021-01-28,1.398994573062,0.040000000000,SOFR,2021-01-28,1
2021-01-29,1.398996127501,0.060000000000,SOFR,2021-01-29,3
2021-02-01,1.399003122481,0.070000000000,SOFR,2021-02-01,1
2021-02-02,1.399005842765,0.070000000000,SOFR,2021-02-02,1
2021-02-03,1.399008563054,0.070000000000,SOFR,2021-02-03,1
2021-02-04,1.399011283349,0.050000000000,SOFR,2021-02-04,1
2021-02-05,1.399013226420,0.020000000000,SOFR,2021-02-05,3
2021-02-08,1.399015558109,0.020000000000,SOFR,2021-02-08,1
2021-02-09,1.399016335339,0.050000000000,SOFR,2021-02-09,1
2021-02-10,1.399018278418,0.060000000000,SOFR,2021-02-10,1
2021-02-11,1.399020610115,0.060000000000,SOFR,2021-02-11,1
2021-02-12,1.399022941816,0.050000000000,SOFR,2021-02-12,4
2021-02-16,1.399030714166,0.060000000000,SOFR,2021-02-16,1
2021-02-17,1.399033045883,0.060000000000,SOFR,2021-02-17,1
2021-02-18,1.399035377605,0.030000000000,SOFR,2021-02-18,1
2021-02-19,1.399036543468,0.020000000000,SOFR,2021-02-19,3
2021-02-22,1.399038875195,0.030000000000,SOFR,2021-02-22,1
2021-02-23,1.399040041061,0.010000000000,SOFR,2021-02-23,1
2021-02-24,1.399040429683,0.020000000000,SOFR,2021-02-24,1
2021-02-25,1.399041206928,0.030000000000,SOFR,2021-02-25,1
2021-02-26,1.399042372796,0.010000000000,SOFR,2021-02-26,3
2021-03-01,1.399043538664,0.020000000000,SOFR,2021-03-01,1
2021-03-02,1.399044315911,0.040000000000,SOFR,2021-03-02,1
2021-03-03,1.399045870405,0.040000000000,SOFR,2021-03-03,1
2021-03-04,1.399047424900,0.020000000000,SOFR,2021-03-04,1
2021-03-05,1.399048202149,0.020000000000,SOFR,2021-03-05,3
2021-03-08,1.399050533896,0.020000000000,SOFR,2021-03-08,1
2021-03-09,1.399051311146,0.020000000000,SOFR,2021-03-09,1
2021-03-10,1.399052088397,0.020000000000,SOFR,2021-03-10,1
2021-03-11,1.399052865648,0.010000000000,SOFR,2021-03-11,1
2021-03-12,1.399053254274,0.010000000000,SOFR,2021-03-12,3
2021-03-15,1.399054420151,0.010000000000,SOFR,2021-03-15,1
2021-03-16,1.399054808777,0.010000000000,SOFR,2021-03-16,1
2021-03-17,1.399055197404,0.010000000000,SOFR,2021-03-17,1
2021-03-18,1.399055586030,0.010000000000,SOFR,2021-03-18,1
2021-03-19,1.399055974657,0.010000000000,SOFR,2021-03-19,3
2021-03-22,1.399057140537,0.010000000000,SOFR,2021-03-22,1
2021-03-23,1.399057529164,0.010000000000,SOFR,2021-03-23,1
2021-03-24,1.399057917791,0.010000000000,SOFR,2021-03-24,1
2021-03-25,1.399058306418,0.010000000000,SOFR,2021-03-25,1
2021-03-26,1.399058695045,0.010000000000,SOFR,2021-03-26,3
2021-03-29,1.399059860928,0.010000000000,SOFR,2021-03-29,1
2021-03-30,1.399060249555,0.010000000000,SOFR,2021-03-30,1
2021-03-31,1.399060638183,0.010000000000,SOFR,2021-03-31,1
2021-04-01,1.399061026811,0.010000000000,SOFR,2021-04-01,4
2021-04-05,1.399062581323,0.010000000000,SOFR,2021-04-05,1
2021-04-06,1.399062969952,0.010000000000,SOFR,2021-04-06,1
2021-04-07,1.399063358580,0.010000000000,SOFR,2021-04-07,1
2021-04-08,1.399063747209,0.010000000000,SOFR,2021-04-08,1
2021-04-09,1.399064135838,0.010000000000,SOFR,2021-04-09,3
2021-04-12,1.399065301725,0.010000000000,SOFR,2021-04-12,1
2021-04-13,1.399065690354,0.010000000000,SOFR,2021-04-13,1
2021-04-14,1.399066078983,0.010000000000,SOFR,2021-04-14,1
2021-04-15,1.399066467613,0.010000000000,SOFR,2021-04-15,1
2021-04-16,1.399066856242,0.010000000000,SOFR,2021-04-16,3
2021-04-19,1.399068022131,0.010000000000,SOFR,2021-04-19,1
2021-04-20,1.399068410761,0.010000000000,SOFR,2021-04-20,1
2021-04-21,1.399068799392,0.010000000000,SOFR,2021-04-21,1
2021-04-22,1.399069188022,0.010000000000,SOFR,2021-04-22,1
2021-04-23,1.399069576652,0.010000000000,SOFR,2021-04-23,3
2021-04-26,1.399070742543,0.010000000000,SOFR,2021-04-26,1
2021-04-27,1.399071131174,0.010000000000,SOFR,2021-04-27,1
2021-04-28,1.399071519805,0.010000000000,SOFR,2021-04-28,1
2021-04-29,1.399071908436,0.010000000000,SOFR,2021-04-29,1
2021-04-30,1.399072297067,0.010000000000,SOFR,2021-04-30,3
2021-05-03,1.399073462961,0.010000000000,SOFR,2021-05-03,1
2021-05-04,1.399073851592,0.010000000000,SOFR,2021-05-04,1
2021-05-05,1.399074240224,0.010000000000,SOFR,2021-05-05,1
2021-05-06,1.399074628856,0.010000000000,SOFR,2021-05-06,1
2021-05-07,1.399075017487,0.010000000000,SOFR,2021-05-07,3
2021-05-10,1.399076183383,0.010000000000,SOFR,2021-05-10,1
2021-05-11,1.399076572016,0.010000000000,SOFR,2021-05-11,1
2021-05-12,1.399076960648,0.010000000000,SOFR,2021-05-12,1
2021-05-13,1.399077349280,0.010000000000,SOFR,2021-05-13,1
2021-05-14,1.399077737913,0.010000000000,SOFR,2021-05-14,3
2021-05-17,1.399078903811,0.010000000000,SOFR,2021-05-17,1
2021-05-18,1.399079292444,0.010000000000,SOFR,2021-05-18,1
2021-05-19,1.399079681077,0.010000000000,SOFR,2021-05-19,1
2021-05-20,1.399080069711,0.010000000000,SOFR,2021-05-20,1
2021-05-21,1.399080458344,0.010000000000,SOFR,2021-05-21,3
2021-05-24,1.399081624244,0.010000000000,SOFR,2021-05-24,1
2021-05-25,1.399082012878,0.010000000000,SOFR,2021-05-25,1
2021-05-26,1.399082401512,0.010000000000,SOFR,2021-05-26,1
2021-05-27,1.399082790146,0.010000000000,SOFR,2021-05-27,1
2021-05-28,1.399083178780,0.010000000000,SOFR,2021-05-28,4
2021-06-01,1.399084733317,0.010000000000,SOFR,2021-06-01,1
2021-06-02,1.399085121952,0.010000000000,SOFR,2021-06-02,1
2021-06-03,1.399085510586,0.010000000000,SOFR,2021-06-03,1
2021-06-04,1.399085899221,0.010000000000,SOFR,2021-06-04,3
2021-06-07,1.399087065126,0.010000000000,SOFR,2021-06-07,1
2021-06-08,1.399087453761,0.010000000000,SOFR,2021-06-08,1
2021-06-09,1.399087842397,0.010000000000,SOFR,2021-06-09,1
2021-06-10,1.399088231032,0.010000000000,SOFR,2021-06-10,1
2021-06-11,1.399088619668,0.010000000000,SOFR,2021-06-11,3
2021-06-14,1.399089785575,0.010000000000,SOFR,2021-06-14,1
2021-06-15,1.399090174211,0.010000000000,SOFR,2021-06-15,1
2021-06-16,1.399090562847,0.010000000000,SOFR,2021-06-16,1
2021-06-17,1.399090951484,0.050000000000,SOFR,2021-06-17,1
2021-06-18,1.399092894666,0.050000000000,SOFR,2021-06-18,3
2021-06-21,1.399098724219,0.050000000000,SOFR,2021-06-21,1
2021-06-22,1.399100667412,0.050000000000,SOFR,2021-06-22,1
2021-06-23,1.399102610607,0.050000000000,SOFR,2021-06-23,1
2021-06-24,1.399104553805,0.050000000000,SOFR,2021-06-24,1
2021-06-25,1.399106497006,0.050000000000,SOFR,2021-06-25,3
2021-06-28,1.399112326617,0.050000000000,SOFR,2021-06-28,1
2021-06-29,1.399114269828,0.050000000000,SOFR,2021-06-29,1
2021-06-30,1.399116213042,0.050000000000,SOFR,2021-06-30,1
2021-07-01,1.399118156259,0.050000000000,SOFR,2021-07-01,1
2021-07-02,1.399120099479,0.050000000000,SOFR,2021-07-02,4
2021-07-06,1.399127872368,0.050000000000,SOFR,2021-07-06,1
2021-07-07,1.399129815602,0.050000000000,SOFR,2021-07-07,1
2021-07-08,1.399131758837,0.050000000000,SOFR,2021-07-08,1
2021-07-09,1.399133702076,0.050000000000,SOFR,2021-07-09,3
2021-07-12,1.399139531800,0.050000000000,SOFR,2021-07-12,1
2021-07-13,1.399141475049,0.050000000000,SOFR,2021-07-13,1
2021-07-14,1.399143418301,0.050000000000,SOFR,2021-07-14,1
2021-07-15,1.399145361556,0.050000000000,SOFR,2021-07-15,1
2021-07-16,1.399147304813,0.050000000000,SOFR,2021-07-16,3
2021-07-19,1.399153134594,0.050000000000,SOFR,2021-07-19,1
2021-07-20,1.399155077862,0.050000000000,SOFR,2021-07-20,1
2021-07-21,1.399157021133,0.050000000000,SOFR,2021-07-21,1
2021-07-22,1.399158964407,0.050000000000,SOFR,2021-07-22,1
2021-07-23,1.399160907683,0.050000000000,SOFR,2021-07-23,3
2021-07-26,1.399166737520,0.050000000000,SOFR,2021-07-26,1
2021-07-27,1.399168680807,0.050000000000,SOFR,2021-07-27,1
2021-07-28,1.399170624097,0.050000000000,SOFR,2021-07-28,1
2021-07-29,1.399172567390,0.050000000000,SOFR,2021-07-29,1
2021-07-30,1.399174510685,0.050000000000,SOFR,2021-07-30,3
2021-08-02,1.399180340579,0.050000000000,SOFR,2021-08-02,1
2021-08-03,1.399182283885,0.050000000000,SOFR,2021-08-03,1
2021-08-04,1.399184227193,0.050000000000,SOFR,2021-08-04,1
2021-08-05,1.399186170505,0.050000000000,SOFR,2021-08-05,1
2021-08-06,1.399188113819,0.050000000000,SOFR,2021-08-06,3
2021-08-09,1.399193943769,0.050000000000,SOFR,2021-08-09,1
2021-08-10,1.399195887094,0.050000000000,SOFR,2021-08-10,1
2021-08-11,1.399197830422,0.050000000000,SOFR,2021-08-11,1
2021-08-12,1.399199773752,0.050000000000,SOFR,2021-08-12,1
2021-08-13,1.399201717085,0.050000000000,SOFR,2021-08-13,3
2021-08-16,1.399207547092,0.050000000000,SOFR,2021-08-16,1
2021-08-17,1.399209490436,0.050000000000,SOFR,2021-08-17,1
2021-08-18,1.399211433783,0.050000000000,SOFR,2021-08-18,1
2021-08-19,1.399213377132,0.050000000000,SOFR,2021-08-19,1
2021-08-20,1.399215320484,0.050000000000,SOFR,2021-08-20,3
2021-08-23,1.399221150548,0.050000000000,SOFR,2021-08-23,1
2021-08-24,1.399223093910,0.050000000000,SOFR,2021-08-24,1
2021-08-25,1.399225037276,0.050000000000,SOFR,2021-08-25,1
2021-08-26,1.399226980644,0.050000000000,SOFR,2021-08-26,1
2021-08-27,1.399228924015,0.050000000000,SOFR,2021-08-27,3
2021-08-30,1.399234754135,0.050000000000,SOFR,2021-08-30,1
2021-08-31,1.399236697517,0.050000000000,SOFR,2021-08-31,1
2021-09-01,1.399238640901,0.050000000000,SOFR,2021-09-01,1
2021-09-02,1.399240584288,0.050000000000,SOFR,2021-09-02,1
2021-09-03,1.399242527678,0.050000000000,SOFR,2021-09-03,4
2021-09-07,1.399250301247,0.050000000000,SOFR,2021-09-07,1
2021-09-08,1.399252244651,0.050000000000,SOFR,2021-09-08,1
2021-09-09,1.399254188057,0.050000000000,SOFR,2021-09-09,1
2021-09-10,1.399256131465,0.050000000000,SOFR,2021-09-10,3
2021-09-13,1.399261961699,0.050000000000,SOFR,2021-09-13,1
2021-09-14,1.399263905118,0.050000000000,SOFR,2021-09-14,1
2021-09-15,1.399265848540,0.050000000000,SOFR,2021-09-15,1
2021-09-16,1.399267791965,0.050000000000,SOFR,2021-09-16,1
2021-09-17,1.399269735393,0.050000000000,SOFR,2021-09-17,3
2021-09-20,1.399275565683,0.050000000000,SOFR,2021-09-20,1
2021-09-21,1.399277509122,0.050000000000,SOFR,2021-09-21,1
2021-09-22,1.399279452563,0.050000000000,SOFR,2021-09-22,1
2021-09-23,1.399281396006,0.050000000000,SOFR,2021-09-23,1
2021-09-24,1.399283339453,0.050000000000,SOFR,2021-09-24,3
2021-09-27,1.399289169800,0.050000000000,SOFR,2021-09-27,1
2021-09-28,1.399291113257,0.050000000000,SOFR,2021-09-28,1
2021-09-29,1.399293056717,0.050000000000,SOFR,2021-09-29,1
2021-09-30,1.399295000180,0.050000000000,SOFR,2021-09-30,1
2021-10-01,1.399296943645,0.050000000000,SOFR,2021-10-01,3
2021-10-04,1.399302774049,0.050000000000,SOFR,2021-10-04,1
2021-10-05,1.399304717525,0.050000000000,SOFR,2021-10-05,1
2021-10-06,1.399306661004,0.050000000000,SOFR,2021-10-06,1
2021-10-07,1.399308604485,0.050000000000,SOFR,2021-10-07,1
2021-10-08,1.399310547969,0.050000000000,SOFR,2021-10-08,4
2021-10-12,1.399318321917,0.050000000000,SOFR,2021-10-12,1
2021-10-13,1.399320265414,0.050000000000,SOFR,2021-10-13,1
2021-10-14,1.399322208915,0.050000000000,SOFR,2021-10-14,1
2021-10-15,1.399324152418,0.050000000000,SOFR,2021-10-15,3
2021-10-18,1.399329982935,0.050000000000,SOFR,2021-10-18,1
2021-10-19,1.399331926449,0.030000000000,SOFR,2021-10-19,1
2021-10-20,1.399333092559,0.030000000000,SOFR,2021-10-20,1
2021-10-21,1.399334258670,0.030000000000,SOFR,2021-10-21,1
2021-10-22,1.399335424782,0.050000000000,SOFR,2021-10-22,3
2021-10-25,1.399341255346,0.040000000000,SOFR,2021-10-25,1
2021-10-26,1.399342810170,0.050000000000,SOFR,2021-10-26,1
2021-10-27,1.399344753701,0.050000000000,SOFR,2021-10-27,1
2021-10-28,1.399346697236,0.050000000000,SOFR,2021-10-28,1
2021-10-29,1.399348640773,0.050000000000,SOFR,2021-10-29,3
2021-11-01,1.399354471392,0.050000000000,SOFR,2021-11-01,1
2021-11-02,1.399356414940,0.050000000000,SOFR,2021-11-02,1
2021-11-03,1.399358358491,0.050000000000,SOFR,2021-11-03,1
2021-11-04,1.399360302044,0.050000000000,SOFR,2021-11-04,1
2021-11-05,1.399362245600,0.050000000000,SOFR,2021-11-05,3
2021-11-08,1.399368076276,0.050000000000,SOFR,2021-11-08,1
2021-11-09,1.399370019843,0.050000000000,SOFR,2021-11-09,1
2021-11-10,1.399371963412,0.050000000000,SOFR,2021-11-10,2
2021-11-12,1.399375850556,0.050000000000,SOFR,2021-11-12,3
2021-11-15,1.399381681289,0.050000000000,SOFR,2021-11-15,1
2021-11-16,1.399383624875,0.050000000000,SOFR,2021-11-16,1
2021-11-17,1.399385568463,0.050000000000,SOFR,2021-11-17,1
2021-11-18,1.399387512054,0.050000000000,SOFR,2021-11-18,1
2021-11-19,1.399389455648,0.050000000000,SOFR,2021-11-19,3
2021-11-22,1.399395286437,0.050000000000,SOFR,2021-11-22,1
2021-11-23,1.399397230042,0.050000000000,SOFR,2021-11-23,1
2021-11-24,1.399399173649,0.050000000000,SOFR,2021-11-24,2
2021-11-26,1.399403060869,0.050000000000,SOFR,2021-11-26,3
2021-11-29,1.399408891715,0.050000000000,SOFR,2021-11-29,1
2021-11-30,1.399410835339,0.050000000000,SOFR,2021-11-30,1
2021-12-01,1.399412778965,0.050000000000,SOFR,2021-12-01,1
2021-12-02,1.399414722594,0.050000000000,SOFR,2021-12-02,1
2021-12-03,1.399416666225,0.050000000000,SOFR,2021-12-03,3
2021-12-06,1.399422497128,0.050000000000,SOFR,2021-12-06,1
2021-12-07,1.399424440770,0.050000000000,SOFR,2021-12-07,1
2021-12-08,1.399426384415,0.050000000000,SOFR,2021-12-08,1
2021-12-09,1.399428328063,0.050000000000,SOFR,2021-12-09,1
2021-12-10,1.399430271714,0.050000000000,SOFR,2021-12-10,3
2021-12-13,1.399436102673,0.050000000000,SOFR,2021-12-13,1
2021-12-14,1.399438046334,0.050000000000,SOFR,2021-12-14,1
2021-12-15,1.399439989998,0.050000000000,SOFR,2021-12-15,1
2021-12-16,1.399441933665,0.050000000000,SOFR,2021-12-16,1
2021-12-17,1.399443877334,0.050000000000,SOFR,2021-12-17,3
2021-12-20,1.399449708351,0.040000000000,SOFR,2021-12-20,1
2021-12-21,1.399451263295,0.050000000000,SOFR,2021-12-21,1
2021-12-22,1.399453206977,0.050000000000,SOFR,2021-12-22,1
2021-12-23,1.399455150662,0.050000000000,SOFR,2021-12-23,4
2021-12-27,1.399462925413,0.050000000000,SOFR,2021-12-27,1
2021-12-28,1.399464869111,0.050000000000,SOFR,2021-12-28,1
2021-12-29,1.399466812813,0.050000000000,SOFR,2021-12-29,1
2021-12-30,1.399468756516,0.050000000000,SOFR,2021-12-30,1
2021-12-31,1.399470700223,0.050000000000,SOFR,2021-12-31,3
2022-01-03,1.399476531351,0.050000000000,SOFR,2022-01-03,1
2022-01-04,1.399478475068,0.050000000000,SOFR,2022-01-04,1
2022-01-05,1.399480418788,0.050000000000,SOFR,2022-01-05,1
2022-01-06,1.399482362511,0.050000000000,SOFR,2022-01-06,1
2022-01-07,1.399484306237,0.050000000000,SOFR,2022-01-07,3
2022-01-10,1.399490137421,0.050000000000,SOFR,2022-01-10,1
2022-01-11,1.399492081158,0.050000000000,SOFR,2022-01-11,1
2022-01-12,1.399494024897,0.050000000000,SOFR,2022-01-12,1
2022-01-13,1.399495968638,0.050000000000,SOFR,2022-01-13,1
2022-01-14,1.399497912383,0.050000000000,SOFR,2022-01-14,4
2022-01-18,1.399505687371,0.050000000000,SOFR,2022-01-18,1
2022-01-19,1.399507631129,0.050000000000,SOFR,2022-01-19,1
2022-01-20,1.399509574890,0.040000000000,SOFR,2022-01-20,1
2022-01-21,1.399511129900,0.050000000000,SOFR,2022-01-21,3
2022-01-24,1.399516961197,0.040000000000,SOFR,2022-01-24,1
2022-01-25,1.399518516216,0.050000000000,SOFR,2022-01-25,1
2022-01-26,1.399520459991,0.040000000000,SOFR,2022-01-26,1
2022-01-27,1.399522015014,0.040000000000,SOFR,2022-01-27,1
2022-01-28,1.399523570038,0.050000000000,SOFR,2022-01-28,3
2022-01-31,1.399529401387,0.050000000000,SOFR,2022-01-31,1
2022-02-01,1.399531345177,0.050000000000,SOFR,2022-02-01,1
2022-02-02,1.399533288971,0.050000000000,SOFR,2022-02-02,1
2022-02-03,1.399535232767,0.050000000000,SOFR,2022-02-03,1
2022-02-04,1.399537176566,0.050000000000,SOFR,2022-02-04,3
2022-02-07,1.399543007971,0.050000000000,SOFR,2022-02-07,1
2022-02-08,1.399544951781,0.050000000000,SOFR,2022-02-08,1
2022-02-09,1.399546895593,0.040000000000,SOFR,2022-02-09,1
2022-02-10,1.399548450645,0.050000000000,SOFR,2022-02-10,1
2022-02-11,1.399550394463,0.050000000000,SOFR,2022-02-11,3
2022-02-14,1.399556225923,0.050000000000,SOFR,2022-02-14,1
2022-02-15,1.399558169751,0.050000000000,SOFR,2022-02-15,1
2022-02-16,1.399560113582,0.050000000000,SOFR,2022-02-16,1
2022-02-17,1.399562057415,0.050000000000,SOFR,2022-02-17,1
2022-02-18,1.399564001251,0.050000000000,SOFR,2022-02-18,4
2022-02-22,1.399571776607,0.050000000000,SOFR,2022-02-22,1
2022-02-23,1.399573720456,0.050000000000,SOFR,2022-02-23,1
2022-02-24,1.399575664309,0.050000000000,SOFR,2022-02-24,1
2022-02-25,1.399577608164,0.050000000000,SOFR,2022-02-25,3
2022-02-28,1.399583439737,0.050000000000,SOFR,2022-02-28,1
2022-03-01,1.399585383603,0.050000000000,SOFR,2022-03-01,1
2022-03-02,1.399587327472,0.050000000000,SOFR,2022-03-02,1
2022-03-03,1.399589271343,0.050000000000,SOFR,2022-03-03,1
2022-03-04,1.399591215217,0.050000000000,SOFR,2022-03-04,3
2022-03-07,1.399597046847,0.050000000000,SOFR,2022-03-07,1
2022-03-08,1.399598990732,0.050000000000,SOFR,2022-03-08,1
2022-03-09,1.399600934619,0.050000000000,SOFR,2022-03-09,1
2022-03-10,1.399602878510,0.050000000000,SOFR,2022-03-10,1
2022-03-11,1.399604822402,0.050000000000,SOFR,2022-03-11,3
2022-03-14,1.399610654089,0.050000000000,SOFR,2022-03-14,1
2022-03-15,1.399612597993,0.050000000000,SOFR,2022-03-15,1
2022-03-16,1.399614541899,0.050000000000,SOFR,2022-03-16,1
2022-03-17,1.399616485808,0.300000000000,SOFR,2022-03-17,1
2022-03-18,1.399628149279,0.300000000000,SOFR,2022-03-18,3
2022-03-21,1.399663139983,0.290000000000,SOFR,2022-03-21,1
2022-03-22,1.399674415047,0.280000000000,SOFR,2022-03-22,1
2022-03-23,1.399685301404,0.270000000000,SOFR,2022-03-23,1
2022-03-24,1.399695799043,0.270000000000,SOFR,2022-03-24,1
2022-03-25,1.399706296762,0.280000000000,SOFR,2022-03-25,3
2022-03-28,1.399738956575,0.280000000000,SOFR,2022-03-28,1
2022-03-29,1.399749843434,0.280000000000,SOFR,2022-03-29,1
2022-03-30,1.399760730377,0.270000000000,SOFR,2022-03-30,1
2022-03-31,1.399771228583,0.290000000000,SOFR,2022-03-31,1
2022-04-01,1.399782504518,0.300000000000,SOFR,2022-04-01,3
2022-04-04,1.399817499080,0.300000000000,SOFR,2022-04-04,1
2022-04-05,1.399829164226,0.300000000000,SOFR,2022-04-05,1
2022-04-06,1.399840829469,0.300000000000,SOFR,2022-04-06,1
2022-04-07,1.399852494809,0.300000000000,SOFR,2022-04-07,1
2022-04-08,1.399864160247,0.300000000000,SOFR,2022-04-08,3
2022-04-11,1.399899156851,0.300000000000,SOFR,2022-04-11,1
2022-04-12,1.399910822677,0.290000000000,SOFR,2022-04-12,1
2022-04-13,1.399922099736,0.290000000000,SOFR,2022-04-13,1
2022-04-14,1.399933376887,0.290000000000,SOFR,2022-04-14,4
2022-04-18,1.399978485851,0.290000000000,SOFR,2022-04-18,1
2022-04-19,1.399989763456,0.280000000000,SOFR,2022-04-19,1
2022-04-20,1.400000652265,0.270000000000,SOFR,2022-04-20,1
2022-04-21,1.400011152270,0.260000000000,SOFR,2022-04-21,1
2022-04-22,1.400021263461,0.270000000000,SOFR,2022-04-22,3
2022-04-25,1.400052763940,0.270000000000,SOFR,2022-04-25,1
2022-04-26,1.400063264336,0.270000000000,SOFR,2022-04-26,1
2022-04-27,1.400073764810,0.280000000000,SOFR,2022-04-27,1
2022-04-28,1.400084654273,0.280000000000,SOFR,2022-04-28,1
2022-04-29,1.400095543820,0.280000000000,SOFR,2022-04-29,3
2022-05-02,1.400128212716,0.300000000000,SOFR,2022-05-02,1
2022-05-03,1.400139880451,0.300000000000,SOFR,2022-05-03,1
2022-05-04,1.400151548283,0.300000000000,SOFR,2022-05-04,1
2022-05-05,1.400163216213,0.790000000000,SOFR,2022-05-05,1
2022-05-06,1.400193942017,0.780000000000,SOFR,2022-05-06,3
2022-05-09,1.400284954623,0.780000000000,SOFR,2022-05-09,1
2022-05-10,1.400315294130,0.780000000000,SOFR,2022-05-10,1
2022-05-11,1.400345634295,0.780000000000,SOFR,2022-05-11,1
2022-05-12,1.400375975117,0.790000000000,SOFR,2022-05-12,1
2022-05-13,1.400406705590,0.790000000000,SOFR,2022-05-13,3
2022-05-16,1.400498899031,0.800000000000,SOFR,2022-05-16,1
2022-05-17,1.400530021229,0.800000000000,SOFR,2022-05-17,1
2022-05-18,1.400561144119,0.790000000000,SOFR,2022-05-18,1
2022-05-19,1.400591878655,0.790000000000,SOFR,2022-05-19,1
2022-05-20,1.400622613865,0.780000000000,SOFR,2022-05-20,3
2022-05-23,1.400713654335,0.780000000000,SOFR,2022-05-23,1
2022-05-24,1.400744003131,0.780000000000,SOFR,2022-05-24,1
2022-05-25,1.400774352585,0.780000000000,SOFR,2022-05-25,1
2022-05-26,1.400804702696,0.780000000000,SOFR,2022-05-26,1
2022-05-27,1.400835053464,0.780000000000,SOFR,2022-05-27,4
2022-05-31,1.400956459169,0.790000000000,SOFR,2022-05-31,1
2022-06-01,1.400987202380,0.800000000000,SOFR,2022-06-01,1
2022-06-02,1.401018335429,0.790000000000,SOFR,2022-06-02,1
2022-06-03,1.401049079998,0.780000000000,SOFR,2022-06-03,3
2022-06-06,1.401140148188,0.780000000000,SOFR,2022-06-06,1
2022-06-07,1.401170506225,0.770000000000,SOFR,2022-06-07,1
2022-06-08,1.401200475705,0.760000000000,SOFR,2022-06-08,1
2022-06-09,1.401230056604,0.750000000000,SOFR,2022-06-09,1
2022-06-10,1.401259248897,0.750000000000,SOFR,2022-06-10,3
2022-06-13,1.401346827600,0.730000000000,SOFR,2022-06-13,1
2022-06-14,1.401375243799,0.690000000000,SOFR,2022-06-14,1
2022-06-15,1.401402103492,0.700000000000,SOFR,2022-06-15,1
2022-06-16,1.401429352977,1.450000000000,SOFR,2022-06-16,1
2022-06-17,1.401485799437,1.450000000000,SOFR,2022-06-17,4
2022-06-21,1.401711594371,1.450000000000,SOFR,2022-06-21,1
2022-06-22,1.401768052199,1.450000000000,SOFR,2022-06-22,1
2022-06-23,1.401824512301,1.440000000000,SOFR,2022-06-23,1
2022-06-24,1.401880585282,1.460000000000,SOFR,2022-06-24,3
2022-06-27,1.402051147420,1.500000000000,SOFR,2022-06-27,1
2022-06-28,1.402109566218,1.520000000000,SOFR,2022-06-28,1
2022-06-29,1.402168766399,1.510000000000,SOFR,2022-06-29,1
2022-06-30,1.402227579589,1.500000000000,SOFR,2022-06-30,1
2022-07-01,1.402286005738,1.520000000000,SOFR,2022-07-01,4
2022-07-05,1.402522836264,1.540000000000,SOFR,2022-07-05,1
2022-07-06,1.402582833074,1.540000000000,SOFR,2022-07-06,1
2022-07-07,1.402642832451,1.540000000000,SOFR,2022-07-07,1
2022-07-08,1.402702834394,1.530000000000,SOFR,2022-07-08,3
2022-07-11,1.402881679006,1.530000000000,SOFR,2022-07-11,1
2022-07-12,1.402941301477,1.540000000000,SOFR,2022-07-12,1
2022-07-13,1.403001316188,1.530000000000,SOFR,2022-07-13,1
2022-07-14,1.403060943744,1.530000000000,SOFR,2022-07-14,1
2022-07-15,1.403120573834,1.540000000000,SOFR,2022-07-15,3
2022-07-18,1.403300640975,1.540000000000,SOFR,2022-07-18,1
2022-07-19,1.403360671057,1.540000000000,SOFR,2022-07-19,1
2022-07-20,1.403420703708,1.530000000000,SOFR,2022-07-20,1
2022-07-21,1.403480349088,1.530000000000,SOFR,2022-07-21,1
2022-07-22,1.403539997003,1.520000000000,SOFR,2022-07-22,3
2022-07-25,1.403717778736,1.530000000000,SOFR,2022-07-25,1
2022-07-26,1.403777436742,1.530000000000,SOFR,2022-07-26,1
2022-07-27,1.403837097283,1.530000000000,SOFR,2022-07-27,1
2022-07-28,1.403896760359,2.280000000000,SOFR,2022-07-28,1
2022-07-29,1.403985673821,2.270000000000,SOFR,2022-07-29,3
2022-08-01,1.404251261111,2.280000000000,SOFR,2022-08-01,1
2022-08-02,1.404340197024,2.300000000000,SOFR,2022-08-02,1
2022-08-03,1.404429918759,2.290000000000,SOFR,2022-08-03,1
2022-08-04,1.404519256106,2.290000000000,SOFR,2022-08-04,1
2022-08-05,1.404608599137,2.280000000000,SOFR,2022-08-05,3
2022-08-08,1.404875474771,2.280000000000,SOFR,2022-08-08,1
2022-08-09,1.404964450218,2.290000000000,SOFR,2022-08-09,1
2022-08-10,1.405053821567,2.280000000000,SOFR,2022-08-10,1
2022-08-11,1.405142808309,2.280000000000,SOFR,2022-08-11,1
2022-08-12,1.405231800687,2.280000000000,SOFR,2022-08-12,3
2022-08-15,1.405498794729,2.290000000000,SOFR,2022-08-15,1
2022-08-16,1.405588200069,2.290000000000,SOFR,2022-08-16,1
2022-08-17,1.405677611096,2.290000000000,SOFR,2022-08-17,1
2022-08-18,1.405767027811,2.280000000000,SOFR,2022-08-18,1
2022-08-19,1.405856059723,2.280000000000,SOFR,2022-08-19,3
2022-08-22,1.406123172374,2.280000000000,SOFR,2022-08-22,1
2022-08-23,1.406212226842,2.270000000000,SOFR,2022-08-23,1
2022-08-24,1.406300896335,2.270000000000,SOFR,2022-08-24,1
2022-08-25,1.406389571419,2.280000000000,SOFR,2022-08-25,1
2022-08-26,1.406478642759,2.280000000000,SOFR,2022-08-26,3
2022-08-29,1.406745873701,2.280000000000,SOFR,2022-08-29,1
2022-08-30,1.406834967606,2.290000000000,SOFR,2022-08-30,1
2022-08-31,1.406924457942,2.290000000000,SOFR,2022-08-31,1
2022-09-01,1.407013953970,2.290000000000,SOFR,2022-09-01,1
2022-09-02,1.407103455691,2.290000000000,SOFR,2022-09-02,4
2022-09-06,1.407461485348,2.290000000000,SOFR,2022-09-06,1
2022-09-07,1.407551015537,2.280000000000,SOFR,2022-09-07,1
2022-09-08,1.407640160434,2.280000000000,SOFR,2022-09-08,1
2022-09-09,1.407729310978,2.280000000000,SOFR,2022-09-09,3
2022-09-12,1.407996779547,2.280000000000,SOFR,2022-09-12,1
2022-09-13,1.408085952676,2.280000000000,SOFR,2022-09-13,1
2022-09-14,1.408175131453,2.270000000000,SOFR,2022-09-14,1
2022-09-15,1.408263924719,2.280000000000,SOFR,2022-09-15,1
2022-09-16,1.408353114767,2.270000000000,SOFR,2022-09-16,3
2022-09-19,1.408619528231,2.270000000000,SOFR,2022-09-19,1
2022-09-20,1.408708349518,2.260000000000,SOFR,2022-09-20,1
2022-09-21,1.408796785098,2.250000000000,SOFR,2022-09-21,1
2022-09-22,1.408884834897,2.990000000000,SOFR,2022-09-22,1
2022-09-23,1.409001850610,2.990000000000,SOFR,2022-09-23,3
2022-09-26,1.409352926904,2.990000000000,SOFR,2022-09-26,1
2022-09-27,1.409469981494,2.980000000000,SOFR,2022-09-27,1
2022-09-28,1.409586654287,2.980000000000,SOFR,2022-09-28,1
2022-09-29,1.409703336738,2.960000000000,SOFR,2022-09-29,1
2022-09-30,1.409819245679,2.980000000000,SOFR,2022-09-30,3
2022-10-03,1.410169350792,3.000000000000,SOFR,2022-10-03,1
2022-10-04,1.410286864905,3.040000000000,SOFR,2022-10-04,1
2022-10-05,1.410405955795,3.040000000000,SOFR,2022-10-05,1
2022-10-06,1.410525056743,3.050000000000,SOFR,2022-10-06,1
2022-10-07,1.410644559560,3.050000000000,SOFR,2022-10-07,4
2022-10-11,1.411122611327,3.050000000000,SOFR,2022-10-11,1
2022-10-12,1.411242164771,3.040000000000,SOFR,2022-10-12,1
2022-10-13,1.411361336331,3.040000000000,SOFR,2022-10-13,1
2022-10-14,1.411480517955,3.040000000000,SOFR,2022-10-14,3
2022-10-17,1.411838093020,3.050000000000,SOFR,2022-10-17,1
2022-10-18,1.411957707081,3.040000000000,SOFR,2022-10-18,1
2022-10-19,1.412076939065,3.040000000000,SOFR,2022-10-19,1
2022-10-20,1.412196181117,3.030000000000,SOFR,2022-10-20,1
2022-10-21,1.412315040963,3.020000000000,SOFR,2022-10-21,3
2022-10-24,1.412670473581,3.010000000000,SOFR,2022-10-24,1
2022-10-25,1.412788588529,3.020000000000,SOFR,2022-10-25,1
2022-10-26,1.412907105794,3.030000000000,SOFR,2022-10-26,1
2022-10-27,1.413026025476,3.040000000000,SOFR,2022-10-27,1
2022-10-28,1.413145347673,3.050000000000,SOFR,2022-10-28,3
2022-10-31,1.413504522116,3.050000000000,SOFR,2022-10-31,1
2022-11-01,1.413624277360,3.050000000000,SOFR,2022-11-01,1
2022-11-02,1.413744042750,3.050000000000,SOFR,2022-11-02,1
2022-11-03,1.413863818287,3.800000000000,SOFR,2022-11-03,1
2022-11-04,1.414013059468,3.800000000000,SOFR,2022-11-04,3
2022-11-07,1.414460830270,3.780000000000,SOFR,2022-11-07,1
2022-11-08,1.414609348657,3.780000000000,SOFR,2022-11-08,1
2022-11-09,1.414757882639,3.780000000000,SOFR,2022-11-09,1
2022-11-10,1.414906432217,3.780000000000,SOFR,2022-11-10,4
2022-11-14,1.415500692918,3.790000000000,SOFR,2022-11-14,1
2022-11-15,1.415649713686,3.800000000000,SOFR,2022-11-15,1
2022-11-16,1.415799143378,3.810000000000,SOFR,2022-11-16,1
2022-11-17,1.415948982120,3.800000000000,SOFR,2022-11-17,1
2022-11-18,1.416098443402,3.800000000000,SOFR,2022-11-18,3
2022-11-21,1.416546874575,3.800000000000,SOFR,2022-11-21,1
2022-11-22,1.416696398968,3.800000000000,SOFR,2022-11-22,1
2022-11-23,1.416845939143,3.790000000000,SOFR,2022-11-23,2
2022-11-25,1.417144263927,3.800000000000,SOFR,2022-11-25,3
2022-11-28,1.417593026277,3.800000000000,SOFR,2022-11-28,1
2022-11-29,1.417742661097,3.810000000000,SOFR,2022-11-29,1
2022-11-30,1.417892705528,3.820000000000,SOFR,2022-11-30,1
2022-12-01,1.418043159699,3.820000000000,SOFR,2022-12-01,1
2022-12-02,1.418193629834,3.810000000000,SOFR,2022-12-02,3
2022-12-05,1.418643906311,3.810000000000,SOFR,2022-12-05,1
2022-12-06,1.418794046125,3.800000000000,SOFR,2022-12-06,1
2022-12-07,1.418943807719,3.800000000000,SOFR,2022-12-07,1
2022-12-08,1.419093585121,3.800000000000,SOFR,2022-12-08,1
2022-12-09,1.419243378332,3.800000000000,SOFR,2022-12-09,3
2022-12-12,1.419692805402,3.800000000000,SOFR,2022-12-12,1
2022-12-13,1.419842661865,3.800000000000,SOFR,2022-12-13,1
2022-12-14,1.419992534146,3.800000000000,SOFR,2022-12-14,1
2022-12-15,1.420142422247,4.320000000000,SOFR,2022-12-15,1
2022-12-16,1.420312839337,4.320000000000,SOFR,2022-12-16,3
2022-12-19,1.420824151960,4.300000000000,SOFR,2022-12-19,1
2022-12-20,1.420993861511,4.300000000000,SOFR,2022-12-20,1
2022-12-21,1.421163591333,4.300000000000,SOFR,2022-12-21,1
2022-12-22,1.421333341429,4.300000000000,SOFR,2022-12-22,1
2022-12-23,1.421503111800,4.300000000000,SOFR,2022-12-23,4
2022-12-27,1.422182274398,4.300000000000,SOFR,2022-12-27,1
2022-12-28,1.422352146170,4.300000000000,SOFR,2022-12-28,1
2022-12-29,1.422522038232,4.300000000000,SOFR,2022-12-29,1
2022-12-30,1.422691950586,4.300000000000,SOFR,2022-12-30,4
2023-01-03,1.423371681185,4.310000000000,SOFR,2023-01-03,1
2023-01-04,1.423542090406,4.300000000000,SOFR,2023-01-04,1
2023-01-05,1.423712124600,4.310000000000,SOFR,2023-01-05,1
2023-01-06,1.423882574579,4.310000000000,SOFR,2023-01-06,3
2023-01-09,1.424393985737,4.310000000000,SOFR,2023-01-09,1
2023-01-10,1.424564517351,4.310000000000,SOFR,2023-01-10,1
2023-01-11,1.424735069380,4.300000000000,SOFR,2023-01-11,1
2023-01-12,1.424905246069,4.300000000000,SOFR,2023-01-12,1
2023-01-13,1.425075443085,4.300000000000,SOFR,2023-01-13,4
2023-01-17,1.425756312463,4.310000000000,SOFR,2023-01-17,1
2023-01-18,1.425927007177,4.300000000000,SOFR,2023-01-18,1
2023-01-19,1.426097326236,4.310000000000,SOFR,2023-01-19,1
2023-01-20,1.426268061777,4.300000000000,SOFR,2023-01-20,3
2023-01-23,1.426779141166,4.300000000000,SOFR,2023-01-23,1
2023-01-24,1.426949562008,4.300000000000,SOFR,2023-01-24,1
2023-01-25,1.427120003206,4.310000000000,SOFR,2023-01-25,1
2023-01-26,1.427290861184,4.300000000000,SOFR,2023-01-26,1
2023-01-27,1.427461343148,4.300000000000,SOFR,2023-01-27,3
2023-01-30,1.427972850129,4.300000000000,SOFR,2023-01-30,1
2023-01-31,1.428143413553,4.310000000000,SOFR,2023-01-31,1
2023-02-01,1.428314394056,4.310000000000,SOFR,2023-02-01,1
2023-02-02,1.428485395029,4.560000000000,SOFR,2023-02-02,1
2023-02-03,1.428666336513,4.550000000000,SOFR,2023-02-03,3
2023-02-06,1.429208039165,4.550000000000,SOFR,2023-02-06,1
2023-02-07,1.429388675181,4.550000000000,SOFR,2023-02-07,1
2023-02-08,1.429569334028,4.550000000000,SOFR,2023-02-08,1
2023-02-09,1.429750015707,4.550000000000,SOFR,2023-02-09,1
2023-02-10,1.429930720223,4.550000000000,SOFR,2023-02-10,3
2023-02-13,1.430472902288,4.550000000000,SOFR,2023-02-13,1
2023-02-14,1.430653698169,4.550000000000,SOFR,2023-02-14,1
2023-02-15,1.430834516900,4.550000000000,SOFR,2023-02-15,1
2023-02-16,1.431015358485,4.550000000000,SOFR,2023-02-16,1
2023-02-17,1.431196222926,4.550000000000,SOFR,2023-02-17,4
2023-02-21,1.431919772127,4.550000000000,SOFR,2023-02-21,1
2023-02-22,1.432100750876,4.550000000000,SOFR,2023-02-22,1
2023-02-23,1.432281752499,4.550000000000,SOFR,2023-02-23,1
2023-02-24,1.432462776998,4.550000000000,SOFR,2023-02-24,3
2023-02-27,1.433005919135,4.550000000000,SOFR,2023-02-27,1
2023-02-28,1.433187035161,4.550000000000,SOFR,2023-02-28,1
2023-03-01,1.433368174078,4.550000000000,SOFR,2023-03-01,1
2023-03-02,1.433549335888,4.550000000000,SOFR,2023-03-02,1
2023-03-03,1.433730520596,4.550000000000,SOFR,2023-03-03,3
2023-03-06,1.434274143419,4.550000000000,SOFR,2023-03-06,1
2023-03-07,1.434455419734,4.550000000000,SOFR,2023-03-07,1
2023-03-08,1.434636718961,4.550000000000,SOFR,2023-03-08,1
2023-03-09,1.434818041101,4.550000000000,SOFR,2023-03-09,1
2023-03-10,1.434999386159,4.550000000000,SOFR,2023-03-10,3
2023-03-13,1.435543490093,4.550000000000,SOFR,2023-03-13,1
2023-03-14,1.435724926840,4.550000000000,SOFR,2023-03-14,1
2023-03-15,1.435906386518,4.580000000000,SOFR,2023-03-15,1
2023-03-16,1.436089065720,4.570000000000,SOFR,2023-03-16,1
2023-03-17,1.436271369248,4.550000000000,SOFR,2023-03-17,3
2023-03-20,1.436815955476,4.550000000000,SOFR,2023-03-20,1
2023-03-21,1.436997553048,4.550000000000,SOFR,2023-03-21,1
2023-03-22,1.437179173572,4.550000000000,SOFR,2023-03-22,1
2023-03-23,1.437360817051,4.800000000000,SOFR,2023-03-23,1
2023-03-24,1.437552465160,4.800000000000,SOFR,2023-03-24,3
2023-03-27,1.438127486146,4.810000000000,SOFR,2023-03-27,1
2023-03-28,1.438319635957,4.840000000000,SOFR,2023-03-28,1
2023-03-29,1.438513010042,4.830000000000,SOFR,2023-03-29,1
2023-03-30,1.438706010537,4.820000000000,SOFR,2023-03-30,1
2023-03-31,1.438898637286,4.870000000000,SOFR,2023-03-31,3
2023-04-03,1.439482590317,4.840000000000,SOFR,2023-04-03,1
2023-04-04,1.439676120754,4.830000000000,SOFR,2023-04-04,1
2023-04-05,1.439869277300,4.810000000000,SOFR,2023-04-05,1
2023-04-06,1.440061659834,4.810000000000,SOFR,2023-04-06,4
2023-04-10,1.440831292788,4.810000000000,SOFR,2023-04-10,1
2023-04-11,1.441023803858,4.800000000000,SOFR,2023-04-11,1
2023-04-12,1.441215940365,4.800000000000,SOFR,2023-04-12,1
2023-04-13,1.441408102490,4.800000000000,SOFR,2023-04-13,1
2023-04-14,1.441600290237,4.800000000000,SOFR,2023-04-14,3
2023-04-17,1.442176930353,4.800000000000,SOFR,2023-04-17,1
2023-04-18,1.442369220611,4.800000000000,SOFR,2023-04-18,1
2023-04-19,1.442561536507,4.800000000000,SOFR,2023-04-19,1
2023-04-20,1.442753878045,4.800000000000,SOFR,2023-04-20,1
2023-04-21,1.442946245229,4.800000000000,SOFR,2023-04-21,3
2023-04-24,1.443523423727,4.800000000000,SOFR,2023-04-24,1
2023-04-25,1.443715893517,4.800000000000,SOFR,2023-04-25,1
2023-04-26,1.443908388969,4.800000000000,SOFR,2023-04-26,1
2023-04-27,1.444100910088,4.810000000000,SOFR,2023-04-27,1
2023-04-28,1.444293858015,4.810000000000,SOFR,2023-04-28,3
2023-05-01,1.444872779136,4.810000000000,SOFR,2023-05-01,1
2023-05-02,1.445065830194,4.810000000000,SOFR,2023-05-02,1
2023-05-03,1.445258907045,4.810000000000,SOFR,2023-05-03,1
2023-05-04,1.445452009693,5.060000000000,SOFR,2023-05-04,1
2023-05-05,1.445655176004,5.060000000000,SOFR,2023-05-05,3
2023-05-08,1.446264760603,5.060000000000,SOFR,2023-05-08,1
2023-05-09,1.446468041150,5.060000000000,SOFR,2023-05-09,1
2023-05-10,1.446671350269,5.060000000000,SOFR,2023-05-10,1
2023-05-11,1.446874687964,5.050000000000,SOFR,2023-05-11,1
2023-05-12,1.447077652330,5.050000000000,SOFR,2023-05-12,3
2023-05-15,1.447686630842,5.060000000000,SOFR,2023-05-15,1
2023-05-16,1.447890111241,5.050000000000,SOFR,2023-05-16,1
2023-05-17,1.448093218048,5.050000000000,SOFR,2023-05-17,1
2023-05-18,1.448296353347,5.050000000000,SOFR,2023-05-18,1
2023-05-19,1.448499517141,5.050000000000,SOFR,2023-05-19,3
2023-05-22,1.449109094021,5.050000000000,SOFR,2023-05-22,1
2023-05-23,1.449312371824,5.050000000000,SOFR,2023-05-23,1
2023-05-24,1.449515678143,5.050000000000,SOFR,2023-05-24,1
2023-05-25,1.449719012981,5.060000000000,SOFR,2023-05-25,1
2023-05-26,1.449922779043,5.060000000000,SOFR,2023-05-26,4
2023-05-30,1.450737957849,5.060000000000,SOFR,2023-05-30,1
2023-05-31,1.450941867129,5.080000000000,SOFR,2023-05-31,1
2023-06-01,1.451146611148,5.080000000000,SOFR,2023-06-01,1
2023-06-02,1.451351384059,5.070000000000,SOFR,2023-06-02,3
2023-06-05,1.451964580019,5.060000000000,SOFR,2023-06-05,1
2023-06-06,1.452168661707,5.050000000000,SOFR,2023-06-06,1
2023-06-07,1.452372368700,5.050000000000,SOFR,2023-06-07,1
2023-06-08,1.452576104268,5.050000000000,SOFR,2023-06-08,1
2023-06-09,1.452779868416,5.050000000000,SOFR,2023-06-09,3
2023-06-12,1.453391246611,5.050000000000,SOFR,2023-06-12,1
2023-06-13,1.453595125105,5.050000000000,SOFR,2023-06-13,1
2023-06-14,1.453799032199,5.050000000000,SOFR,2023-06-14,1
2023-06-15,1.454002967896,5.060000000000,SOFR,2023-06-15,1
2023-06-16,1.454207336091,5.050000000000,SOFR,2023-06-16,4
2023-06-20,1.455023307985,5.050000000000,SOFR,2023-06-20,1
2023-06-21,1.455227415422,5.050000000000,SOFR,2023-06-21,1
2023-06-22,1.455431551490,5.050000000000,SOFR,2023-06-22,1
2023-06-23,1.455635716193,5.050000000000,SOFR,2023-06-23,3
2023-06-26,1.456248296224,5.050000000000,SOFR,2023-06-26,1
2023-06-27,1.456452575499,5.050000000000,SOFR,2023-06-27,1
2023-06-28,1.456656883430,5.060000000000,SOFR,2023-06-28,1
2023-06-29,1.456861624647,5.060000000000,SOFR,2023-06-29,1
2023-06-30,1.457066394642,5.090000000000,SOFR,2023-06-30,3
2023-07-03,1.457684433638,5.060000000000,SOFR,2023-07-03,2
2023-07-05,1.458094204929,5.060000000000,SOFR,2023-07-05,1
2023-07-06,1.458299148170,5.060000000000,SOFR,2023-07-06,1
2023-07-07,1.458504120217,5.060000000000,SOFR,2023-07-07,3
2023-07-10,1.459119122787,5.060000000000,SOFR,2023-07-10,1
2023-07-11,1.459324210086,5.060000000000,SOFR,2023-07-11,1
2023-07-12,1.459529326211,5.050000000000,SOFR,2023-07-12,1
2023-07-13,1.459734065742,5.060000000000,SOFR,2023-07-13,1
2023-07-14,1.459939239474,5.050000000000,SOFR,2023-07-14,3
2023-07-17,1.460553630571,5.060000000000,SOFR,2023-07-17,1
2023-07-18,1.460758919498,5.060000000000,SOFR,2023-07-18,1
2023-07-19,1.460964237279,5.050000000000,SOFR,2023-07-19,1
2023-07-20,1.461169178096,5.060000000000,SOFR,2023-07-20,1
2023-07-21,1.461374553542,5.050000000000,SOFR,2023-07-21,3
2023-07-24,1.461989548666,5.050000000000,SOFR,2023-07-24,1
2023-07-25,1.462194633311,5.060000000000,SOFR,2023-07-25,1
2023-07-26,1.462400152890,5.060000000000,SOFR,2023-07-26,1
2023-07-27,1.462605701356,5.310000000000,SOFR,2023-07-27,1
2023-07-28,1.462821435697,5.300000000000,SOFR,2023-07-28,3
2023-07-31,1.463467515165,5.310000000000,SOFR,2023-07-31,1
2023-08-01,1.463683376623,5.310000000000,SOFR,2023-08-01,1
2023-08-02,1.463899269921,5.300000000000,SOFR,2023-08-02,1
2023-08-03,1.464114788425,5.300000000000,SOFR,2023-08-03,1
2023-08-04,1.464330338657,5.300000000000,SOFR,2023-08-04,3
2023-08-07,1.464977084557,5.300000000000,SOFR,2023-08-07,1
2023-08-08,1.465192761739,5.300000000000,SOFR,2023-08-08,1
2023-08-09,1.465408470673,5.300000000000,SOFR,2023-08-09,1
2023-08-10,1.465624211365,5.300000000000,SOFR,2023-08-10,1
2023-08-11,1.465839983818,5.300000000000,SOFR,2023-08-11,3
2023-08-14,1.466487396478,5.300000000000,SOFR,2023-08-14,1
2023-08-15,1.466703296011,5.300000000000,SOFR,2023-08-15,1
2023-08-16,1.466919227330,5.300000000000,SOFR,2023-08-16,1
2023-08-17,1.467135190438,5.300000000000,SOFR,2023-08-17,1
2023-08-18,1.467351185341,5.300000000000,SOFR,2023-08-18,3
2023-08-21,1.467999265448,5.300000000000,SOFR,2023-08-21,1
2023-08-22,1.468215387562,5.300000000000,SOFR,2023-08-22,1
2023-08-23,1.468431541494,5.300000000000,SOFR,2023-08-23,1
2023-08-24,1.468647727249,5.300000000000,SOFR,2023-08-24,1
2023-08-25,1.468863944831,5.300000000000,SOFR,2023-08-25,3
2023-08-28,1.469512693073,5.300000000000,SOFR,2023-08-28,1
2023-08-29,1.469729037997,5.300000000000,SOFR,2023-08-29,1
2023-08-30,1.469945414773,5.300000000000,SOFR,2023-08-30,1
2023-08-31,1.470161823403,5.310000000000,SOFR,2023-08-31,1
2023-09-01,1.470378672272,5.310000000000,SOFR,2023-09-01,4
2023-09-05,1.471246195689,5.310000000000,SOFR,2023-09-05,1
2023-09-06,1.471463204502,5.300000000000,SOFR,2023-09-06,1
2023-09-07,1.471679836585,5.310000000000,SOFR,2023-09-07,1
2023-09-08,1.471896909361,5.300000000000,SOFR,2023-09-08,3
2023-09-11,1.472546997163,5.300000000000,SOFR,2023-09-11,1
2023-09-12,1.472763788804,5.300000000000,SOFR,2023-09-12,1
2023-09-13,1.472980612362,5.300000000000,SOFR,2023-09-13,1
2023-09-14,1.473197467841,5.300000000000,SOFR,2023-09-14,1
2023-09-15,1.473414355246,5.310000000000,SOFR,2023-09-15,3
2023-09-18,1.474066341098,5.310000000000,SOFR,2023-09-18,1
2023-09-19,1.474283765883,5.310000000000,SOFR,2023-09-19,1
2023-09-20,1.474501222739,5.300000000000,SOFR,2023-09-20,1
2023-09-21,1.474718302086,5.300000000000,SOFR,2023-09-21,1
2023-09-22,1.474935413391,5.300000000000,SOFR,2023-09-22,3
2023-09-25,1.475586843199,5.310000000000,SOFR,2023-09-25,1
2023-09-26,1.475804492258,5.310000000000,SOFR,2023-09-26,1
2023-09-27,1.476022173421,5.320000000000,SOFR,2023-09-27,1
2023-09-28,1.476240296698,5.310000000000,SOFR,2023-09-28,1
2023-09-29,1.476458042141,5.310000000000,SOFR,2023-09-29,3
2023-10-02,1.477111374825,5.320000000000,SOFR,2023-10-02,1
2023-10-03,1.477329659061,5.330000000000,SOFR,2023-10-03,1
2023-10-04,1.477548385925,5.320000000000,SOFR,2023-10-04,1
2023-10-05,1.477766734742,5.320000000000,SOFR,2023-10-05,1
2023-10-06,1.477985115826,5.310000000000,SOFR,2023-10-06,4
2023-10-10,1.478857127044,5.310000000000,SOFR,2023-10-10,1
2023-10-11,1.479075258471,5.310000000000,SOFR,2023-10-11,1
2023-10-12,1.479293422071,5.310000000000,SOFR,2023-10-12,1
2023-10-13,1.479511617851,5.310000000000,SOFR,2023-10-13,3
2023-10-16,1.480166301742,5.310000000000,SOFR,2023-10-16,1
2023-10-17,1.480384626271,5.310000000000,SOFR,2023-10-17,1
2023-10-18,1.480602983004,5.300000000000,SOFR,2023-10-18,1
2023-10-19,1.480820960665,5.300000000000,SOFR,2023-10-19,1
2023-10-20,1.481038970418,5.300000000000,SOFR,2023-10-20,3
2023-10-23,1.481693095963,5.300000000000,SOFR,2023-10-23,1
2023-10-24,1.481911234113,5.300000000000,SOFR,2023-10-24,1
2023-10-25,1.482129404378,5.300000000000,SOFR,2023-10-25,1
2023-10-26,1.482347606763,5.310000000000,SOFR,2023-10-26,1
2023-10-27,1.482566253035,5.310000000000,SOFR,2023-10-27,3
2023-10-30,1.483222288602,5.310000000000,SOFR,2023-10-30,1
2023-10-31,1.483441063889,5.350000000000,SOFR,2023-10-31,1
2023-11-01,1.483661519714,5.320000000000,SOFR,2023-11-01,1
2023-11-02,1.483880771916,5.330000000000,SOFR,2023-11-02,1
2023-11-03,1.484100468708,5.320000000000,SOFR,2023-11-03,3
2023-11-06,1.484758419916,5.320000000000,SOFR,2023-11-06,1
2023-11-07,1.484977834216,5.320000000000,SOFR,2023-11-07,1
2023-11-08,1.485197280940,5.320000000000,SOFR,2023-11-08,1
2023-11-09,1.485416760094,5.320000000000,SOFR,2023-11-09,1
2023-11-10,1.485636271682,5.320000000000,SOFR,2023-11-10,3
2023-11-13,1.486294903763,5.320000000000,SOFR,2023-11-13,1
2023-11-14,1.486514545121,5.320000000000,SOFR,2023-11-14,1
2023-11-15,1.486734218937,5.320000000000,SOFR,2023-11-15,1
2023-11-16,1.486953925216,5.320000000000,SOFR,2023-11-16,1
2023-11-17,1.487173663962,5.320000000000,SOFR,2023-11-17,3
2023-11-20,1.487832977620,5.310000000000,SOFR,2023-11-20,1
2023-11-21,1.488052432984,5.310000000000,SOFR,2023-11-21,1
2023-11-22,1.488271920718,5.310000000000,SOFR,2023-11-22,2
2023-11-24,1.488710960935,5.320000000000,SOFR,2023-11-24,3
2023-11-27,1.489370956127,5.320000000000,SOFR,2023-11-27,1
2023-11-28,1.489591052058,5.320000000000,SOFR,2023-11-28,1
2023-11-29,1.489811180513,5.310000000000,SOFR,2023-11-29,1
2023-11-30,1.490030927662,5.330000000000,SOFR,2023-11-30,1
2023-12-01,1.490251535019,5.390000000000,SOFR,2023-12-01,3
2023-12-04,1.490920906334,5.370000000000,SOFR,2023-12-04,1
2023-12-05,1.491143302035,5.330000000000,SOFR,2023-12-05,1
2023-12-06,1.491364074085,5.320000000000,SOFR,2023-12-06,1
2023-12-07,1.491584464554,5.320000000000,SOFR,2023-12-07,1
2023-12-08,1.491804887592,5.320000000000,SOFR,2023-12-08,3
2023-12-11,1.492466254425,5.320000000000,SOFR,2023-12-11,1
2023-12-12,1.492686807772,5.310000000000,SOFR,2023-12-12,1
2023-12-13,1.492906979076,5.310000000000,SOFR,2023-12-13,1
2023-12-14,1.493127182855,5.310000000000,SOFR,2023-12-14,1
2023-12-15,1.493347419115,5.320000000000,SOFR,2023-12-15,3
2023-12-18,1.494009469804,5.320000000000,SOFR,2023-12-18,1
2023-12-19,1.494230251203,5.310000000000,SOFR,2023-12-19,1
2023-12-20,1.494450650165,5.310000000000,SOFR,2023-12-20,1
2023-12-21,1.494671081636,5.310000000000,SOFR,2023-12-21,1
2023-12-22,1.494891545621,5.320000000000,SOFR,2023-12-22,4
2023-12-26,1.495775192623,5.350000000000,SOFR,2023-12-26,1
2023-12-27,1.495997481437,5.390000000000,SOFR,2023-12-27,1
2023-12-28,1.496221465504,5.400000000000,SOFR,2023-12-28,1
2023-12-29,1.496445898724,5.380000000000,SOFR,2023-12-29,4
2024-01-02,1.497340440828,5.400000000000,SOFR,2024-01-02,1
2024-01-03,1.497565041894,5.390000000000,SOFR,2024-01-03,1
2024-01-04,1.497789260660,5.320000000000,SOFR,2024-01-04,1
2024-01-05,1.498010600628,5.310000000000,SOFR,2024-01-05,3
2024-01-08,1.498673470319,5.310000000000,SOFR,2024-01-08,1
2024-01-09,1.498894524656,5.310000000000,SOFR,2024-01-09,1
2024-01-10,1.499115611598,5.310000000000,SOFR,2024-01-10,1
2024-01-11,1.499336731151,5.310000000000,SOFR,2024-01-11,1
2024-01-12,1.499557883319,5.310000000000,SOFR,2024-01-12,4
2024-01-16,1.500442622470,5.320000000000,SOFR,2024-01-16,1
2024-01-17,1.500664354546,5.320000000000,SOFR,2024-01-17,1
2024-01-18,1.500886119390,5.310000000000,SOFR,2024-01-18,1
2024-01-19,1.501107500093,5.310000000000,SOFR,2024-01-19,3
2024-01-22,1.501771740161,5.310000000000,SOFR,2024-01-22,1
2024-01-23,1.501993251493,5.310000000000,SOFR,2024-01-23,1
2024-01-24,1.502214795498,5.310000000000,SOFR,2024-01-24,1
2024-01-25,1.502436372180,5.320000000000,SOFR,2024-01-25,1
2024-01-26,1.502658398888,5.320000000000,SOFR,2024-01-26,3
2024-01-29,1.503324577445,5.310000000000,SOFR,2024-01-29,1
2024-01-30,1.503546317820,5.310000000000,SOFR,2024-01-30,1
2024-01-31,1.503768090902,5.320000000000,SOFR,2024-01-31,1
2024-02-01,1.503990314409,5.320000000000,SOFR,2024-02-01,1
2024-02-02,1.504212570755,5.320000000000,SOFR,2024-02-02,3
2024-02-05,1.504879438328,5.310000000000,SOFR,2024-02-05,1
2024-02-06,1.505101408046,5.310000000000,SOFR,2024-02-06,1
2024-02-07,1.505323410503,5.310000000000,SOFR,2024-02-07,1
2024-02-08,1.505545445706,5.310000000000,SOFR,2024-02-08,1
2024-02-09,1.505767513660,5.310000000000,SOFR,2024-02-09,3
2024-02-12,1.506433815784,5.310000000000,SOFR,2024-02-12,1
2024-02-13,1.506656014772,5.310000000000,SOFR,2024-02-13,1
2024-02-14,1.506878246534,5.300000000000,SOFR,2024-02-14,1
2024-02-15,1.507100092498,5.310000000000,SOFR,2024-02-15,1
2024-02-16,1.507322389762,5.300000000000,SOFR,2024-02-16,4
2024-02-20,1.508210035169,5.300000000000,SOFR,2024-02-20,1
2024-02-21,1.508432077202,5.300000000000,SOFR,2024-02-21,1
2024-02-22,1.508654151925,5.300000000000,SOFR,2024-02-22,1
2024-02-23,1.508876259342,5.310000000000,SOFR,2024-02-23,3
2024-02-26,1.509543937086,5.310000000000,SOFR,2024-02-26,1
2024-02-27,1.509766594817,5.310000000000,SOFR,2024-02-27,1
2024-02-28,1.509989285390,5.310000000000,SOFR,2024-02-28,1
2024-02-29,1.510212008809,5.320000000000,SOFR,2024-02-29,1
2024-03-01,1.510435184584,5.310000000000,SOFR,2024-03-01,3
2024-03-04,1.511103552153,5.310000000000,SOFR,2024-03-04,1
2024-03-05,1.511326439927,5.310000000000,SOFR,2024-03-05,1
2024-03-06,1.511549360577,5.310000000000,SOFR,2024-03-06,1
2024-03-07,1.511772314108,5.310000000000,SOFR,2024-03-07,1
2024-03-08,1.511995300524,5.310000000000,SOFR,2024-03-08,3
2024-03-11,1.512664358445,5.310000000000,SOFR,2024-03-11,1
2024-03-12,1.512887476438,5.310000000000,SOFR,2024-03-12,1
2024-03-13,1.513110627340,5.310000000000,SOFR,2024-03-13,1
2024-03-14,1.513333811158,5.310000000000,SOFR,2024-03-14,1
2024-03-15,1.513557027895,5.310000000000,SOFR,2024-03-15,3
2024-03-18,1.514226776880,5.310000000000,SOFR,2024-03-18,1
2024-03-19,1.514450125329,5.310000000000,SOFR,2024-03-19,1
2024-03-20,1.514673506723,5.310000000000,SOFR,2024-03-20,1
2024-03-21,1.514896921065,5.310000000000,SOFR,2024-03-21,1
2024-03-22,1.515120368361,5.310000000000,SOFR,2024-03-22,3
2024-03-25,1.515790809124,5.310000000000,SOFR,2024-03-25,1
2024-03-26,1.516014388268,5.320000000000,SOFR,2024-03-26,1
2024-03-27,1.516238421506,5.330000000000,SOFR,2024-03-27,1
2024-03-28,1.516462909028,5.340000000000,SOFR,2024-03-28,4
2024-04-01,1.517362677020,5.350000000000,SOFR,2024-04-01,1
2024-04-02,1.517588173974,5.340000000000,SOFR,2024-04-02,1
2024-04-03,1.517813282886,5.320000000000,SOFR,2024-04-03,1
2024-04-04,1.518037581960,5.320000000000,SOFR,2024-04-04,1
2024-04-05,1.518261914181,5.320000000000,SOFR,2024-04-05,3
2024-04-08,1.518935010296,5.310000000000,SOFR,2024-04-08,1
2024-04-09,1.519159053210,5.310000000000,SOFR,2024-04-09,1
2024-04-10,1.519383129170,5.310000000000,SOFR,2024-04-10,1
2024-04-11,1.519607238182,5.310000000000,SOFR,2024-04-11,1
2024-04-12,1.519831380249,5.310000000000,SOFR,2024-04-12,3
2024-04-15,1.520503905635,5.320000000000,SOFR,2024-04-15,1
2024-04-16,1.520728602323,5.310000000000,SOFR,2024-04-16,1
2024-04-17,1.520952909792,5.310000000000,SOFR,2024-04-17,1
2024-04-18,1.521177250346,5.300000000000,SOFR,2024-04-18,1
2024-04-19,1.521401201442,5.310000000000,SOFR,2024-04-19,3
2024-04-22,1.522074421473,5.310000000000,SOFR,2024-04-22,1
2024-04-23,1.522298927450,5.310000000000,SOFR,2024-04-23,1
2024-04-24,1.522523466542,5.310000000000,SOFR,2024-04-24,1
2024-04-25,1.522748038754,5.310000000000,SOFR,2024-04-25,1
2024-04-26,1.522972644089,5.320000000000,SOFR,2024-04-26,3
2024-04-29,1.523647828628,5.320000000000,SOFR,2024-04-29,1
2024-04-30,1.523872989918,5.340000000000,SOFR,2024-04-30,1
2024-05-01,1.524099031079,5.320000000000,SOFR,2024-05-01,1
2024-05-02,1.524324259047,5.310000000000,SOFR,2024-05-02,1
2024-05-03,1.524549096875,5.310000000000,SOFR,2024-05-03,3
2024-05-06,1.525223709850,5.310000000000,SOFR,2024-05-06,1
2024-05-07,1.525448680347,5.310000000000,SOFR,2024-05-07,1
2024-05-08,1.525673684028,5.310000000000,SOFR,2024-05-08,1
2024-05-09,1.525898720896,5.310000000000,SOFR,2024-05-09,1
2024-05-10,1.526123790957,5.310000000000,SOFR,2024-05-10,3
2024-05-13,1.526799100735,5.310000000000,SOFR,2024-05-13,1
2024-05-14,1.527024303602,5.310000000000,SOFR,2024-05-14,1
2024-05-15,1.527249539687,5.310000000000,SOFR,2024-05-15,1
2024-05-16,1.527474808994,5.310000000000,SOFR,2024-05-16,1
2024-05-17,1.527700111528,5.310000000000,SOFR,2024-05-17,3
2024-05-20,1.528376118828,5.310000000000,SOFR,2024-05-20,1
2024-05-21,1.528601554305,5.310000000000,SOFR,2024-05-21,1
2024-05-22,1.528827023035,5.310000000000,SOFR,2024-05-22,1
2024-05-23,1.529052525020,5.310000000000,SOFR,2024-05-23,1
2024-05-24,1.529278060268,5.320000000000,SOFR,2024-05-24,4
2024-05-28,1.530182033521,5.320000000000,SOFR,2024-05-28,1
2024-05-29,1.530408160422,5.330000000000,SOFR,2024-05-29,1
2024-05-30,1.530634745852,5.330000000000,SOFR,2024-05-30,1
2024-05-31,1.530861364830,5.340000000000,SOFR,2024-05-31,3
2024-06-03,1.531542598137,5.350000000000,SOFR,2024-06-03,1
2024-06-04,1.531770202384,5.330000000000,SOFR,2024-06-04,1
2024-06-05,1.531996989473,5.330000000000,SOFR,2024-06-05,1
2024-06-06,1.532223810138,5.330000000000,SOFR,2024-06-06,1
2024-06-07,1.532450664386,5.330000000000,SOFR,2024-06-07,3
2024-06-10,1.533131327889,5.320000000000,SOFR,2024-06-10,1
2024-06-11,1.533357890630,5.320000000000,SOFR,2024-06-11,1
2024-06-12,1.533584486851,5.310000000000,SOFR,2024-06-12,1
2024-06-13,1.533810690563,5.310000000000,SOFR,2024-06-13,1
2024-06-14,1.534036927640,5.310000000000,SOFR,2024-06-14,3
2024-06-17,1.534715738980,5.330000000000,SOFR,2024-06-17,1
2024-06-18,1.534942962172,5.330000000000,SOFR,2024-06-18,2
2024-06-20,1.535397475838,5.320000000000,SOFR,2024-06-20,1
2024-06-21,1.535624373465,5.310000000000,SOFR,2024-06-21,3
2024-06-24,1.536303887250,5.310000000000,SOFR,2024-06-24,1
2024-06-25,1.536530492073,5.330000000000,SOFR,2024-06-25,1
2024-06-26,1.536757983949,5.340000000000,SOFR,2024-06-26,1
2024-06-27,1.536985936383,5.340000000000,SOFR,2024-06-27,1
2024-06-28,1.537213922631,5.330000000000,SOFR,2024-06-28,3
2024-07-01,1.537896701815,5.400000000000,SOFR,2024-07-01,1
2024-07-02,1.538127386320,5.350000000000,SOFR,2024-07-02,1
2024-07-03,1.538355969140,5.330000000000,SOFR,2024-07-03,2
2024-07-05,1.538811493435,5.320000000000,SOFR,2024-07-05,3
2024-07-08,1.539493699864,5.320000000000,SOFR,2024-07-08,1
2024-07-09,1.539721202822,5.340000000000,SOFR,2024-07-09,1
2024-07-10,1.539949594800,5.340000000000,SOFR,2024-07-10,1
2024-07-11,1.540178020657,5.340000000000,SOFR,2024-07-11,1
2024-07-12,1.540406480396,5.340000000000,SOFR,2024-07-12,3
2024-07-15,1.541091961280,5.340000000000,SOFR,2024-07-15,1
2024-07-16,1.541320556588,5.350000000000,SOFR,2024-07-16,1
2024-07-17,1.541549613948,5.350000000000,SOFR,2024-07-17,1
2024-07-18,1.541778705349,5.340000000000,SOFR,2024-07-18,1
2024-07-19,1.542007402524,5.340000000000,SOFR,2024-07-19,3
2024-07-22,1.542693595818,5.330000000000,SOFR,2024-07-22,1
2024-07-23,1.542922000175,5.340000000000,SOFR,2024-07-23,1
2024-07-24,1.543150866939,5.340000000000,SOFR,2024-07-24,1
2024-07-25,1.543379767651,5.350000000000,SOFR,2024-07-25,1
2024-07-26,1.543609131033,5.350000000000,SOFR,2024-07-26,3
2024-07-29,1.544297323437,5.330000000000,SOFR,2024-07-29,1
2024-07-30,1.544525965235,5.330000000000,SOFR,2024-07-30,1
2024-07-31,1.544754640885,5.380000000000,SOFR,2024-07-31,1
2024-08-01,1.544985495884,5.350000000000,SOFR,2024-08-01,1
2024-08-02,1.545215097895,5.350000000000,SOFR,2024-08-02,3
2024-08-05,1.545904006293,5.320000000000,SOFR,2024-08-05,1
2024-08-06,1.546132456552,5.330000000000,SOFR,2024-08-06,1
2024-08-07,1.546361370052,5.330000000000,SOFR,2024-08-07,1
2024-08-08,1.546590317443,5.340000000000,SOFR,2024-08-08,1
2024-08-09,1.546819728341,5.340000000000,SOFR,2024-08-09,3
2024-08-12,1.547508063120,5.340000000000,SOFR,2024-08-12,1
2024-08-13,1.547737610149,5.340000000000,SOFR,2024-08-13,1
2024-08-14,1.547967191228,5.330000000000,SOFR,2024-08-14,1
2024-08-15,1.548196376370,5.350000000000,SOFR,2024-08-15,1
2024-08-16,1.548426455554,5.320000000000,SOFR,2024-08-16,3
2024-08-19,1.549112924616,5.320000000000,SOFR,2024-08-19,1
2024-08-20,1.549341849082,5.320000000000,SOFR,2024-08-20,1
2024-08-21,1.549570807377,5.310000000000,SOFR,2024-08-21,1
2024-08-22,1.549799369071,5.310000000000,SOFR,2024-08-22,1
2024-08-23,1.550027964478,5.330000000000,SOFR,2024-08-23,3
2024-08-26,1.550716435232,5.340000000000,SOFR,2024-08-26,1
2024-08-27,1.550946458170,5.350000000000,SOFR,2024-08-27,1
2024-08-28,1.551176946047,5.350000000000,SOFR,2024-08-28,1
2024-08-29,1.551407468176,5.330000000000,SOFR,2024-08-29,1
2024-08-30,1.551637162671,5.320000000000,SOFR,2024-08-30,4
2024-09-03,1.552554352638,5.340000000000,SOFR,2024-09-03,1
2024-09-04,1.552784648200,5.350000000000,SOFR,2024-09-04,1
2024-09-05,1.553015409252,5.350000000000,SOFR,2024-09-05,1
2024-09-06,1.553246204598,5.340000000000,SOFR,2024-09-06,3
2024-09-09,1.553937399159,5.340000000000,SOFR,2024-09-09,1
2024-09-10,1.554167899873,5.330000000000,SOFR,2024-09-10,1
2024-09-11,1.554398003065,5.320000000000,SOFR,2024-09-11,1
2024-09-12,1.554627708547,5.330000000000,SOFR,2024-09-12,1
2024-09-13,1.554857879816,5.330000000000,SOFR,2024-09-13,3
2024-09-16,1.555548495858,5.380000000000,SOFR,2024-09-16,1
2024-09-17,1.555780963939,5.380000000000,SOFR,2024-09-17,1
2024-09-18,1.556013466761,5.330000000000,SOFR,2024-09-18,1
2024-09-19,1.556243843199,4.820000000000,SOFR,2024-09-19,1
2024-09-20,1.556452206958,4.830000000000,SOFR,2024-09-20,3
2024-09-23,1.557078678971,4.830000000000,SOFR,2024-09-23,1
2024-09-24,1.557287587027,4.840000000000,SOFR,2024-09-24,1
2024-09-25,1.557496955692,4.840000000000,SOFR,2024-09-25,1
2024-09-26,1.557706352505,4.830000000000,SOFR,2024-09-26,1
2024-09-27,1.557915344774,4.840000000000,SOFR,2024-09-27,3
2024-09-30,1.558543703963,4.960000000000,SOFR,2024-09-30,1
2024-10-01,1.558758436651,5.050000000000,SOFR,2024-10-01,1
2024-10-02,1.558977095820,4.920000000000,SOFR,2024-10-02,1
2024-10-03,1.559190156024,4.850000000000,SOFR,2024-10-03,1
2024-10-04,1.559400213586,4.830000000000,SOFR,2024-10-04,3
2024-10-07,1.560027872172,4.830000000000,SOFR,2024-10-07,1
2024-10-08,1.560237175912,4.840000000000,SOFR,2024-10-08,1
2024-10-09,1.560446941132,4.830000000000,SOFR,2024-10-09,1
2024-10-10,1.560656301097,4.820000000000,SOFR,2024-10-10,1
2024-10-11,1.560865255635,4.810000000000,SOFR,2024-10-11,4
2024-10-15,1.561699451399,4.860000000000,SOFR,2024-10-15,1
2024-10-16,1.561910280825,4.860000000000,SOFR,2024-10-16,1
2024-10-17,1.562121138713,4.850000000000,SOFR,2024-10-17,1
2024-10-18,1.562331591144,4.840000000000,SOFR,2024-10-18,3
2024-10-21,1.562961731553,4.820000000000,SOFR,2024-10-21,1
2024-10-22,1.563170994762,4.830000000000,SOFR,2024-10-22,1
2024-10-23,1.563380720204,4.830000000000,SOFR,2024-10-23,1
2024-10-24,1.563590473784,4.830000000000,SOFR,2024-10-24,1
2024-10-25,1.563800255506,4.830000000000,SOFR,2024-10-25,3
2024-10-28,1.564429685109,4.820000000000,SOFR,2024-10-28,1
2024-10-29,1.564639144861,4.820000000000,SOFR,2024-10-29,1
2024-10-30,1.564848632658,4.810000000000,SOFR,2024-10-30,1
2024-10-31,1.565057713822,4.900000000000,SOFR,2024-10-31,1
2024-11-01,1.565270735567,4.860000000000,SOFR,2024-11-01,3
2024-11-04,1.565904670214,4.820000000000,SOFR,2024-11-04,1
2024-11-05,1.566114327451,4.820000000000,SOFR,2024-11-05,1
2024-11-06,1.566324012758,4.810000000000,SOFR,2024-11-06,1
2024-11-07,1.566533291050,4.820000000000,SOFR,2024-11-07,1
2024-11-08,1.566743032451,4.600000000000,SOFR,2024-11-08,4
2024-11-12,1.567543812224,4.600000000000,SOFR,2024-11-12,1
2024-11-13,1.567744109489,4.590000000000,SOFR,2024-11-13,1
2024-11-14,1.567943996862,4.580000000000,SOFR,2024-11-14,1
2024-11-15,1.568143474182,4.570000000000,SOFR,2024-11-15,3
2024-11-18,1.568740675488,4.570000000000,SOFR,2024-11-18,1
2024-11-19,1.568939818402,4.570000000000,SOFR,2024-11-19,1
2024-11-20,1.569138986596,4.560000000000,SOFR,2024-11-20,1
2024-11-21,1.569337744201,4.570000000000,SOFR,2024-11-21,1
2024-11-22,1.569536962909,4.570000000000,SOFR,2024-11-22,3
2024-11-25,1.570134694902,4.580000000000,SOFR,2024-11-25,1
2024-11-26,1.570334450927,4.580000000000,SOFR,2024-11-26,1
2024-11-27,1.570534232366,4.570000000000,SOFR,2024-11-27,2
2024-11-29,1.570932973557,4.590000000000,SOFR,2024-11-29,3
2024-12-02,1.571533855419,4.640000000000,SOFR,2024-12-02,1
2024-12-03,1.571736408672,4.640000000000,SOFR,2024-12-03,1
2024-12-04,1.571938988031,4.590000000000,SOFR,2024-12-04,1
2024-12-05,1.572139410252,4.590000000000,SOFR,2024-12-05,1
2024-12-06,1.572339858027,4.600000000000,SOFR,2024-12-06,3
2024-12-09,1.572942588306,4.630000000000,SOFR,2024-12-09,1
2024-12-10,1.573144886200,4.640000000000,SOFR,2024-12-10,1
2024-12-11,1.573347647096,4.620000000000,SOFR,2024-12-11,1
2024-12-12,1.573549560044,4.620000000000,SOFR,2024-12-12,1
2024-12-13,1.573751498904,4.600000000000,SOFR,2024-12-13,3
2024-12-16,1.574354770312,4.650000000000,SOFR,2024-12-16,1
2024-12-17,1.574558124470,4.620000000000,SOFR,2024-12-17,1
2024-12-18,1.574760192763,4.570000000000,SOFR,2024-12-18,1
2024-12-19,1.574960099821,4.300000000000,SOFR,2024-12-19,1
2024-12-20,1.575148220055,4.300000000000,SOFR,2024-12-20,3
2024-12-23,1.575712648167,4.310000000000,SOFR,2024-12-23,1
2024-12-24,1.575901295987,4.400000000000,SOFR,2024-12-24,2
2024-12-26,1.576286516304,4.530000000000,SOFR,2024-12-26,1
2024-12-27,1.576484865690,4.460000000000,SOFR,2024-12-27,3
2024-12-30,1.577070792565,4.370000000000,SOFR,2024-12-30,1
2024-12-31,1.577262231436,4.490000000000,SOFR,2024-12-31,2
2025-01-02,1.577655670738,4.400000000000,SOFR,2025-01-02,1
2025-01-03,1.577848495320,4.310000000000,SOFR,2025-01-03,3
2025-01-06,1.578415205904,4.270000000000,SOFR,2025-01-06,1
2025-01-07,1.578602423485,4.270000000000,SOFR,2025-01-07,1
2025-01-08,1.578789663273,4.290000000000,SOFR,2025-01-08,1
2025-01-09,1.578977802374,4.300000000000,SOFR,2025-01-09,1
2025-01-10,1.579166402501,4.300000000000,SOFR,2025-01-10,3
2025-01-13,1.579732270462,4.290000000000,SOFR,2025-01-13,1
2025-01-14,1.579920521891,4.280000000000,SOFR,2025-01-14,1
2025-01-15,1.580108356886,4.280000000000,SOFR,2025-01-15,1
2025-01-16,1.580296214213,4.290000000000,SOFR,2025-01-16,1
2025-01-17,1.580484532845,4.290000000000,SOFR,2025-01-17,4
2025-01-21,1.581237897139,4.290000000000,SOFR,2025-01-21,1
2025-01-22,1.581426327988,4.300000000000,SOFR,2025-01-22,1
2025-01-23,1.581615220578,4.350000000000,SOFR,2025-01-23,1
2025-01-24,1.581806332417,4.340000000000,SOFR,2025-01-24,3
2025-01-27,1.582378419040,4.340000000000,SOFR,2025-01-27,1
2025-01-28,1.582569183550,4.350000000000,SOFR,2025-01-28,1
2025-01-29,1.582760410659,4.350000000000,SOFR,2025-01-29,1
2025-01-30,1.582951660876,4.360000000000,SOFR,2025-01-30,1
2025-01-31,1.583143373910,4.380000000000,SOFR,2025-01-31,3
2025-02-03,1.583721221242,4.350000000000,SOFR,2025-02-03,1
2025-02-04,1.583912587556,4.330000000000,SOFR,2025-02-04,1
2025-02-05,1.584103097042,4.330000000000,SOFR,2025-02-05,1
2025-02-06,1.584293629442,4.360000000000,SOFR,2025-02-06,1
2025-02-07,1.584485505004,4.350000000000,SOFR,2025-02-07,3
2025-02-10,1.585059881000,4.350000000000,SOFR,2025-02-10,1
2025-02-11,1.585251409069,4.340000000000,SOFR,2025-02-11,1
2025-02-12,1.585442519933,4.320000000000,SOFR,2025-02-12,1
2025-02-13,1.585632773035,4.330000000000,SOFR,2025-02-13,1
2025-02-14,1.585823489422,4.330000000000,SOFR,2025-02-14,4
2025-02-18,1.586586446723,4.370000000000,SOFR,2025-02-18,1
2025-02-19,1.586779040689,4.350000000000,SOFR,2025-02-19,1
2025-02-20,1.586970776489,4.330000000000,SOFR,2025-02-20,1
2025-02-21,1.587161653808,4.340000000000,SOFR,2025-02-21,3
2025-02-24,1.587735677273,4.340000000000,SOFR,2025-02-24,1
2025-02-25,1.587927087629,4.330000000000,SOFR,2025-02-25,1
2025-02-26,1.588118079971,4.330000000000,SOFR,2025-02-26,1
2025-02-27,1.588309095284,4.360000000000,SOFR,2025-02-27,1
2025-02-28,1.588501457163,4.390000000000,SOFR,2025-02-28,3
2025-03-03,1.589082583947,4.330000000000,SOFR,2025-03-03,1
2025-03-04,1.589273715268,4.330000000000,SOFR,2025-03-04,1
2025-03-05,1.589464869579,4.340000000000,SOFR,2025-03-05,1
2025-03-06,1.589656488400,4.350000000000,SOFR,2025-03-06,1
2025-03-07,1.589848571892,4.340000000000,SOFR,2025-03-07,3
2025-03-10,1.590423567125,4.330000000000,SOFR,2025-03-10,1
2025-03-11,1.590614859738,4.320000000000,SOFR,2025-03-11,1
2025-03-12,1.590805733521,4.310000000000,SOFR,2025-03-12,1
2025-03-13,1.590996188319,4.300000000000,SOFR,2025-03-13,1
2025-03-14,1.591186223974,4.300000000000,SOFR,2025-03-14,3
2025-03-17,1.591756399038,4.320000000000,SOFR,2025-03-17,1
2025-03-18,1.591947409806,4.310000000000,SOFR,2025-03-18,1
2025-03-19,1.592138001287,4.290000000000,SOFR,2025-03-19,1
2025-03-20,1.592327731066,4.290000000000,SOFR,2025-03-20,1
2025-03-21,1.592517483454,4.300000000000,SOFR,2025-03-21,3
2025-03-24,1.593088135552,4.310000000000,SOFR,2025-03-24,1
2025-03-25,1.593278863604,4.330000000000,SOFR,2025-03-25,1
2025-03-26,1.593470499645,4.350000000000,SOFR,2025-03-26,1
2025-03-27,1.593663043997,4.360000000000,SOFR,2025-03-27,1
2025-03-28,1.593856054299,4.340000000000,SOFR,2025-03-28,3
2025-03-31,1.594432498905,4.410000000000,SOFR,2025-03-31,1
2025-04-01,1.594627816886,4.390000000000,SOFR,2025-04-01,1
2025-04-02,1.594822272890,4.370000000000,SOFR,2025-04-02,1
2025-04-03,1.595015866593,4.390000000000,SOFR,2025-04-03,1
2025-04-04,1.595210369917,4.350000000000,SOFR,2025-04-04,3
2025-04-07,1.595788633676,4.330000000000,SOFR,2025-04-07,1
2025-04-08,1.595980571587,4.400000000000,SOFR,2025-04-08,1
2025-04-09,1.596175635879,4.420000000000,SOFR,2025-04-09,1
2025-04-10,1.596371610776,4.370000000000,SOFR,2025-04-10,1
2025-04-11,1.596565392552,4.330000000000,SOFR,2025-04-11,3
2025-04-14,1.597141486565,4.330000000000,SOFR,2025-04-14,1
2025-04-15,1.597333587194,4.360000000000,SOFR,2025-04-15,1
2025-04-16,1.597527042039,4.310000000000,SOFR,2025-04-16,1
2025-04-17,1.597718301527,4.320000000000,SOFR,2025-04-17,4
2025-04-21,1.598485206312,4.320000000000,SOFR,2025-04-21,1
2025-04-22,1.598677024536,4.300000000000,SOFR,2025-04-22,1
2025-04-23,1.598867977625,4.280000000000,SOFR,2025-04-23,1
2025-04-24,1.599058065263,4.290000000000,SOFR,2025-04-24,1
2025-04-25,1.599248619682,4.330000000000,SOFR,2025-04-25,3
2025-04-28,1.599825681892,4.360000000000,SOFR,2025-04-28,1
2025-04-29,1.600019438558,4.360000000000,SOFR,2025-04-29,1
2025-04-30,1.600213218690,4.410000000000,SOFR,2025-04-30,1
2025-05-01,1.600409244810,4.390000000000,SOFR,2025-05-01,1
2025-05-02,1.600604405826,4.360000000000,SOFR,2025-05-02,3
2025-05-05,1.601185958760,4.330000000000,SOFR,2025-05-05,1
2025-05-06,1.601378545849,4.320000000000,SOFR,2025-05-06,1
2025-05-07,1.601570711274,4.300000000000,SOFR,2025-05-07,1
2025-05-08,1.601762009998,4.290000000000,SOFR,2025-05-08,1
2025-05-09,1.601952886638,4.280000000000,SOFR,2025-05-09,3
2025-05-12,1.602524249834,4.280000000000,SOFR,2025-05-12,1
2025-05-13,1.602714772162,4.300000000000,SOFR,2025-05-13,1
2025-05-14,1.602906207537,4.290000000000,SOFR,2025-05-14,1
2025-05-15,1.603097220527,4.310000000000,SOFR,2025-05-15,1
2025-05-16,1.603289146889,4.300000000000,SOFR,2025-05-16,3
2025-05-19,1.603863658833,4.290000000000,SOFR,2025-05-19,1
2025-05-20,1.604054785919,4.270000000000,SOFR,2025-05-20,1
2025-05-21,1.604245044639,4.260000000000,SOFR,2025-05-21,1
2025-05-22,1.604434880303,4.260000000000,SOFR,2025-05-22,1
2025-05-23,1.604624738430,4.260000000000,SOFR,2025-05-23,4
2025-05-27,1.605384260807,4.310000000000,SOFR,2025-05-27,1
2025-05-28,1.605576460978,4.330000000000,SOFR,2025-05-28,1
2025-05-29,1.605769576147,4.330000000000,SOFR,2025-05-29,1
2025-05-30,1.605962714543,4.350000000000,SOFR,2025-05-30,3
2025-06-02,1.606544876027,4.350000000000,SOFR,2025-06-02,1
2025-06-03,1.606739000199,4.320000000000,SOFR,2025-06-03,1
2025-06-04,1.606931808879,4.280000000000,SOFR,2025-06-04,1
2025-06-05,1.607122855217,4.290000000000,SOFR,2025-06-05,1
2025-06-06,1.607314370690,4.290000000000,SOFR,2025-06-06,3
2025-06-09,1.607888985578,4.290000000000,SOFR,2025-06-09,1
2025-06-10,1.608080592349,4.280000000000,SOFR,2025-06-10,1
2025-06-11,1.608271775263,4.280000000000,SOFR,2025-06-11,1
2025-06-12,1.608462980908,4.280000000000,SOFR,2025-06-12,1
2025-06-13,1.608654209284,4.280000000000,SOFR,2025-06-13,3
2025-06-16,1.609227962619,4.320000000000,SOFR,2025-06-16,1
2025-06-17,1.609421069975,4.310000000000,SOFR,2025-06-17,1
2025-06-18,1.609613753442,4.280000000000,SOFR,2025-06-18,2
2025-06-20,1.609996483823,4.290000000000,SOFR,2025-06-20,3
2025-06-23,1.610572057566,4.290000000000,SOFR,2025-06-23,1
2025-06-24,1.610763984069,4.300000000000,SOFR,2025-06-24,1
2025-06-25,1.610956380879,4.360000000000,SOFR,2025-06-25,1
2025-06-26,1.611151485596,4.400000000000,SOFR,2025-06-26,1
2025-06-27,1.611348404111,4.390000000000,SOFR,2025-06-27,3
2025-06-30,1.611937889069,4.450000000000,SOFR,2025-06-30,1
2025-07-01,1.612137142502,4.440000000000,SOFR,2025-07-01,1
2025-07-02,1.612335972750,4.400000000000,SOFR,2025-07-02,1
2025-07-03,1.612533036035,4.350000000000,SOFR,2025-07-03,4
2025-07-07,1.613312427003,4.330000000000,SOFR,2025-07-07,1
2025-07-08,1.613506472636,4.340000000000,SOFR,2025-07-08,1
2025-07-09,1.613700989805,4.320000000000,SOFR,2025-07-09,1
2025-07-10,1.613894633924,4.310000000000,SOFR,2025-07-10,1
2025-07-11,1.614087852976,4.310000000000,SOFR,2025-07-11,3
2025-07-14,1.614667579530,4.330000000000,SOFR,2025-07-14,1
2025-07-15,1.614861788158,4.370000000000,SOFR,2025-07-15,1
2025-07-16,1.615057814437,4.340000000000,SOFR,2025-07-16,1
2025-07-17,1.615252518629,4.340000000000,SOFR,2025-07-17,1
2025-07-18,1.615447246293,4.300000000000,SOFR,2025-07-18,3
2025-07-21,1.616026114890,4.280000000000,SOFR,2025-07-21,1
2025-07-22,1.616218242439,4.280000000000,SOFR,2025-07-22,1
2025-07-23,1.616410392830,4.280000000000,SOFR,2025-07-23,1
2025-07-24,1.616602566066,4.300000000000,SOFR,2025-07-24,1
2025-07-25,1.616795660261,4.360000000000,SOFR,2025-07-25,3
2025-07-28,1.617383096018,4.360000000000,SOFR,2025-07-28,1
2025-07-29,1.617578979082,4.360000000000,SOFR,2025-07-29,1
2025-07-30,1.617774885869,4.320000000000,SOFR,2025-07-30,1
2025-07-31,1.617969018855,4.390000000000,SOFR,2025-07-31,1
2025-08-01,1.618166321189,4.340000000000,SOFR,2025-08-01,3
2025-08-04,1.618751558008,4.330000000000,SOFR,2025-08-04,1
2025-08-05,1.618946257848,4.340000000000,SOFR,2025-08-05,1
2025-08-06,1.619141430814,4.340000000000,SOFR,2025-08-06,1
2025-08-07,1.619336627308,4.350000000000,SOFR,2025-08-07,1
2025-08-08,1.619532297151,4.350000000000,SOFR,2025-08-08,3
2025-08-11,1.620119377609,4.340000000000,SOFR,2025-08-11,1
2025-08-12,1.620314692000,4.360000000000,SOFR,2025-08-12,1
2025-08-13,1.620510930113,4.330000000000,SOFR,2025-08-13,1
2025-08-14,1.620705841567,4.340000000000,SOFR,2025-08-14,1
2025-08-15,1.620901226660,4.360000000000,SOFR,2025-08-15,3
2025-08-18,1.621490154105,4.340000000000,SOFR,2025-08-18,1
2025-08-19,1.621685633752,4.330000000000,SOFR,2025-08-19,1
2025-08-20,1.621880686496,4.310000000000,SOFR,2025-08-20,1
2025-08-21,1.622074861656,4.320000000000,SOFR,2025-08-21,1
2025-08-22,1.622269510639,4.360000000000,SOFR,2025-08-22,3
2025-08-25,1.622858935228,4.370000000000,SOFR,2025-08-25,1
2025-08-26,1.623055932271,4.380000000000,SOFR,2025-08-26,1
2025-08-27,1.623253404076,4.360000000000,SOFR,2025-08-27,1
2025-08-28,1.623449998100,4.340000000000,SOFR,2025-08-28,1
2025-08-29,1.623645714016,4.340000000000,SOFR,2025-08-29,4
2025-09-02,1.624428672060,4.390000000000,SOFR,2025-09-02,1
2025-09-03,1.624626762112,4.390000000000,SOFR,2025-09-03,1
2025-09-04,1.624824876320,4.410000000000,SOFR,2025-09-04,1
2025-09-05,1.625023917368,4.420000000000,SOFR,2025-09-05,3
2025-09-08,1.625622467844,4.400000000000,SOFR,2025-09-08,1
2025-09-09,1.625821155034,4.400000000000,SOFR,2025-09-09,1
2025-09-10,1.626019866509,4.390000000000,SOFR,2025-09-10,1
2025-09-11,1.626218150598,4.410000000000,SOFR,2025-09-11,1
2025-09-12,1.626417362322,4.420000000000,SOFR,2025-09-12,3
2025-09-15,1.627016426050,4.510000000000,SOFR,2025-09-15,1
2025-09-16,1.627220255052,4.390000000000,SOFR,2025-09-16,1
2025-09-17,1.627418685522,4.380000000000,SOFR,2025-09-17,1
2025-09-18,1.627616688129,4.140000000000,SOFR,2025-09-18,1
2025-09-19,1.627803864048,4.140000000000,SOFR,2025-09-19,3
2025-09-22,1.628365456381,4.140000000000,SOFR,2025-09-22,1
2025-09-23,1.628552718409,4.120000000000,SOFR,2025-09-23,1
2025-09-24,1.628739097220,4.130000000000,SOFR,2025-09-24,1
2025-09-25,1.628925949789,4.180000000000,SOFR,2025-09-25,1
2025-09-26,1.629115086190,4.160000000000,SOFR,2025-09-26,3
2025-09-29,1.629679846087,4.130000000000,SOFR,2025-09-29,1
2025-09-30,1.629866806580,4.240000000000,SOFR,2025-09-30,1
2025-10-01,1.630058768671,4.200000000000,SOFR,2025-10-01,1
2025-10-02,1.630248942194,4.200000000000,SOFR,2025-10-02,1
2025-10-03,1.630439137904,4.180000000000,SOFR,2025-10-03,3
2025-10-06,1.631007074204,4.150000000000,SOFR,2025-10-06,1
2025-10-07,1.631195093075,4.140000000000,SOFR,2025-10-07,1
2025-10-08,1.631382680510,4.120000000000,SOFR,2025-10-08,1
2025-10-09,1.631569383195,4.130000000000,SOFR,2025-10-09,1
2025-10-10,1.631756560460,4.150000000000,SOFR,2025-10-10,4
2025-10-14,1.632508981541,4.190000000000,SOFR,2025-10-14,1
2025-10-15,1.632698987447,4.290000000000,SOFR,2025-10-15,1
2025-10-16,1.632893550743,4.300000000000,SOFR,2025-10-16,1
2025-10-17,1.633088590806,4.180000000000,SOFR,2025-10-17,3
2025-10-20,1.633657449999,4.160000000000,SOFR,2025-10-20,1
2025-10-21,1.633846228193,4.230000000000,SOFR,2025-10-21,1
2025-10-22,1.634038205125,4.210000000000,SOFR,2025-10-22,1
2025-10-23,1.634229296815,4.240000000000,SOFR,2025-10-23,1
2025-10-24,1.634421772710,4.240000000000,SOFR,2025-10-24,3
2025-10-27,1.634999268403,4.270000000000,SOFR,2025-10-27,1
2025-10-28,1.635193197483,4.310000000000,SOFR,2025-10-28,1
2025-10-29,1.635388966446,4.270000000000,SOFR,2025-10-29,1
2025-10-30,1.635582941749,4.040000000000,SOFR,2025-10-30,1
2025-10-31,1.635766490501,4.220000000000,SOFR,2025-10-31,3
2025-11-03,1.636341735050,4.130000000000,SOFR,2025-11-03,1
2025-11-04,1.636529459810,4.000000000000,SOFR,2025-11-04,1
2025-11-05,1.636711296417,3.910000000000,SOFR,2025-11-05,1
2025-11-06,1.636889061450,3.920000000000,SOFR,2025-11-06,1
2025-11-07,1.637067300481,3.930000000000,SOFR,2025-11-07,3
2025-11-10,1.637603440022,3.950000000000,SOFR,2025-11-10,2
2025-11-12,1.637962802999,3.980000000000,SOFR,2025-11-12,1
2025-11-13,1.638143888886,4.000000000000,SOFR,2025-11-13,1
2025-11-14,1.638325904874,3.950000000000,SOFR,2025-11-14,3
2025-11-17,1.638865187151,4.000000000000,SOFR,2025-11-17,1
2025-11-18,1.639047283283,3.940000000000,SOFR,2025-11-18,1
2025-11-19,1.639226667902,3.910000000000,SOFR,2025-11-19,1
2025-11-20,1.639404706132,3.910000000000,SOFR,2025-11-20,1
2025-11-21,1.639582763699,3.930000000000,SOFR,2025-11-21,3
2025-11-24,1.640119727054,3.960000000000,SOFR,2025-11-24,1
2025-11-25,1.640300140224,4.010000000000,SOFR,2025-11-25,1
2025-11-26,1.640482851434,4.050000000000,SOFR,2025-11-26,2
2025-11-28,1.640851960075,4.120000000000,SOFR,2025-11-28,3
2025-12-01,1.641415319248,4.120000000000,SOFR,2025-12-01,1
2025-12-02,1.641603170113,4.010000000000,SOFR,2025-12-02,1
2025-12-03,1.641786026466,3.950000000000,SOFR,2025-12-03,1
2025-12-04,1.641966166877,3.920000000000,SOFR,2025-12-04,1
2025-12-05,1.642144958749,3.930000000000,SOFR,2025-12-05,3
2025-12-08,1.642682761223,3.950000000000,SOFR,2025-12-08,1
2025-12-09,1.642863000026,3.930000000000,SOFR,2025-12-09,1
2025-12-10,1.643042345903,3.900000000000,SOFR,2025-12-10,1
2025-12-11,1.643220342157,3.660000000000,SOFR,2025-12-11,1
2025-12-12,1.643387402892,3.670000000000,SOFR,2025-12-12,3
2025-12-15,1.643890005539,3.750000000000,SOFR,2025-12-15,1
2025-12-16,1.644061244082,3.690000000000,SOFR,2025-12-16,1
2025-12-17,1.644229760359,3.690000000000,SOFR,2025-12-17,1
2025-12-18,1.644398293910,3.660000000000,SOFR,2025-12-18,1
2025-12-19,1.644565474403,3.660000000000,SOFR,2025-12-19,3
2025-12-22,1.645067066872,3.680000000000,SOFR,2025-12-22,1
2025-12-23,1.645235229284,3.660000000000,SOFR,2025-12-23,1
2025-12-24,1.645402494865,3.660000000000,SOFR,2025-12-24,2
2025-12-26,1.645737060039,3.760000000000,SOFR,2025-12-26,3
2025-12-29,1.646252724318,3.770000000000,SOFR,2025-12-29,1
2025-12-30,1.646425123562,3.710000000000,SOFR,2025-12-30,1
2025-12-31,1.646594796818,3.870000000000,SOFR,2025-12-31,2
2026-01-02,1.646948814699,3.750000000000,SOFR,2026-01-02,3
2026-01-05,1.647463486203,3.700000000000,SOFR,2026-01-05,1
2026-01-06,1.647632808840,3.660000000000,SOFR,2026-01-06,1
2026-01-07,1.647800318175,3.650000000000,SOFR,2026-01-07,1
2026-01-08,1.647967386818,3.640000000000,SOFR,2026-01-08,1
2026-01-09,1.648134014632,3.640000000000,SOFR,2026-01-09,3
2026-01-12,1.648633948616,3.640000000000,SOFR,2026-01-12,1
2026-01-13,1.648800643827,3.650000000000,SOFR,2026-01-13,1
2026-01-14,1.648967813892,3.640000000000,SOFR,2026-01-14,1
2026-01-15,1.649134542860,3.660000000000,SOFR,2026-01-15,1
2026-01-16,1.649302204872,3.650000000000,SOFR,2026-01-16,4
2026-01-20,1.649971088544,3.640000000000,SOFR,2026-01-20,1
2026-01-21,1.650137918954,3.630000000000,SOFR,2026-01-21,1
2026-01-22,1.650304307861,3.640000000000,SOFR,2026-01-22,1
2026-01-23,1.650471171963,3.650000000000,SOFR,2026-01-23,3
2026-01-26,1.650973190278,3.660000000000,SOFR,2026-01-26,1
2026-01-27,1.651141039219,3.660000000000,SOFR,2026-01-27,1
2026-01-28,1.651308905224,3.640000000000,SOFR,2026-01-28,1
2026-01-29,1.651475870903,3.650000000000,SOFR,2026-01-29,1
2026-01-30,1.651643312206,3.680000000000,SOFR,2026-01-30,3
2026-02-02,1.652149816155,3.690000000000,SOFR,2026-02-02,1
2026-02-03,1.652319161511,3.690000000000,SOFR,2026-02-03,1
2026-02-04,1.652488524225,3.650000000000,SOFR,2026-02-04,1
2026-02-05,1.652656068201,3.650000000000,SOFR,2026-02-05,1
2026-02-06,1.652823629163,3.640000000000,SOFR,2026-02-06,3
2026-02-09,1.653324985664,3.630000000000,SOFR,2026-02-09,1
2026-02-10,1.653491695934,3.650000000000,SOFR,2026-02-10,1
2026-02-11,1.653659341619,3.650000000000,SOFR,2026-02-11,1
2026-02-12,1.653827004303,3.650000000000,SOFR,2026-02-12,1
2026-02-13,1.653994683985,3.660000000000,SOFR,2026-02-13,4
2026-02-17,1.654667308490,3.710000000000,SOFR,2026-02-17,1
2026-02-18,1.654837831149,3.730000000000,SOFR,2026-02-18,1
2026-02-19,1.655009290735,3.670000000000,SOFR,2026-02-19,1
2026-02-20,1.655178009738,3.660000000000,SOFR,2026-02-20,3
2026-02-23,1.655682839031,3.660000000000,SOFR,2026-02-23,1
2026-02-24,1.655851166786,3.670000000000,SOFR,2026-02-24,1
2026-02-25,1.656019971613,3.670000000000,SOFR,2026-02-25,1
2026-02-26,1.656188793649,3.670000000000,SOFR,2026-02-26,1
2026-02-27,1.656357632896,3.680000000000,SOFR,2026-02-27,3
2026-03-02,1.656865582570,3.710000000000,SOFR,2026-03-02,1
2026-03-03,1.657036331773,3.700000000000,SOFR,2026-03-03,1
2026-03-04,1.657206638285,3.670000000000,SOFR,2026-03-04,1
2026-03-05,1.657375581295,3.660000000000,SOFR,2026-03-05,1
2026-03-06,1.657544081146,3.650000000000,SOFR,2026-03-06,3
2026-03-09,1.658048250804,3.650000000000,SOFR,2026-03-09,1
2026-03-10,1.658216358473,3.640000000000,SOFR,2026-03-10,1
2026-03-11,1.658384022572,3.640000000000,SOFR,2026-03-11,1
2026-03-12,1.658551703623,3.650000000000,SOFR,2026-03-12,1
2026-03-13,1.658719862337,3.650000000000,SOFR,2026-03-13,3
2026-03-16,1.659224389629,3.700000000000,SOFR,2026-03-16,1
2026-03-17,1.659394921025,3.650000000000,SOFR,2026-03-17,1
2026-03-18,1.659563165232,3.620000000000,SOFR,2026-03-18,1
2026-03-19,1.659730043528,3.620000000000,SOFR,2026-03-19,1
2026-03-20,1.659896938604,3.620000000000,SOFR,2026-03-20,3
2026-03-23,1.660397674181,3.620000000000,SOFR,2026-03-23,1
2026-03-24,1.660564636392,3.630000000000,SOFR,2026-03-24,1
2026-03-25,1.660732076659,3.640000000000,SOFR,2026-03-25,1
2026-03-26,1.660899995125,3.650000000000,SOFR,2026-03-26,1
2026-03-27,1.661068391930,3.630000000000,SOFR,2026-03-27,3
2026-03-30,1.661570865118,3.630000000000,SOFR,2026-03-30,1
2026-03-31,1.661738406847,3.680000000000,SOFR,2026-03-31,1
2026-04-01,1.661908273440,3.650000000000,SOFR,2026-04-01,1
2026-04-02,1.662076772473,3.660000000000,SOFR,2026-04-02,4
2026-04-06,1.662752683694,3.650000000000,SOFR,2026-04-06,1
2026-04-07,1.662921268341,3.620000000000,SOFR,2026-04-07,1
2026-04-08,1.663088484313,3.590000000000,SOFR,2026-04-08,1
2026-04-09,1.663254331192,3.570000000000,SOFR,2026-04-09,1
2026-04-10,1.663419270580,3.610000000000,SOFR,2026-04-10,3
2026-04-13,1.663919682544,3.630000000000,SOFR,2026-04-13,1
2026-04-14,1.664087461112,3.660000000000,SOFR,2026-04-14,1
2026-04-15,1.664256643337,3.720000000000,SOFR,2026-04-15,1
2026-04-16,1.664428616524,3.670000000000,SOFR,2026-04-16,1
2026-04-17,1.664598295774,3.650000000000,SOFR,2026-04-17,3
2026-04-20,1.665104611089,3.630000000000,SOFR,2026-04-20,1
2026-04-21,1.665272509138,3.630000000000,SOFR,2026-04-21,1
2026-04-22,1.665440424116,3.640000000000,SOFR,2026-04-22,1
2026-04-23,1.665608818647,3.650000000000,SOFR,2026-04-23,1
2026-04-24,1.665777692875,3.660000000000,SOFR,2026-04-24,3
2026-04-27,1.666285755071,3.660000000000,SOFR,2026-04-27,1
2026-04-28,1.666455160790,3.640000000000,SOFR,2026-04-28,1
2026-04-29,1.666623657923,3.630000000000,SOFR,2026-04-29,1
2026-04-30,1.666791709141,3.660000000000,SOFR,2026-04-30,1
2026-05-01,1.666961166298,3.640000000000,SOFR,2026-05-01,3
2026-05-04,1.667466811186,3.630000000000,SOFR,2026-05-04,1
2026-05-05,1.667634947422,3.620000000000,SOFR,2026-05-05,1
2026-05-06,1.667802637381,3.610000000000,SOFR,2026-05-06,1
2026-05-07,1.667969880923,3.600000000000,SOFR,2026-05-07,1
2026-05-08,1.668136677911,3.600000000000,SOFR,2026-05-08,3
2026-05-11,1.668637118915,3.600000000000,SOFR,2026-05-11,1
2026-05-12,1.668803982627,3.600000000000,SOFR,2026-05-12,1
2026-05-13,1.668970863025,3.590000000000,SOFR,2026-05-13,1
2026-05-14,1.669137296508,3.560000000000,SOFR,2026-05-14,1
2026-05-15,1.669302355641,3.550000000000,SOFR,2026-05-15,3
2026-05-18,1.669796190921,3.530000000000,SOFR,2026-05-18,1
2026-05-19,1.669959923714,3.510000000000,SOFR,2026-05-19,1
2026-05-20,1.670122744807,3.500000000000,SOFR,2026-05-20,1
2026-05-21,1.670285117851,3.510000000000,SOFR,2026-05-21,1
2026-05-22,1.670447970650,3.550000000000,SOFR,2026-05-22,4
2026-05-26,1.671106869572,3.630000000000,SOFR,2026-05-26,1
2026-05-27,1.671275372848,3.630000000000,SOFR,2026-05-27,1
2026-05-28,1.671443893115,3.620000000000,SOFR,2026-05-28,1
2026-05-29,1.671611966084,3.630000000000,SOFR,2026-05-29,3
2026-06-01,1.672117628704,3.650000000000,SOFR,2026-06-01,1
2026-06-02,1.672287162852,3.630000000000,SOFR,2026-06-02,1
2026-06-03,1.672455785141,3.610000000000,SOFR,2026-06-03,1
2026-06-04,1.672623495291,3.620000000000,SOFR,2026-06-04,1
2026-06-05,1.672791686876,3.630000000000,SOFR,2026-06-05,3
2026-06-08,1.673297706361,3.630000000000,SOFR,2026-06-08,1
2026-06-09,1.673466430546,3.600000000000,SOFR,2026-06-09,1
2026-06-10,1.673633777189,3.590000000000,SOFR,2026-06-10,1
2026-06-11,1.673800675669,3.600000000000,SOFR,2026-06-11,1
2026-06-12,1.673968055736,3.650000000000,SOFR,2026-06-12,3
2026-06-15,1.674477221020,3.690000000000,SOFR,2026-06-15,1
2026-06-16,1.674648854935,3.630000000000,SOFR,2026-06-16,1
2026-06-17,1.674817715361,3.630000000000,SOFR,2026-06-17,1
2026-06-18,1.674986592814,3.620000000000,SOFR,2026-06-18,4
2026-06-22,1.675660309644,3.610000000000,SOFR,2026-06-22,1
2026-06-23,1.675828341136,3.620000000000,SOFR,2026-06-23,1
2026-06-24,1.675996854986,3.620000000000,SOFR,2026-06-24,1
2026-06-25,1.676165385781,3.640000000000,SOFR,2026-06-25,1
2026-06-26,1.676334864725,3.620000000000,SOFR,2026-06-26,3
2026-06-29,1.676840559076,3.620000000000,SOFR,2026-06-29,1
2026-06-30,1.677009174710,3.680000000000,SOFR,2026-06-30,1
2026-07-01,1.677180602315,3.660000000000,SOFR,2026-07-01,1
2026-07-02,1.677351115676,3.640000000000,SOFR,2026-07-02,4
2026-07-06,1.678029511016,3.630000000000,SOFR,2026-07-06,1
2026-07-07,1.678198712325,3.620000000000,SOFR,2026-07-07,1
2026-07-08,1.678367464529,3.580000000000,SOFR,2026-07-08,1
2026-07-09,1.678534368849,3.530000000000,SOFR,2026-07-09,1
2026-07-10,1.678698958469,3.550000000000,SOFR,2026-07-10,3
2026-07-13,1.679195573578,3.600000000000,SOFR,2026-07-13,1
2026-07-14,1.679363493135,3.630000000000,SOFR,2026-07-14,1
2026-07-15,1.679532828954,3.640000000000,SOFR,2026-07-15,1
2026-07-16,1.679702648384,3.620000000000,SOFR,2026-07-16,1
2026-07-17,1.679871551817,3.590000000000,SOFR,2026-07-17,3
2026-07-20,1.680374113390,3.570000000000,SOFR,2026-07-20,1
2026-07-21,1.680540750489,3.610000000000,SOFR,2026-07-21,1
2026-07-22,1.680709271381,3.620000000000,SOFR,2026-07-22,1
2026-07-23,1.680878276036,3.640000000000,SOFR,2026-07-23,1
2026-07-24,1.681048231506,3.640000000000,SOFR,2026-07-24,3
2026-07-27,1.681558149470,3.640000000000,SOFR,2026-07-27,1
2026-07-28,1.681728173683,3.650000000000,SOFR,2026-07-28,1
2026-07-29,1.681898682233,3.650000000000,SOFR,2026-07-29,1
2026-07-30,1.682069208072,3.650000000000,SOFR,2026-07-30,1
