Date,XLB,XLE,XLF,XLI,XLK,XLP,XLU,XLV,XLY,SPY
2010-01-04,12.01651382446289,17.268268585205078,8.94238567352295,20.922786712646484,9.3787841796875,17.250778198242188,8.88609504699707,23.984848022460938,12.308619499206543,84.79637145996094
2010-01-05,12.055367469787598,17.40921401977539,9.106748580932617,20.996667861938477,9.366695404052734,17.257246017456055,8.780305862426758,23.749635696411133,12.353748321533203,85.0208511352539
2010-01-06,12.260233879089355,17.61767578125,9.125012397766113,21.040990829467773,9.261897087097168,17.24430274963379,8.831768989562988,23.992433547973633,12.370162963867188,85.08071899414062
2010-01-07,12.16486930847168,17.591259002685547,9.319805145263672,21.27002716064453,9.225625038146973,17.24430274963379,8.791742324829102,24.07589340209961,12.472728729248047,85.43985748291016
2010-01-08,12.334409713745117,17.705772399902344,9.265019416809082,21.60987091064453,9.28608226776123,17.186092376708984,8.783167839050293,24.113842010498047,12.468626022338867,85.72416687011719
2010-01-11,12.26729965209961,17.682287216186523,9.271106719970703,21.846290588378906,9.249808311462402,17.231372833251953,8.874655723571777,24.25041389465332,12.444009780883789,85.84391021728516
2010-01-12,12.034177780151367,17.426820755004883,9.137182235717773,21.668975830078125,9.149046897888184,17.328397750854492,8.837491035461426,24.07589340209961,12.284001350402832,85.04330444335938
2010-01-13,12.175464630126953,17.49142074584961,9.240669250488281,21.757631301879883,9.237716674804688,17.45128631591797,8.934698104858398,24.394588470458984,12.42349910736084,85.76160430908203
2010-01-14,12.02711009979248,17.541337966918945,9.283283233642578,21.757631301879883,9.261897087097168,17.399539947509766,8.894673347473145,24.614635467529297,12.42349910736084,85.99353790283203
2010-01-15,11.938802719116211,17.400400161743164,9.09457015991211,21.476886749267578,9.132929801940918,17.31545639038086,8.837491035461426,24.44769859313965,12.30041217803955,85.02833557128906
2010-01-19,12.129541397094727,17.558961868286133,9.210233688354492,21.713308334350586,9.290111541748047,17.418947219848633,8.940414428710938,25.03955078125,12.464523315429688,86.09078216552734
2010-01-20,11.914078712463379,17.2858829498291,9.18588638305664,21.38084602355957,9.1409912109375,17.28958511352539,8.846067428588867,24.827089309692383,12.296310424804688,85.21537017822266
2010-01-21,11.398378372192383,16.93353271484375,8.924125671386719,20.885848999023438,9.04426097869873,17.043790817260742,8.71740436553955,24.288358688354492,12.140398979187012,83.57676696777344
2010-01-22,11.172318458557129,16.531261444091797,8.631929397583008,20.568159103393555,8.72988510131836,17.004981994628906,8.525848388671875,24.022783279418945,11.906540870666504,81.71367645263672
2010-01-25,11.271220207214355,16.639902114868164,8.680631637573242,20.701154708862305,8.802433013916016,17.037322998046875,8.583028793334961,24.022783279418945,11.968079566955566,82.13270568847656
2010-01-26,11.112273216247559,16.534196853637695,8.528443336486816,20.61249351501465,8.778249740600586,17.017919540405273,8.617340087890625,23.886211395263672,11.984491348266602,81.78853607177734
2010-01-27,11.016904830932617,16.469600677490234,8.735416412353516,20.671588897705078,8.850796699523926,17.05672264099121,8.560155868530273,24.053142547607422,12.005005836486816,82.17758178710938
2010-01-28,10.819099426269531,16.296356201171875,8.692806243896484,20.435182571411133,8.596880912780762,17.01145362854004,8.494396209716797,23.901376724243164,11.935256004333496,81.23480224609375
2010-01-29,10.64602279663086,16.00273323059082,8.631929397583008,20.228317260742188,8.44775390625,16.946765899658203,8.442933082580566,23.734451293945312,11.86140251159668,80.3519058227539
2010-02-01,11.069884300231934,16.531261444091797,8.778033256530762,20.53122329711914,8.544488906860352,17.076133728027344,8.497257232666016,23.87103271484375,12.01321029663086,81.60145568847656
2010-02-02,11.105206489562988,16.74854850769043,8.863252639770508,20.922786712646484,8.629121780395508,17.32192611694336,8.565876007080078,24.364242553710938,12.181426048278809,82.5890884399414
2010-02-03,10.97805118560791,16.604663848876953,8.765856742858887,20.79719352722168,8.64927864074707,17.19904136657715,8.505830764770508,24.037960052490234,12.1896333694458,82.17758178710938
2010-02-04,10.568312644958496,15.923441886901855,8.388437271118164,20.183984756469727,8.407452583312988,16.849748611450195,8.282820701599121,23.430950164794922,11.836784362792969,79.64110565185547
2010-02-05,10.766118049621582,15.926389694213867,8.485833168029785,20.09532928466797,8.49209213256836,16.804468154907227,8.268528938293457,23.39300537109375,11.803963661193848,79.80570220947266
2010-02-08,10.593042373657227,15.779568672180176,8.315383911132812,19.87368392944336,8.455818176269531,16.78506088256836,8.174180030822754,23.27918815612793,11.73011302947998,79.22956085205078
2010-02-09,10.850887298583984,16.11136817932129,8.400611877441406,20.257856369018555,8.528369903564453,16.985578536987305,8.257089614868164,23.461294174194336,11.910635948181152,80.22474670410156
2010-02-10,10.776712417602539,16.043838500976562,8.467572212219238,20.228317260742188,8.504181861877441,16.96617889404297,8.219923973083496,23.31713104248047,11.86140251159668,80.06761169433594
2010-02-11,10.960387229919434,16.316913604736328,8.485833168029785,20.53122329711914,8.592851638793945,17.102005004882812,8.268528938293457,23.476465225219727,12.000901222229004,80.90560150146484
2010-02-12,10.939194679260254,16.322790145874023,8.491922378540039,20.368690490722656,8.60897445678711,17.102005004882812,8.237076759338379,23.423355102539062,12.000901222229004,80.8382797241211
2010-02-16,11.21470832824707,16.707441329956055,8.668457984924316,20.848901748657227,8.737945556640625,17.276643753051758,8.38003158569336,23.62822723388672,12.193737983703613,82.11023712158203
2010-02-17,11.221770286560059,16.683948516845703,8.698894500732422,21.026220321655273,8.762125015258789,17.399539947509766,8.345721244812012,23.81032943725586,12.292204856872559,82.49931335449219
2010-02-18,11.341866493225098,16.777904510498047,8.753681182861328,21.218313217163086,8.81855583190918,17.503036499023438,8.391468048095703,23.92414665222168,12.370162963867188,82.98566436767578
2010-02-19,11.405447006225586,16.842500686645508,8.802379608154297,21.32174301147461,8.794373512268066,17.541845321655273,8.50869083404541,23.92414665222168,12.398884773254395,83.15775299072266
2010-02-22,11.35599422454834,16.61054039001465,8.918042182922363,21.336517333984375,8.778249740600586,17.541845321655273,8.462946891784668,23.855859756469727,12.394775390625,83.17274475097656
2010-02-23,11.175850868225098,16.33452796936035,8.753681182861328,21.063167572021484,8.66943073272705,17.444820404052734,8.405765533447266,23.62822723388672,12.32092571258545,82.16264343261719
2010-02-24,11.147595405578613,16.43730354309082,8.905869483947754,21.277408599853516,8.754067420959473,17.554780960083008,8.41434097290039,23.802743911743164,12.480938911437988,82.91835021972656
2010-02-25,11.122870445251465,16.44611167907715,8.881512641906738,21.225692749023438,8.72988510131836,17.567710876464844,8.397185325622559,23.817922592163086,12.501448631286621,82.8060531616211
2010-02-26,11.1264009475708,16.48427963256836,8.93630313873291,21.306968688964844,8.741973876953125,17.48363494873047,8.331426620483398,23.82550048828125,12.521964073181152,82.85847473144531
2010-03-01,11.295944213867188,16.636962890625,8.960649490356445,21.58769989013672,8.85483169555664,17.606529235839844,8.451508522033691,24.053142547607422,12.718903541564941,83.71894836425781
2010-03-02,11.391317367553711,16.77496337890625,8.991086959838867,21.624658584594727,8.84273910522461,17.671205520629883,8.477237701416016,24.136594772338867,12.653260231018066,83.95086669921875
2010-03-03,11.490217208862305,16.848379135131836,8.997174263000488,21.65420150756836,8.84676742553711,17.677675247192383,8.462946891784668,24.037960052490234,12.690184593200684,84.02571105957031
2010-03-04,11.567926406860352,16.760286331176758,9.088484764099121,21.757631301879883,8.88304328918457,17.73588752746582,8.480100631713867,23.962085723876953,12.80506420135498,84.28012084960938
2010-03-05,11.716276168823242,17.07447624206543,9.265019416809082,22.090085983276367,8.991860389709473,17.84585189819336,8.565876007080078,24.295949935913086,13.043031692504883,85.4847183227539
2010-03-08,11.716276168823242,17.048049926757812,9.283283233642578,21.986658096313477,9.040228843688965,17.781173706054688,8.565876007080078,24.151777267456055,13.075851440429688,85.49970245361328
2010-03-09,11.642105102539062,17.048049926757812,9.313719749450684,22.163972854614258,9.080533027648926,17.75529670715332,8.554437637329102,24.136594772338867,13.055336952209473,85.6418685913086
2010-03-10,11.645634651184082,17.197795867919922,9.417206764221191,22.208297729492188,9.1409912109375,17.729419708251953,8.557295799255371,24.151777267456055,13.084057807922363,86.02346801757812
2010-03-11,11.712747573852539,17.168434143066406,9.496343612670898,22.28956413269043,9.177261352539062,17.76176643371582,8.585887908935547,24.341476440429688,13.178425788879395,86.38259887695312
2010-03-12,11.758659362792969,17.177244186401367,9.459815979003906,22.43732261657715,9.169201850891113,17.774702072143555,8.53156852722168,24.159364700317383,13.215351104736328,86.3901138305664
2010-03-15,11.75512981414795,17.001068115234375,9.459815979003906,22.43732261657715,9.161136627197266,17.910533905029297,8.563017845153809,24.318710327148438,13.198941230773926,86.41252136230469
2010-03-16,11.928210258483887,17.153759002685547,9.575472831726074,22.74024200439453,9.229656219482422,17.9946231842041,8.66308307647705,24.38699722290039,13.297409057617188,87.10089874267578
2010-03-17,11.995322227478027,17.341678619384766,9.691139221191406,22.777175903320312,9.2578706741333,18.07224464416504,8.691676139831543,24.394588470458984,13.363054275512695,87.6171875
2010-03-18,11.910548210144043,17.083274841308594,9.636350631713867,22.93232536315918,9.269959449768066,18.091650009155273,8.651647567749023,24.561513900756836,13.358955383300781,87.57230377197266
2010-03-19,11.780633926391602,16.877906799316406,9.572896957397461,22.840396881103516,9.214566230773926,18.03837776184082,8.64212703704834,24.55238151550293,13.318669319152832,87.12901306152344
2010-03-22,11.954086303710938,16.833707809448242,9.62170696258545,22.90711212158203,9.283299446105957,18.129318237304688,8.584437370300293,24.712263107299805,13.458433151245117,87.59483337402344
2010-03-23,12.109841346740723,16.898536682128906,9.70102596282959,23.166580200195312,9.3722562789917,18.272220611572266,8.619053840637207,24.834068298339844,13.511871337890625,88.21089935302734
2010-03-24,12.074443817138672,16.801300048828125,9.707124710083008,23.003490447998047,9.327776908874512,18.142311096191406,8.529631614685059,24.567607879638672,13.458433151245117,87.78266143798828
2010-03-25,11.833731651306152,16.518421173095703,9.749834060668945,22.988662719726562,9.343950271606445,18.11632537841797,8.47482681274414,24.468637466430664,13.53653335571289,87.63990020751953
2010-03-26,11.92223072052002,16.52431869506836,9.762040138244629,23.047971725463867,9.29947566986084,18.129318237304688,8.495018005371094,24.285926818847656,13.589977264404297,87.5873031616211
2010-03-29,12.049665451049805,16.845495223999023,9.77424144744873,23.255538940429688,9.327776908874512,18.21376609802246,8.598864555358887,24.54476547241211,13.610525131225586,88.143310546875
2010-03-30,12.067364692687988,16.87200927734375,9.713228225708008,23.2926082611084,9.36821460723877,18.246240615844727,8.575784683227539,24.54476547241211,13.598196983337402,88.2033920288086
2010-03-31,12.007184982299805,16.948625564575195,9.73153018951416,23.159162521362305,9.339905738830566,18.142311096191406,8.55559253692627,24.46102523803711,13.499542236328125,87.90286254882812
2010-04-01,12.216034889221191,17.249174118041992,9.810850143432617,23.307437896728516,9.32373332977295,18.259231567382812,8.673857688903809,24.598060607910156,13.594083786010742,88.50389099121094
2010-04-05,12.364707946777344,17.555612564086914,9.908470153808594,23.477943420410156,9.432905197143555,18.259231567382812,8.72578239440918,24.5295467376709,13.758512496948242,89.22517395019531
2010-04-06,12.385946273803711,17.555612564086914,10.012191772460938,23.4853515625,9.44098949432373,18.200761795043945,8.797896385192871,24.514312744140625,13.779067993164062,89.43553161621094
2010-04-07,12.308073043823242,17.381763458251953,9.975584983825684,23.351909637451172,9.4045991897583,18.083850860595703,8.711355209350586,24.407732009887695,13.729745864868164,88.92464447021484
2010-04-08,12.336393356323242,17.443647384643555,10.054901123046875,23.426044464111328,9.42077350616455,18.11632537841797,8.659439086914062,24.316373825073242,13.861276626586914,89.23265075683594
2010-04-09,12.357629776000977,17.629276275634766,10.091509819030762,23.559490203857422,9.493553161621094,18.21376609802246,8.722894668579102,24.422958374023438,13.964051246643066,89.81868743896484
2010-04-12,12.318692207336426,17.670528411865234,10.134218215942383,23.611385345458984,9.513771057128906,18.272220611572266,8.7459716796875,24.354442596435547,13.964051246643066,89.96144104003906
2010-04-13,12.27267837524414,17.608652114868164,10.1403226852417,23.64844512939453,9.542071342468262,18.21376609802246,8.699819564819336,24.377275466918945,14.038041114807129,90.0290756225586
2010-04-14,12.364707946777344,17.776609420776367,10.40267276763916,23.952396392822266,9.679546356201172,18.239749908447266,8.708476066589355,24.293537139892578,14.255908966064453,91.05084228515625
2010-04-15,12.364707946777344,17.773662567138672,10.359964370727539,24.182201385498047,9.724017143249512,18.207271575927734,8.70559024810791,24.225017547607422,14.317564964294434,91.1259536743164
2010-04-16,12.15231990814209,17.47311019897461,9.98168659210205,23.78929901123047,9.594630241394043,18.129318237304688,8.604626655578613,24.080366134643555,14.128477096557617,89.67594146728516
2010-04-19,12.15585994720459,17.496688842773438,10.079307556152344,23.744821548461914,9.614851951599121,18.200761795043945,8.613282203674316,24.278308868408203,14.153142929077148,90.01403045654297
2010-04-20,12.19479751586914,17.838483810424805,10.213532447814941,24.019115447998047,9.667411804199219,18.252735137939453,8.722894668579102,24.33159637451172,14.325789451599121,90.81793212890625
2010-04-21,12.16294002532959,17.82080841064453,10.152522087097168,24.182201385498047,9.687627792358398,18.252735137939453,8.731549263000488,23.905261993408203,14.391562461853027,90.65263366699219
2010-04-22,12.283293724060059,17.86500358581543,10.20743179321289,24.40460968017578,9.711888313293457,18.252735137939453,8.760395050048828,23.631195068359375,14.650534629821777,90.9231185913086
2010-04-23,12.393033027648926,18.295209884643555,10.237939834594727,24.552871704101562,9.736149787902832,18.207271575927734,8.829622268676758,23.867206573486328,14.66286849975586,91.51665496826172
2010-04-26,12.446125984191895,18.233327865600586,10.079307556152344,24.604761123657227,9.724017143249512,18.168298721313477,8.797896385192871,23.6159610748291,14.777965545654297,91.17107391357422
2010-04-27,11.993023872375488,17.673473358154297,9.737631797790527,24.011695861816406,9.53398323059082,17.85000991821289,8.64789867401123,23.341890335083008,14.35045337677002,89.01481628417969
2010-04-28,12.138160705566406,17.85321617126465,9.877964973449707,24.182201385498047,9.562289237976074,17.992916107177734,8.737319946289062,23.494159698486328,14.301121711730957,89.69099426269531
2010-04-29,12.247899055480957,17.873849868774414,10.103711128234863,24.730792999267578,9.65932559967041,18.051374435424805,8.7459716796875,23.813901901245117,14.617646217346191,90.80290985107422
2010-04-30,12.031965255737305,17.652854919433594,9.859660148620605,24.145139694213867,9.457162857055664,17.947437286376953,8.780588150024414,23.509382247924805,14.313459396362305,89.2627182006836
2010-05-03,12.024886131286621,17.85321617126465,10.048797607421875,24.62700653076172,9.5865478515625,18.051374435424805,8.893083572387695,23.62358283996582,14.601204872131348,90.41973876953125
2010-05-04,11.607177734375,17.375873565673828,9.77424144744873,23.848602294921875,9.311604499816895,17.86949348449707,8.74020004272461,23.486543655395508,14.173690795898438,88.29354858398438
2010-05-05,11.522224426269531,17.101839065551758,9.719331741333008,23.54466438293457,9.271172523498535,17.934452056884766,8.679628372192383,23.562679290771484,13.972270965576172,87.76765441894531
2010-05-06,11.143465042114258,16.518421173095703,9.310542106628418,22.766260147094727,8.992189407348633,17.486249923706055,8.44020938873291,22.930782318115234,13.474870681762695,84.8525619506836
2010-05-07,11.01956558227539,16.203142166137695,9.206823348999023,22.262161254882812,8.79407024383545,17.369333267211914,8.39405632019043,22.626253128051758,13.22823715209961,83.59038543701172
2010-05-10,11.543463706970215,16.895587921142578,9.719331741333008,23.537250518798828,9.198394775390625,17.87598991394043,8.653667449951172,23.235315322875977,13.918828010559082,87.27175903320312
2010-05-11,11.398331642150879,16.78362464904785,9.682721138000488,23.47052574157715,9.13774585723877,17.86949348449707,8.670973777770996,23.18963050842285,13.914716720581055,87.02387237548828
2010-05-12,11.635499954223633,17.016395568847656,9.7925443649292,23.98946189880371,9.376296997070312,17.992916107177734,8.743087768554688,23.379959106445312,14.116142272949219,88.24095153808594
2010-05-13,11.462048530578613,16.907371520996094,9.615606307983398,23.618803024291992,9.2388277053833,17.882488250732422,8.70559024810791,23.128726959228516,13.799619674682617,87.14403533935547
2010-05-14,11.182398796081543,16.571468353271484,9.365455627441406,23.122106552124023,9.06092357635498,17.713592529296875,8.633475303649902,22.81658363342285,13.569419860839844,85.5662841796875
2010-05-17,11.182398796081543,16.400564193725586,9.371556282043457,23.06280517578125,9.105401039123535,17.901973724365234,8.64212703704834,22.81658363342285,13.672191619873047,85.61138916015625
2010-05-18,10.991246223449707,16.273862838745117,9.103100776672363,22.7736759185791,8.967930793762207,17.798038482666016,8.558476448059082,22.633867263793945,13.417325019836426,84.44684600830078
2010-05-19,10.991246223449707,16.088226318359375,9.115301132202148,22.484560012817383,8.899192810058594,17.752574920654297,8.471938133239746,22.580581665039062,13.33510971069336,83.9660415649414
2010-05-20,10.492128372192383,15.369263648986816,8.694315910339355,21.506000518798828,8.616162300109863,17.22642707824707,8.218098640441895,21.872556686401367,12.817157745361328,80.7955093383789
2010-05-21,10.75053882598877,15.637404441833496,8.99937915802002,21.809946060180664,8.680858612060547,17.291383743286133,8.255597114562988,21.925853729248047,13.043251991271973,81.97502899169922
2010-05-24,10.566466331481934,15.280865669250488,8.743124008178711,21.4837589263916,8.64042854309082,17.167970657348633,8.177713394165039,21.872556686401367,12.952815055847168,80.92325592041016
2010-05-25,10.74345588684082,15.316229820251465,8.822442054748535,21.468942642211914,8.616162300109863,16.966602325439453,8.134446144104004,21.781204223632812,13.084356307983398,81.00587463378906
2010-05-26,10.658500671386719,15.283812522888184,8.761428833007812,21.513412475585938,8.53126049041748,16.856172561645508,8.131564140319824,21.644166946411133,13.043251991271973,80.51753234863281
2010-05-27,11.079744338989258,15.932065963745117,9.158010482788086,22.239919662475586,8.822373390197754,17.200443267822266,8.28732681274414,22.085729598999023,13.511871337890625,83.21469116210938
2010-05-28,10.885050773620605,15.631510734558105,8.956671714782715,21.943384170532227,8.749593734741211,17.11600112915039,8.295976638793945,21.97913932800293,13.306333541870117,82.1703872680664
2010-06-01,10.534607887268066,14.8889741897583,8.767529487609863,21.45410919189453,8.664687156677246,17.077030181884766,8.1027193069458,21.73552131652832,13.104911804199219,80.78797912597656
2010-06-02,10.860273361206055,15.534282684326172,9.042091369628906,22.010099411010742,8.85876178741455,17.369333267211914,8.272905349731445,22.207529067993164,13.433762550354004,82.89166259765625
2010-06-03,10.729296684265137,15.743478775024414,8.993279457092285,22.113887786865234,8.947710037231445,17.395309448242188,8.359442710876465,22.336959838867188,13.478981971740723,83.17713165283203
2010-06-04,10.304516792297363,15.189525604248047,8.633304595947266,21.076030731201172,8.660642623901367,16.93412208557129,8.111368179321289,21.682228088378906,12.956926345825195,80.25457763671875
2010-06-07,10.120443344116211,15.056930541992188,8.462471008300781,20.53485679626465,8.53530216217041,16.804210662841797,8.160408973693848,21.651771545410156,12.710281372070312,79.25529479980469
2010-06-08,10.35053539276123,15.307389259338379,8.639408111572266,20.749849319458008,8.551475524902344,17.077030181884766,8.267133712768555,21.705062866210938,12.817157745361328,80.10430908203125
2010-06-09,10.364693641662598,15.148275375366211,8.547883033752441,20.749849319458008,8.506999969482422,17.0445499420166,8.220985412597656,21.606096267700195,12.833602905273438,79.67607116699219
2010-06-10,10.736377716064453,15.908485412597656,8.828543663024902,21.550479888916016,8.713208198547363,17.336854934692383,8.42290210723877,22.0172061920166,13.269341468811035,82.00511169433594
2010-06-11,10.856733322143555,16.005722045898438,8.852947235107422,21.624616622924805,8.790026664733887,17.193950653076172,8.428672790527344,22.19991683959961,13.257004737854004,82.40330505371094
2010-06-14,10.75053882598877,15.923222541809082,8.816344261169434,21.60237693786621,8.773853302001953,17.291383743286133,8.47770881652832,22.237987518310547,13.294001579284668,82.27558898925781
2010-06-15,11.016029357910156,16.38878059387207,9.023784637451172,22.254745483398438,9.004318237304688,17.466766357421875,8.64212703704834,22.6186466217041,13.610525131225586,84.14630889892578
2010-06-16,11.001866340637207,16.376991271972656,9.029885292053223,22.1954345703125,9.028576850891113,17.349838256835938,8.696934700012207,22.702388763427734,13.515985488891602,84.11627197265625
2010-06-17,10.941688537597656,16.35930633544922,9.017685890197754,22.262161254882812,9.06092357635498,17.5057430267334,8.760395050048828,22.732847213745117,13.433762550354004,84.25150299072266
2010-06-18,11.004267692565918,16.460540771484375,9.067209243774414,22.349321365356445,9.060518264770508,17.441627502441406,8.768264770507812,22.611175537109375,13.390469551086426,84.34284973144531
2010-06-21,11.071824073791504,16.42502212524414,9.054976463317871,22.38656997680664,8.995601654052734,17.39583396911621,8.707047462463379,22.572925567626953,13.283238410949707,84.1012954711914
2010-06-22,10.79804801940918,15.94550609588623,8.91435432434082,21.84273910522461,8.918505668640137,17.20610237121582,8.491341590881348,22.35100555419922,12.986319541931152,82.71234893798828
2010-06-23,10.819382667541504,15.824137687683105,8.87155532836914,21.760786056518555,8.902276039123535,17.31732940673828,8.415553092956543,22.259185791015625,12.978072166442871,82.45567321777344
2010-06-24,10.54560375213623,15.49262523651123,8.712590217590332,21.380847930908203,8.723739624023438,17.10797119140625,8.368913650512695,22.098501205444336,12.668773651123047,81.08931732177734
2010-06-25,10.702049255371094,15.537015914916992,8.951035499572754,21.544742584228516,8.715627670288086,16.93133544921875,8.406808853149414,22.197980880737305,12.705892562866211,81.42900085449219
2010-06-28,10.581162452697754,15.326870918273926,8.865439414978027,21.395748138427734,8.731857299804688,17.075258255004883,8.46219253540039,22.15971565246582,12.611039161682129,81.17236328125
2010-06-29,10.190056800842285,14.820708274841309,8.547511100769043,20.568824768066406,8.407247543334961,16.80048370361328,8.290209770202637,21.754169464111328,12.161526679992676,78.66617584228516
2010-06-30,10.086949348449707,14.705265998840332,8.443567276000977,20.434728622436523,8.277410507202148,16.682722091674805,8.237738609313965,21.578174591064453,12.013066291809082,77.91881561279297
2010-07-01,10.030058860778809,14.651987075805664,8.36408805847168,20.37512969970703,8.24494743347168,16.715431213378906,8.199844360351562,21.39452362060547,12.112038612365723,77.5715560913086
2010-07-02,9.973173141479492,14.616462707519531,8.26626205444336,20.121843338012695,8.23277759552002,16.65001678466797,8.20859146118164,21.44809341430664,11.975954055786133,77.1488265991211
2010-07-06,9.983837127685547,14.758545875549316,8.315176963806152,20.159090042114258,8.31393051147461,16.748146057128906,8.304781913757324,21.55521583557129,11.975954055786133,77.65459442138672
2010-07-07,10.382050514221191,15.279505729675293,8.682021141052246,20.8593692779541,8.581729888916016,17.068721771240234,8.561301231384277,21.9760799407959,12.314116477966309,80.10043334960938
2010-07-08,10.552718162536621,15.495585441589355,8.749277114868164,21.1275577545166,8.634478569030762,17.323862075805664,8.62834358215332,22.15971565246582,12.421337127685547,80.89302062988281
2010-07-09,10.805155754089355,15.57550048828125,8.87155532836914,21.336153030395508,8.679109573364258,17.323862075805664,8.6866455078125,22.213281631469727,12.54093074798584,81.4969711303711
2010-07-12,10.662940979003906,15.534062385559082,8.883783340454102,21.22440528869629,8.719686508178711,17.38274574279785,8.715795516967773,22.175018310546875,12.557428359985352,81.5498046875
2010-07-13,10.950932502746582,15.72054386138916,9.103891372680664,21.596895217895508,8.84546947479248,17.53975486755371,8.744948387145996,22.34335708618164,12.870847702026367,82.78025817871094
2010-07-14,10.91537857055664,15.70278263092041,9.036637306213379,21.64159393310547,8.89822006225586,17.546308517456055,8.747859001159668,22.34335708618164,12.788372039794922,82.7727279663086
2010-07-15,10.904711723327637,15.685025215148926,9.018292427062988,21.634140014648438,8.926618576049805,17.5986385345459,8.806159973144531,22.412229537963867,12.829610824584961,82.79533386230469
2010-07-16,10.60605239868164,15.312070846557617,8.63922119140625,20.911518096923828,8.670991897583008,17.350032806396484,8.65457820892334,21.945470809936523,12.380099296569824,80.51560974121094
2010-07-19,10.616716384887695,15.409747123718262,8.633108139038086,21.03071403503418,8.756202697753906,17.38274574279785,8.788667678833008,22.044940948486328,12.49969482421875,80.99122619628906
2010-07-20,10.936712265014648,15.76198673248291,8.724818229675293,21.35849952697754,8.81301212310791,17.592098236083984,8.867374420166016,21.983732223510742,12.677021980285645,81.88949584960938
2010-07-21,10.901159286499023,15.504465103149414,8.58419132232666,21.306354522705078,8.707512855529785,17.402374267578125,8.73037052154541,21.62408447265625,12.45020580291748,80.82511138916016
2010-07-22,11.135822296142578,15.847824096679688,8.834875106811523,21.961933135986328,8.942853927612305,17.5986385345459,8.870290756225586,21.76181983947754,12.825483322143555,82.62928771972656
2010-07-23,11.381150245666504,15.918861389160156,8.90212631225586,22.40146255493164,9.003714561462402,17.76219367980957,8.88486385345459,21.754169464111328,13.011065483093262,83.3464126586914
2010-07-26,11.44870376586914,16.057981491088867,9.024409294128418,22.76650619506836,9.060518264770508,17.853790283203125,8.948994636535645,22.067893981933594,13.204890251159668,84.21453094482422
2010-07-27,11.35626220703125,15.981023788452148,9.048863410949707,22.610063552856445,9.084859848022461,17.91920280456543,9.080168724060059,22.090856552124023,13.035808563232422,84.20696258544922
2010-07-28,11.32070541381836,15.94550609588623,8.96938419342041,22.55046844482422,9.011829376220703,17.82107162475586,9.036441802978516,21.79243278503418,12.945075988769531,83.6634750366211
2010-07-29,11.310039520263672,15.969186782836914,8.99995231628418,22.475967407226562,8.93067741394043,17.60517692565918,8.896526336669922,21.777128219604492,12.879093170166016,83.25584411621094
2010-07-30,11.381150245666504,15.936616897583008,8.993836402893066,22.565364837646484,8.894157409667969,17.650976181030273,8.852800369262695,21.861289978027344,12.965700149536133,83.24073791503906
2010-08-02,11.686921119689941,16.493104934692383,9.220059394836426,23.012344360351562,9.080802917480469,17.853790283203125,9.036441802978516,22.27449607849121,13.24200439453125,85.12039947509766
2010-08-03,11.473596572875977,16.4871826171875,9.11612319946289,22.893152236938477,9.032115936279297,17.696765899658203,8.992719650268555,22.45814323425293,13.03993034362793,84.71277618408203
2010-08-04,11.580254554748535,16.614465713500977,9.152804374694824,23.094303131103516,9.105154991149902,17.76219367980957,9.030614852905273,22.680049896240234,13.258501052856445,85.2789306640625
2010-08-05,11.605143547058105,16.667743682861328,9.11612319946289,23.109201431274414,9.06457805633545,17.683687210083008,9.016040802001953,22.687698364257812,13.299737930297852,85.1883316040039
2010-08-06,11.551814079284668,16.469423294067383,9.036637306213379,22.982547760009766,9.040233612060547,17.72294044494629,9.033529281616211,22.73360252380371,13.209010124206543,84.84109497070312
2010-08-09,11.62292194366455,16.537500381469727,9.08554744720459,23.101743698120117,9.101092338562012,17.814529418945312,9.065592765808105,22.79482078552246,13.336853981018066,85.29399871826172
2010-08-10,11.498482704162598,16.40134620666504,9.00606918334961,22.94529914855957,9.007774353027344,17.853790283203125,9.118063926696777,22.848386764526367,13.221383094787598,84.83355712890625
2010-08-11,11.110936164855957,15.912943840026855,8.688129425048828,22.08857536315918,8.79272174835205,17.559383392333984,8.934419631958008,22.259185791015625,12.874974250793457,82.50849151611328
2010-08-12,11.182042121887207,15.818224906921387,8.626991271972656,21.932132720947266,8.670991897583008,17.53975486755371,8.916932106018066,22.35100555419922,12.825483322143555,82.00271606445312
2010-08-13,11.12871265411377,15.791583061218262,8.602537155151367,21.90233612060547,8.63041877746582,17.53321647644043,8.948994636535645,22.266841888427734,12.681148529052734,81.76116180419922
2010-08-16,11.178486824035645,15.78862190246582,8.578079223632812,21.85763931274414,8.64664363861084,17.513593673706055,8.948994636535645,22.152061462402344,12.677021980285645,81.72344970703125
2010-08-17,11.441591262817383,16.05206298828125,8.645336151123047,22.237579345703125,8.739973068237305,17.683687210083008,9.036441802978516,22.45814323425293,12.883223533630371,82.7274169921875
2010-08-18,11.484259605407715,15.898137092590332,8.682021141052246,22.319517135620117,8.78866195678711,17.696765899658203,8.986888885498047,22.427532196044922,13.002816200256348,82.87841033935547
2010-08-19,11.221151351928711,15.64062213897705,8.480257034301758,21.84273910522461,8.6831693649292,17.4874267578125,8.85862922668457,22.014324188232422,12.751250267028809,81.43656158447266
2010-08-20,11.19626235961914,15.448225021362305,8.455796241760254,21.730989456176758,8.662880897521973,17.4874267578125,8.88194751739502,21.937820434570312,12.743006706237793,81.17236328125
2010-08-23,11.071824073791504,15.454141616821289,8.40077018737793,21.492589950561523,8.585784912109375,17.526676177978516,8.940251350402832,22.037288665771484,12.627533912658691,80.86286163330078
2010-08-24,10.815825462341309,15.214385032653809,8.26014518737793,21.053058624267578,8.46811580657959,17.441627502441406,8.954825401306152,21.56287384033203,12.413092613220215,79.66259002685547
2010-08-25,10.847824096679688,15.167022705078125,8.284602165222168,21.015806198120117,8.520862579345703,17.48086929321289,8.948994636535645,21.777128219604492,12.54093074798584,79.97208404541016
2010-08-26,10.833602905273438,15.030860900878906,8.217347145080566,20.98600959777832,8.435654640197754,17.350032806396484,8.908184051513672,21.639387130737305,12.454326629638672,79.4361572265625
2010-08-27,11.157154083251953,15.421581268310547,8.394657135009766,21.41064453125,8.537094116210938,17.461254119873047,9.077258110046387,21.861289978027344,12.656405448913574,80.66658782958984
2010-08-30,10.990044593811035,15.196619987487793,8.217347145080566,21.082857131958008,8.423479080200195,17.310775756835938,8.940251350402832,21.585832595825195,12.433712005615234,79.49651336669922
2010-08-31,11.03626823425293,15.15518569946289,8.290715217590332,21.00091552734375,8.395076751708984,17.323862075805664,8.981058120727539,21.50166130065918,12.45020580291748,79.49651336669922
2010-09-01,11.366924285888672,15.72054386138916,8.608649253845215,21.835285186767578,8.61013126373291,17.63135528564453,9.176362037658691,21.99903106689453,12.879093170166016,81.8743896484375
2010-09-02,11.50203800201416,15.850784301757812,8.694246292114258,22.110931396484375,8.687224388122559,17.742565155029297,9.176362037658691,22.11380958557129,13.118282318115234,82.6368179321289
2010-09-03,11.637146949768066,16.04317855834961,8.877670288085938,22.4461669921875,8.81706428527832,17.853790283203125,9.217172622680664,22.320404052734375,13.312110900878906,83.70877075195312
2010-09-07,11.523371696472168,15.803421020507812,8.6759033203125,22.237579345703125,8.744029998779297,17.78182029724121,9.170533180236816,22.19032859802246,13.097661972045898,82.76513671875
2010-09-08,11.612258911132812,15.939582824707031,8.761502265930176,22.468517303466797,8.79272174835205,17.86032485961914,9.126806259155273,22.3127498626709,13.192514419555664,83.3464126586914
2010-09-09,11.573145866394043,15.972143173217773,8.87155532836914,22.4461669921875,8.81706428527832,17.91920280456543,9.217172622680664,22.54996109008789,13.204890251159668,83.73139953613281
2010-09-10,11.669142723083496,16.137903213500977,8.883783340454102,22.647315979003906,8.821123123168945,18.00426483154297,9.164703369140625,22.779523849487305,13.316239356994629,84.15412139892578
2010-09-13,11.857586860656738,16.268138885498047,9.073320388793945,22.870805740356445,8.979363441467285,18.023887634277344,9.196767807006836,22.833070755004883,13.477068901062012,85.09021759033203
2010-09-14,11.836252212524414,16.2119083404541,8.993836402893066,22.803756713867188,9.015890121459961,18.056596755981445,9.185108184814453,22.90959358215332,13.489446640014648,85.03734588623047
2010-09-15,11.814921379089355,16.179344177246094,9.024409294128418,22.803756713867188,9.07269287109375,18.1809024810791,9.132635116577148,23.123849868774414,13.514183044433594,85.36195373535156
2010-09-16,11.871809959411621,16.10533905029297,8.99995231628418,22.773956298828125,9.12543773651123,18.200523376464844,9.10057544708252,23.032026290893555,13.514183044433594,85.33929443359375
2010-09-17,11.87398624420166,16.024763107299805,8.952771186828613,22.987356185913086,9.174715995788574,18.15242576599121,9.084964752197266,23.02741050720215,13.549349784851074,85.37117004394531
2010-09-20,11.950169563293457,16.29536247253418,9.124346733093262,23.33179473876953,9.30909538269043,18.35009765625,9.205704689025879,23.33506202697754,13.809995651245117,86.67654418945312
2010-09-21,11.895753860473633,16.307247161865234,9.03856086730957,23.376712799072266,9.292810440063477,18.317150115966797,9.158586502075195,23.350440979003906,13.752076148986816,86.5019760131836
2010-09-22,11.924776077270508,16.188304901123047,8.891489028930664,23.25691795349121,9.248014450073242,18.35009765625,9.223376274108887,23.388896942138672,13.661057472229004,86.07697296142578
2010-09-23,11.812311172485352,16.08719825744629,8.719910621643066,22.912485122680664,9.235798835754395,18.231491088867188,9.117362022399902,23.26583480834961,13.59072208404541,85.37876892089844
2010-09-24,12.102538108825684,16.435117721557617,8.952771186828613,23.541446685791016,9.41497802734375,18.47528648376465,9.264604568481445,23.581178665161133,13.942384719848633,87.13946533203125
2010-09-27,12.033609390258789,16.37267303466797,8.85472297668457,23.391693115234375,9.419045448303223,18.369857788085938,9.282270431518555,23.404279708862305,13.851367950439453,86.72205352783203
2010-09-28,12.033609390258789,16.48863983154297,8.873104095458984,23.51898956298828,9.43126106262207,18.488466262817383,9.288161277770996,23.596561431884766,13.958931922912598,87.02565002441406
2010-09-29,11.939284324645996,16.664085388183594,8.80570125579834,23.511493682861328,9.410902976989746,18.435745239257812,9.270492553710938,23.511960983276367,13.859640121459961,86.87382507324219
2010-09-30,11.892126083374023,16.670034408569336,8.793444633483887,23.421642303466797,9.374252319335938,18.369857788085938,9.241046905517578,23.450428009033203,13.822407722473145,86.61580657958984
2010-10-01,12.048123359680176,16.89305305480957,8.885359764099121,23.444108963012695,9.378325462341309,18.402801513671875,9.291106224060059,23.450428009033203,13.83895492553711,86.98008728027344
2010-10-04,11.85584831237793,16.68191909790039,8.82408618927002,23.197010040283203,9.300952911376953,18.35009765625,9.27344036102295,23.219694137573242,13.809995651245117,86.3274154663086
2010-10-05,12.18961238861084,17.074443817138672,9.026302337646484,23.818498611450195,9.48420238494873,18.52140235900879,9.376511573791504,23.650392532348633,14.099599838256836,88.06535339355469
2010-10-06,12.305695533752441,17.22610092163086,9.020172119140625,23.960765838623047,9.439407348632812,18.6004638671875,9.332335472106934,23.558101654052734,14.004444122314453,88.05773162841797
2010-10-07,12.182357788085938,17.139862060546875,8.983407020568848,23.908349990844727,9.439407348632812,18.534584045410156,9.350005149841309,23.604257583618164,14.070637702941895,87.9515380859375
2010-10-08,12.42179012298584,17.353961944580078,9.007915496826172,24.11052131652832,9.492345809936523,18.574113845825195,9.379457473754883,23.665775299072266,14.215436935424805,88.44480895996094
2010-10-11,12.400023460388184,17.401540756225586,8.995661735534668,24.043128967285156,9.508633613586426,18.593883514404297,9.382396697998047,23.68116569519043,14.219576835632324,88.5282974243164
2010-10-12,12.432671546936035,17.374773025512695,9.099836349487305,24.02815818786621,9.565643310546875,18.640003204345703,9.344114303588867,23.735000610351562,14.252679824829102,88.801513671875
2010-10-13,12.632208824157715,17.585899353027344,9.105965614318848,24.425006866455078,9.643020629882812,18.798141479492188,9.379457473754883,23.904211044311523,14.273364067077637,89.49211883544922
2010-10-14,12.512494087219238,17.55913734436035,8.946638107299805,24.28273582458496,9.64709186553955,18.804725646972656,9.364727020263672,23.858062744140625,14.256811141967773,89.14300537109375
2010-10-15,12.5487699508667,17.606712341308594,8.793444633483887,24.13298797607422,9.809979438781738,18.850845336914062,9.39417839050293,23.958045959472656,14.360243797302246,89.32512664794922
2010-10-18,12.603181838989258,17.654298782348633,8.989538192749023,24.118003845214844,9.875134468078613,18.916738510131836,9.39417839050293,24.181093215942383,14.380932807922363,89.76532745361328
2010-10-19,12.280305862426758,17.303407669067383,8.866976737976074,23.79603385925293,9.700034141540527,18.686120986938477,9.411846160888672,23.72731590270996,14.12028694152832,88.58900451660156
2010-10-20,12.534252166748047,17.526424407958984,8.952771186828613,24.13298797607422,9.781474113464355,18.850845336914062,9.48841381072998,23.950361251831055,14.302328109741211,89.45417785644531
2010-10-21,12.530625343322754,17.51750946044922,8.952771186828613,24.327669143676758,9.789617538452148,18.916738510131836,9.447186470031738,24.011886596679688,14.385066032409668,89.65149688720703
2010-10-22,12.439933776855469,17.633480072021484,8.946638107299805,24.3201847076416,9.818124771118164,18.982620239257812,9.385345458984375,24.019580841064453,14.463677406311035,89.81846618652344
2010-10-25,12.708394050598145,17.68105697631836,8.915999412536621,24.402544021606445,9.846628189086914,19.02874755859375,9.364727020263672,24.150325775146484,14.554692268371582,90.0840835571289
2010-10-26,12.632208824157715,17.716739654541016,8.928255081176758,24.290224075317383,9.871064186096191,18.923330307006836,9.341169357299805,24.081098556518555,14.616747856140137,90.09928894042969
2010-10-27,12.516118049621582,17.64240074157715,8.9343843460083,24.11052131652832,9.899571418762207,18.82449722290039,9.302885055541992,23.93497085571289,14.525729179382324,89.84121704101562
2010-10-28,12.523371696472168,17.603744506835938,8.9343843460083,24.058103561401367,9.899571418762207,18.890384674072266,9.326443672180176,24.073415756225586,14.591925621032715,89.85638427734375
2010-10-29,12.624954223632812,17.615638732910156,8.922126770019531,24.09554672241211,9.915854454040527,18.956274032592773,9.341169357299805,23.973430633544922,14.587788581848145,89.92472076416016
2010-11-01,12.617695808410645,17.636451721191406,8.922126770019531,24.09554672241211,9.924002647399902,18.87720489501953,9.2498779296875,23.973430633544922,14.558833122253418,89.9551010131836
2010-11-02,12.748296737670898,17.829736709594727,8.946638107299805,24.327669143676758,10.021738052368164,18.989215850830078,9.358837127685547,24.204166412353516,14.724315643310547,90.66846466064453
2010-11-03,12.712020874023438,17.868389129638672,9.032426834106445,24.365102767944336,10.07874584197998,19.048513412475586,9.341169357299805,24.21954917907715,14.798782348632812,91.03272247314453
2010-11-04,13.129220008850098,18.436351776123047,9.332695007324219,24.88176155090332,10.22942066192627,19.279125213623047,9.441298484802246,24.334915161132812,15.030473709106445,92.78584289550781
2010-11-05,13.176386833190918,18.52853012084961,9.547170639038086,25.031511306762695,10.221272468566895,19.180299758911133,9.43835163116455,24.18878173828125,15.104944229125977,93.13496398925781
2010-11-08,13.209036827087402,18.58503532409668,9.47363567352295,24.926679611206055,10.22942066192627,19.147348403930664,9.385345458984375,24.12725257873535,15.080119132995605,92.96041870117188
2010-11-09,12.976853370666504,18.549348831176758,9.295928001403809,24.702054977416992,10.200916290283203,19.048513412475586,9.352952003479004,24.027265548706055,14.943589210510254,92.29255676269531
2010-11-10,13.042155265808105,18.787240982055664,9.400101661682129,24.694564819335938,10.209060668945312,18.989215850830078,9.311723709106445,24.019580841064453,15.075983047485352,92.6644287109375
2010-11-11,13.176386833190918,18.995389938354492,9.308182716369629,24.55230140686035,10.054309844970703,19.008981704711914,9.30583381652832,24.088796615600586,15.055291175842285,92.3153076171875
2010-11-12,12.88253116607666,18.71587371826172,9.154988288879395,24.267763137817383,9.911787033081055,18.916738510131836,9.229262351989746,23.788837432861328,14.89808464050293,91.22248077392578
2010-11-15,12.7809476852417,18.620712280273438,9.197877883911133,24.342641830444336,9.883278846740723,18.923330307006836,9.261659622192383,23.79652976989746,14.869123458862305,91.09344482421875
2010-11-16,12.50523567199707,18.272804260253906,9.044684410095215,23.95327377319336,9.704100608825684,18.71248435974121,9.15269660949707,23.450428009033203,14.666397094726562,89.67427062988281
2010-11-17,12.501605987548828,18.347145080566406,8.983407020568848,23.968250274658203,9.708174705505371,18.719072341918945,9.149752616882324,23.488882064819336,14.79465389251709,89.71981048583984
2010-11-18,12.737417221069336,18.751554489135742,9.105965614318848,24.454952239990234,9.871064186096191,18.969453811645508,9.202762603759766,23.81960678100586,14.922904968261719,91.04032897949219
2010-11-19,12.838994979858398,18.909162521362305,9.105965614318848,24.52983283996582,9.899571418762207,18.982620239257812,9.167423248291016,23.842674255371094,14.99323558807373,91.29077911376953
2010-11-22,12.871647834777832,18.849689483642578,8.971150398254395,24.477418899536133,9.956579208374023,18.982620239257812,9.193924903869629,23.85036849975586,15.063567161560059,91.21488952636719
2010-11-23,12.624954223632812,18.4809627532959,8.830211639404297,24.14046859741211,9.809979438781738,18.758602142333984,9.093798637390137,23.5042667388916,14.84016227722168,89.89435577392578
2010-11-24,12.868021011352539,18.814006805419922,8.965025901794434,24.687074661254883,9.97286605834961,18.9035587310791,9.149752616882324,23.72731590270996,15.146306991577148,91.22248077392578
2010-11-26,12.650346755981445,18.588010787963867,8.836342811584473,24.484901428222656,9.875134468078613,18.778371810913086,9.087908744812012,23.519649505615234,15.022197723388672,90.15998077392578
2010-11-29,12.759177207946777,18.712902069091797,8.909873008728027,24.477418899536133,9.85070514678955,18.745424270629883,9.070240020751953,23.49656867980957,14.989102363586426,90.4332046508789
2010-11-30,12.766438484191895,18.64748191833496,8.860851287841797,24.417516708374023,9.752974510192871,18.659767150878906,9.05846118927002,23.281225204467773,14.956008911132812,89.92472076416016
2010-12-01,13.114717483520508,19.200576782226562,9.03856086730957,25.046489715576172,9.960649490356445,18.962867736816406,9.164477348327637,23.72731590270996,15.274559020996094,91.83719635009766
2010-12-02,13.31424331665039,19.48603630065918,9.271417617797852,25.43585205078125,10.07874584197998,18.976032257080078,9.190978050231934,23.911901473999023,15.473151206970215,93.01351165771484
2010-12-03,13.426706314086914,19.572267532348633,9.302054405212402,25.48826026916504,10.103175163269043,18.982620239257812,9.211597442626953,23.911901473999023,15.481429100036621,93.26396179199219
2010-12-06,13.448477745056152,19.637691497802734,9.289800643920898,25.473289489746094,10.103175163269043,18.936500549316406,9.185091972351074,23.758071899414062,15.49797534942627,93.16531372070312
2010-12-07,13.4666166305542,19.56334686279297,9.302054405212402,25.54067611694336,10.115399360656738,19.04192352294922,9.123250007629395,23.773452758789062,15.506247520446777,93.21842956542969
2010-12-08,13.325127601623535,19.47117042541504,9.45525074005127,25.450828552246094,10.200916290283203,19.11441421508789,9.090853691101074,23.79652976989746,15.464887619018555,93.5599365234375
2010-12-09,13.397684097290039,19.515771865844727,9.571677207946777,25.525699615478516,10.209060668945312,19.167118072509766,9.129136085510254,23.834983825683594,15.485565185546875,93.92423248291016
2010-12-10,13.513776779174805,19.596057891845703,9.65746784210205,25.757827758789062,10.257926940917969,19.200063705444336,9.164477348327637,24.065719604492188,15.539351463317871,94.47065734863281
2010-12-13,13.586333274841309,19.7625789642334,9.65134048461914,25.772796630859375,10.237561225891113,19.200063705444336,9.208653450012207,24.10417366027832,15.464887619018555,94.5313720703125
2010-12-14,13.575446128845215,19.670398712158203,9.5655517578125,25.892601013183594,10.253851890563965,19.292308807373047,9.232210159301758,24.350299835205078,15.460739135742188,94.61488342285156
2010-12-15,13.502894401550293,19.56334686279297,9.48589038848877,25.78776741027832,10.213127136230469,19.312074661254883,9.15269660949707,24.273386001586914,15.411091804504395,94.18225860595703
2010-12-16,13.629870414733887,19.673376083374023,9.498143196105957,26.072311401367188,10.22942066192627,19.483386993408203,9.23515510559082,24.442596435546875,15.522796630859375,94.72872161865234
2010-12-17,13.737035751342773,19.680248260498047,9.551034927368164,25.99479103088379,10.249850273132324,19.51396369934082,9.283132553100586,24.48434066772461,15.547767639160156,94.83016967773438
2010-12-20,13.780915260314941,19.808677673339844,9.557182312011719,25.987258911132812,10.258028030395508,19.4940185546875,9.295055389404297,24.476606369018555,15.639325141906738,95.05902862548828
2010-12-21,13.919900894165039,20.0087947845459,9.723237991333008,26.197998046875,10.319328308105469,19.447490692138672,9.298033714294434,24.414758682250977,15.705915451049805,95.6617431640625
2010-12-22,13.912582397460938,20.077484130859375,9.83393669128418,26.25819969177246,10.3070707321167,19.53389549255371,9.33975601196289,24.48434066772461,15.726712226867676,95.9592514038086
2010-12-23,13.949152946472168,20.134246826171875,9.760136604309082,26.205516815185547,10.302980422973633,19.54054069519043,9.345717430114746,24.468875885009766,15.660135269165039,95.82195281982422
2010-12-27,13.971101760864258,20.062564849853516,9.846235275268555,26.25066375732422,10.323419570922852,19.447490692138672,9.351679801940918,24.422489166259766,15.614354133605957,95.86006927490234
2010-12-28,14.000359535217285,20.137229919433594,9.846235275268555,26.235614776611328,10.311155319213867,19.500667572021484,9.38446044921875,24.437955856323242,15.581064224243164,95.99739837646484
2010-12-29,14.058876037597656,20.33734893798828,9.827786445617676,26.25819969177246,10.331591606140137,19.507307052612305,9.351679801940918,24.445682525634766,15.630999565124512,96.0660629272461
2010-12-30,14.058876037597656,20.355276107788086,9.797036170959473,26.21304702758789,10.3070707321167,19.474075317382812,9.336773872375488,24.360645294189453,15.601866722106934,95.91350555419922
2010-12-31,14.047904014587402,20.38513946533203,9.809337615966797,26.24313735961914,10.294809341430664,19.48072624206543,9.33975601196289,24.352909088134766,15.56856918334961,95.93640899658203
2011-01-03,14.161284446716309,20.53746795654297,10.024591445922852,26.43130111694336,10.409239768981934,19.507307052612305,9.38446044921875,24.57710838317871,15.751683235168457,96.9281997680664
2011-01-04,14.066186904907227,20.361244201660156,10.012290954589844,26.393665313720703,10.45010757446289,19.454139709472656,9.429165840148926,24.654422760009766,15.664294242858887,96.87476348876953
2011-01-05,14.09911060333252,20.44188117980957,10.129140853881836,26.52913475036621,10.511406898498535,19.460792541503906,9.369559288024902,24.708538055419922,15.793302536010742,97.37831115722656
2011-01-06,14.025961875915527,20.247737884521484,10.061488151550293,26.483976364135742,10.572717666625977,19.394325256347656,9.378497123718262,24.809040069580078,15.697587013244629,97.18756103515625
2011-01-07,14.011334419250488,20.39409065246582,9.97538948059082,26.536659240722656,10.523670196533203,19.29463005065918,9.411279678344727,24.79358673095703,15.689261436462402,96.99683380126953
2011-01-10,14.029618263244629,20.31345558166504,9.950791358947754,26.57429313659668,10.531847953796387,19.30791473388672,9.360617637634277,24.724002838134766,15.676774024963379,96.87476348876953
2011-01-11,14.142992973327637,20.65096664428711,9.987687110900879,26.67212677001953,10.515499114990234,19.29463005065918,9.375520706176758,24.847698211669922,15.67261791229248,97.21808624267578
2011-01-12,14.281970977783203,20.934709548950195,10.153738021850586,26.890382766723633,10.609495162963867,19.454139709472656,9.423203468322754,24.979124069213867,15.710068702697754,98.09542083740234
2011-01-13,14.157632827758789,20.874980926513672,10.1229887008667,26.920494079589844,10.601325988769531,19.4940185546875,9.41425895690918,24.847698211669922,15.685100555419922,97.93521118164062
2011-01-14,14.19054126739502,21.101974487304688,10.282889366149902,27.025854110717773,10.695321083068848,19.4940185546875,9.458963394165039,24.878620147705078,15.780810356140137,98.64473724365234
2011-01-18,14.267346382141113,21.23339080810547,10.221390724182129,27.22152328491211,10.707579612731934,19.507307052612305,9.482802391052246,24.97139549255371,15.826597213745117,98.81255340576172
2011-01-19,13.938185691833496,20.976530075073242,9.993837356567383,26.935535430908203,10.62993049621582,19.467437744140625,9.458963394165039,24.801319122314453,15.668456077575684,97.84369659423828
2011-01-20,13.74068546295166,20.827192306518555,10.04304027557373,26.800077438354492,10.572717666625977,19.56712532043457,9.530486106872559,24.863155364990234,15.701751708984375,97.71397399902344
2011-01-21,13.707769393920898,20.937700271606445,10.1229887008667,27.018335342407227,10.511406898498535,19.600364685058594,9.521544456481934,24.8863525390625,15.739204406738281,97.93521118164062
2011-01-24,13.854063034057617,21.01535987854004,10.110688209533691,27.274200439453125,10.658538818359375,19.63359832763672,9.575188636779785,24.855426788330078,15.80162239074707,98.4921646118164
2011-01-25,13.87235164642334,20.95562171936035,10.092242240905762,27.244098663330078,10.707579612731934,19.700054168701172,9.560286521911621,24.855426788330078,15.809947967529297,98.54553985595703
2011-01-26,14.164936065673828,21.457408905029297,10.086089134216309,27.402151107788086,10.768887519836426,19.646881103515625,9.524523735046387,24.82451057434082,15.834924697875977,98.92701721191406
2011-01-27,14.047904014587402,21.331958770751953,10.172191619873047,27.500003814697266,10.805667877197266,19.447490692138672,9.560286521911621,24.8863525390625,15.95976734161377,99.17113494873047
2011-01-28,13.828463554382324,21.239360809326172,9.993837356567383,26.96563720703125,10.556367874145508,19.261388778686523,9.43214225769043,24.437955856323242,15.43957233428955,97.4393310546875
2011-01-31,14.058876037597656,21.84868812561035,10.086089134216309,27.274200439453125,10.621757507324219,19.194931030273438,9.453001976013184,24.492067337036133,15.472860336303711,98.17171478271484
2011-02-01,14.435580253601074,22.204118728637695,10.295194625854492,27.658021926879883,10.801583290100098,19.334501266479492,9.548367500305176,24.932737350463867,15.655966758728027,99.74332427978516
2011-02-02,14.409980773925781,22.186195373535156,10.215241432189941,27.56772232055664,10.822014808654785,19.261388778686523,9.49770450592041,24.847698211669922,15.610191345214844,99.55258178710938
2011-02-03,14.47215747833252,22.198144912719727,10.221390724182129,27.582761764526367,10.838362693786621,19.361083984375,9.536446571350098,24.878620147705078,15.793302536010742,99.77384185791016
2011-02-04,14.475821495056152,22.141389846801758,10.215241432189941,27.68061637878418,10.907837867736816,19.474075317382812,9.476842880249023,24.994590759277344,15.901496887207031,100.05610656738281
2011-02-07,14.552619934082031,22.269826889038086,10.36284065246582,27.944026947021484,10.960968017578125,19.500667572021484,9.53942584991455,24.95592498779297,15.984735488891602,100.68171691894531
2011-02-08,14.600162506103516,22.19515609741211,10.436641693115234,28.132177352905273,11.005924224853516,19.593721389770508,9.536446571350098,25.025514602661133,16.176164627075195,101.1394271850586
2011-02-09,14.468499183654785,21.91439437866211,10.36284065246582,28.124643325805664,10.98548698425293,19.626949310302734,9.536446571350098,24.97139549255371,16.28437614440918,100.91059875488281
2011-02-10,14.494099617004395,22.138404846191406,10.36284065246582,28.27515983581543,10.936450958251953,19.5538330078125,9.554327964782715,24.979124069213867,16.30517578125,100.94877624511719
2011-02-11,14.574557304382324,22.135419845581055,10.504292488098145,28.48590087890625,10.993659019470215,19.66017723083496,9.536446571350098,25.033245086669922,16.47164535522461,101.55143737792969
2011-02-14,14.731831550598145,22.62226676940918,10.510444641113281,28.455799102783203,11.010008811950684,19.573776245117188,9.467904090881348,25.1182861328125,16.405061721801758,101.79556274414062
2011-02-15,14.563586235046387,22.386308670043945,10.498144149780273,28.350419998168945,10.969141006469727,19.56712532043457,9.49770450592041,25.064170837402344,16.425870895385742,101.47512817382812
2011-02-16,14.753776550292969,22.684995651245117,10.55349349975586,28.48590087890625,11.030445098876953,19.620296478271484,9.476842880249023,25.195598602294922,16.559036254882812,102.11595916748047
2011-02-17,14.885440826416016,22.90900993347168,10.541190147399902,28.553625106811523,11.050877571105957,19.753231048583984,9.494723320007324,25.303829193115234,16.56320571899414,102.42113494873047
2011-02-18,14.720856666564941,23.004581451416016,10.56579303741455,28.62887954711914,11.034529685974121,19.806400299072266,9.509624481201172,25.365686416625977,16.65059471130371,102.63475799560547
2011-02-22,14.24905776977539,22.780567169189453,10.239839553833008,27.801027297973633,10.76479721069336,19.666820526123047,9.467904090881348,24.979124069213867,16.25107765197754,100.57491302490234
2011-02-23,14.142992973327637,23.243541717529297,10.19679069519043,27.311845779418945,10.638106346130371,19.620296478271484,9.447041511535645,24.739458084106445,16.013866424560547,99.95695495605469
2011-02-24,14.069846153259277,22.91498374938965,10.172191619873047,27.469884872436523,10.674888610839844,19.54054069519043,9.411279678344727,24.82451057434082,16.109586715698242,99.88826751708984
2011-02-25,14.278313636779785,23.279375076293945,10.313642501831055,27.718246459960938,10.809754371643066,19.64023780822754,9.464923858642578,24.979124069213867,16.276052474975586,100.95633697509766
2011-02-28,14.431933403015137,23.458589553833008,10.36284065246582,27.85371208190918,10.85470962524414,19.753231048583984,9.56922721862793,25.257444381713867,16.400896072387695,101.5819320678711
2011-03-01,14.077170372009277,23.01951789855957,10.141439437866211,27.2591552734375,10.646278381347656,19.600364685058594,9.47386360168457,25.056440353393555,16.088768005371094,99.88826751708984
2011-03-02,14.128365516662598,23.15093421936035,10.079939842224121,27.394634246826172,10.711668968200684,19.54719352722168,9.48876667022705,25.13374137878418,16.151201248168945,100.10189056396484
2011-03-03,14.413642883300781,23.548192977905273,10.289040565490723,28.05691909790039,10.883317947387695,19.74658203125,9.596046447753906,25.65172576904297,16.43834686279297,101.82610321044922
2011-03-04,14.281970977783203,23.398845672607422,10.159892082214355,27.725770950317383,10.797494888305664,19.66017723083496,9.53942584991455,25.613073348999023,16.31766700744629,101.06315612792969
2011-03-07,14.036932945251465,23.23457908630371,10.092242240905762,27.469884872436523,10.658538818359375,19.607011795043945,9.575188636779785,25.4197940826416,16.15536117553711,100.26971435546875
2011-03-08,14.197856903076172,23.043418884277344,10.313642501831055,27.898868560791016,10.74844741821289,19.77981185913086,9.682475090026855,25.558958053588867,16.28437614440918,101.14710235595703
2011-03-09,13.967440605163574,22.885114669799805,10.313642501831055,27.83864974975586,10.703495979309082,19.879507064819336,9.780817031860352,25.59761619567871,16.321834564208984,101.00213623046875
2011-03-10,13.663883209228516,22.051780700683594,10.104537963867188,27.274200439453125,10.503238677978516,19.74658203125,9.67055606842041,25.195598602294922,16.134557723999023,99.13300323486328
2011-03-11,13.865033149719238,22.434099197387695,10.172191619873047,27.597816467285156,10.544106483459473,19.759876251220703,9.691412925720215,25.2806396484375,16.23442840576172,99.81961059570312
2011-03-14,13.813838958740234,22.556562423706055,10.079939842224121,27.364521026611328,10.495065689086914,19.620296478271484,9.563267707824707,25.156936645507812,16.0346736907959,99.21688842773438
2011-03-15,13.813838958740234,22.386308670043945,9.963089942932129,27.108642578125,10.339762687683105,19.447490692138672,9.38148021697998,24.863155364990234,15.901496887207031,98.08013916015625
2011-03-16,13.535870552062988,22.02789306640625,9.778587341308594,26.604389190673828,10.086379051208496,19.1683406829834,9.235450744628906,24.430221557617188,15.630999565124512,96.26443481445312
2011-03-17,13.77725887298584,22.699928283691406,9.895442008972168,27.018335342407227,10.192639350891113,19.261388778686523,9.2473726272583,24.71626853942871,15.701751708984375,97.53849029541016
2011-03-18,13.844779014587402,22.593544006347656,10.03232479095459,27.189918518066406,10.210677146911621,19.417802810668945,9.293415069580078,24.828880310058594,15.691727638244629,97.89328002929688
2011-03-21,14.083290100097656,23.279827117919922,10.081656455993652,27.787080764770508,10.382908821105957,19.658443450927734,9.401763916015625,25.0385684967041,15.933905601501465,99.41041564941406
2011-03-22,14.050268173217773,23.228879928588867,10.026161193847656,27.5678653717041,10.366506576538086,19.631694793701172,9.416810989379883,25.023040771484375,15.80864429473877,99.06558990478516
2011-03-23,14.255753517150879,23.288816452026367,10.001498222351074,27.65857696533203,10.423912048339844,19.66512107849121,9.410789489746094,25.00750160217285,15.946430206298828,99.34911346435547
2011-03-24,14.318133354187012,23.372726440429688,10.050827980041504,27.945825576782227,10.587942123413086,19.845592498779297,9.449913024902344,25.30262565612793,16.180265426635742,100.29923248291016
2011-03-25,14.395190238952637,23.58251190185547,10.075490951538086,28.044084548950195,10.612545013427734,19.845592498779297,9.446901321411133,25.37251853942871,16.20949363708496,100.605712890625
2011-03-28,14.329136848449707,23.525588989257812,10.044659614562988,28.021406173706055,10.587942123413086,19.838909149169922,9.413801193237305,25.364749908447266,16.042469024658203,100.36050415039062
2011-03-29,14.479595184326172,23.813276290893555,10.06315803527832,28.2481746673584,10.66175365447998,19.932483673095703,9.50709342956543,25.512317657470703,16.188617706298828,101.03480529785156
2011-03-30,14.630032539367676,23.97810173034668,10.143315315246582,28.361574172973633,10.706859588623047,20.039445877075195,9.615439414978027,25.69870376586914,16.363996505737305,101.73204803466797
2011-03-31,14.68508243560791,23.90018081665039,10.106318473815918,28.474945068359375,10.686358451843262,19.99933433532715,9.591362953186035,25.71424102783203,16.305530548095703,101.59413146972656
2011-04-01,14.740113258361816,23.97211265563965,10.192649841308594,28.70927619934082,10.665853500366211,20.099605560302734,9.666601181030273,25.846267700195312,16.40991973876953,102.0232162475586
2011-04-04,14.835522651672363,23.987089157104492,10.180313110351562,28.74709129333496,10.628948211669922,20.13970375061035,9.660578727722168,26.001590728759766,16.447500228881836,102.10750579833984
2011-04-05,15.01165771484375,24.059011459350586,10.174145698547363,28.64124870300293,10.612545013427734,20.15976333618164,9.621458053588867,25.885099411010742,16.501779556274414,102.09217071533203
2011-04-06,14.886899948120117,23.807270050048828,10.291304588317871,28.671480178833008,10.69045639038086,20.253345489501953,9.690673828125,25.93946075439453,16.472553253173828,102.41400909423828
2011-04-07,14.857535362243652,23.807270050048828,10.241976737976074,28.535432815551758,10.694559097290039,20.280073165893555,9.651548385620117,25.89286994934082,16.405746459960938,102.15348052978516
2011-04-08,14.751129150390625,23.89119529724121,10.149483680725098,28.285980224609375,10.633050918579102,20.21991729736328,9.624465942382812,25.877328872680664,16.30970573425293,101.80101776123047
2011-04-11,14.586002349853516,23.420679092407227,10.149483680725098,28.2632999420166,10.616647720336914,20.32686996459961,9.498063087463379,26.02488899230957,16.313886642456055,101.49454498291016
2011-04-12,14.387852668762207,22.695438385009766,10.112485885620117,28.051647186279297,10.530533790588379,20.39370346069336,9.473990440368652,25.993833541870117,16.293006896972656,100.73595428466797
2011-04-13,14.303459167480469,22.788345336914062,10.038492202758789,27.96848487854004,10.59614086151123,20.407072067260742,9.498063087463379,25.970521926879883,16.3472957611084,100.72831726074219
2011-04-14,14.347485542297363,22.94417381286621,9.94599723815918,27.96848487854004,10.575641632080078,20.527389526367188,9.555245399475098,26.110321044921875,16.30970573425293,100.80493927001953
2011-04-15,14.442898750305176,23.132976531982422,9.952169418334961,28.0667724609375,10.555136680603027,20.61429214477539,9.660578727722168,26.343307495117188,16.3890438079834,101.17276763916016
2011-04-18,14.241079330444336,22.788345336914062,9.816513061523438,27.6661376953125,10.46081829071045,20.500659942626953,9.576314926147461,26.048194885253906,16.242900848388672,100.03868865966797
2011-04-19,14.494264602661133,23.01910400390625,9.847346305847168,27.908018112182617,10.489524841308594,20.540760040283203,9.579324722290039,26.265647888183594,16.28047752380371,100.6133804321289
2011-04-20,14.68508243560791,23.561542510986328,9.872007369995117,28.361574172973633,10.71096420288086,20.647705078125,9.702713012695312,26.52193260192871,16.57276725769043,101.98493194580078
2011-04-21,14.842866897583008,23.669422149658203,9.927502632141113,28.444726943969727,10.805280685424805,20.654396057128906,9.702713012695312,26.59960174560547,16.664627075195312,102.50592803955078
2011-04-25,14.72911262512207,23.546545028686523,9.915170669555664,28.361574172973633,10.813481330871582,20.600921630859375,9.714749336242676,26.63066864013672,16.647932052612305,102.398681640625
2011-04-26,14.894237518310547,23.780303955078125,9.976832389831543,28.905820846557617,10.903694152832031,20.741289138793945,9.793002128601074,26.94131088256836,16.677160263061523,103.27985382080078
2011-04-27,14.94194507598877,23.768321990966797,10.038492202758789,29.034311294555664,10.969305038452148,20.874975204467773,9.871245384216309,27.244197845458984,16.877582550048828,103.9541244506836
2011-04-28,14.938267707824707,23.765331268310547,10.11865234375,29.132585525512695,10.973410606384277,21.008663177490234,9.95852279663086,27.383987426757812,16.944393157958984,104.29126739501953
2011-04-29,14.996976852416992,24.118959426879883,10.100154876708984,29.253541946411133,10.965203285217285,21.06881332397461,9.979592323303223,27.36846923828125,16.931867599487305,104.53646087646484
2011-05-02,14.890565872192383,23.79829216003418,10.056992530822754,29.208175659179688,10.924199104309082,21.095558166503906,9.982598304748535,27.648048400878906,16.990320205688477,104.37553405761719
2011-05-03,14.754796028137207,23.20191192626953,10.100154876708984,29.087236404418945,10.92829704284668,21.149030685424805,10.045799255371094,27.57815933227539,16.894287109375,104.0000991821289
2011-05-04,14.494264602661133,22.791336059570312,10.013826370239258,28.663915634155273,10.895492553710938,21.122295379638672,10.033761024475098,27.55485725402832,16.856704711914062,103.31047058105469
2011-05-05,14.321803092956543,22.31783103942871,9.8843355178833,28.527877807617188,10.83808708190918,20.961872100830078,9.961533546447754,27.376237869262695,16.81077003479004,102.37568664550781
2011-05-06,14.439227104187012,22.41672706604004,9.933666229248047,28.777313232421875,10.858587265014648,21.01534652709961,10.018714904785156,27.570384979248047,16.823301315307617,102.82781219482422
2011-05-09,14.6483793258667,22.80931854248047,9.909004211425781,28.89825439453125,10.903694152832031,21.088869094848633,10.03978157043457,27.725704193115234,16.84418487548828,103.2262191772461
2011-05-10,14.773143768310547,22.917207717895508,10.001498222351074,29.162830352783203,11.002113342285156,21.21587562561035,10.184240341186523,27.896570205688477,17.061307907104492,104.10735321044922
2011-05-11,14.38051700592041,22.254892349243164,9.86584186553955,28.769752502441406,10.903694152832031,21.175769805908203,10.151131629943848,27.849985122680664,16.898468017578125,103.01168823242188
2011-05-12,14.365840911865234,22.221933364868164,9.86584186553955,28.830232620239258,10.985708236694336,21.489925384521484,10.253458023071289,28.106266021728516,17.06548309326172,103.5020523071289
2011-05-13,14.182365417480469,22.114038467407227,9.724020004272461,28.482515335083008,10.850383758544922,21.46319007873535,10.205303192138672,28.020830154418945,16.9360408782959,102.70516967773438
2011-05-16,14.130989074707031,21.946210861206055,9.711687088012695,28.37668228149414,10.694559097290039,21.46987533569336,10.21734619140625,28.067424774169922,16.710559844970703,102.05388641357422
2011-05-17,13.965874671936035,21.946210861206055,9.785682678222656,27.99117660522461,10.694559097290039,21.516672134399414,10.292582511901855,28.067424774169922,16.727262496948242,102.0385513305664
2011-05-18,14.277769088745117,22.389753341674805,9.82884407043457,28.369125366210938,10.772472381591797,21.55008888244629,10.259478569030762,28.284894943237305,16.92351531982422,102.95036315917969
2011-05-19,14.274101257324219,22.392749786376953,9.82884407043457,28.550552368164062,10.792976379394531,21.67040252685547,10.283553123474121,28.222759246826172,16.977794647216797,103.19554138183594
2011-05-20,14.130989074707031,22.36577606201172,9.69318962097168,28.2481746673584,10.731465339660645,21.603567123413086,10.271517753601074,27.989761352539062,16.814950942993164,102.37568664550781
2011-05-23,13.984220504760742,22.018136978149414,9.557533264160156,27.847553253173828,10.579739570617676,21.456506729125977,10.151131629943848,27.702417373657227,16.656278610229492,101.18803405761719
2011-05-24,14.053934097290039,22.329818725585938,9.545202255249023,27.703929901123047,10.546929359436035,21.436450958251953,10.142106056213379,27.624752044677734,16.57276725769043,101.103759765625
2011-05-25,14.252087593078613,22.707422256469727,9.55136775970459,27.938264846801758,10.579739570617676,21.296085357666016,10.121041297912598,27.6635799407959,16.57694435119629,101.44090270996094
2011-05-26,14.285114288330078,22.821311950683594,9.60069465637207,28.051647186279297,10.64945125579834,21.329505920410156,10.118029594421387,27.702417373657227,16.727262496948242,101.90831756591797
2011-05-27,14.439227104187012,22.878238677978516,9.668525695800781,28.187719345092773,10.702759742736816,21.416404724121094,10.118029594421387,27.717945098876953,16.76902198791504,102.29904174804688
2011-05-31,14.586002349853516,23.109006881713867,9.767184257507324,28.444726943969727,10.850383758544922,21.596878051757812,10.193268775939941,28.04412841796875,16.885934829711914,103.36415100097656
2011-06-01,14.130989074707031,22.557580947875977,9.440377235412598,27.51496124267578,10.624850273132324,21.376291275024414,10.087933540344238,27.655818939208984,16.501779556274414,101.0424575805664
2011-06-02,14.153007507324219,22.5485897064209,9.446541786193848,27.65857696533203,10.633050918579102,21.12898063659668,10.05783748626709,27.593687057495117,16.46420669555664,100.93518829345703
2011-06-03,13.973210334777832,22.55458641052246,9.384881019592285,27.288188934326172,10.473124504089355,20.928447723388672,9.988618850708008,27.329627990722656,16.251243591308594,99.93143463134766
2011-06-06,13.833768844604492,22.045108795166016,9.206058502197266,27.091651916503906,10.395208358764648,20.821502685546875,9.943475723266602,27.166534423828125,16.080055236816406,98.8740234375
2011-06-07,13.885136604309082,22.045108795166016,9.187562942504883,27.076526641845703,10.36240291595459,20.774707794189453,9.955514907836914,27.220903396606445,16.096750259399414,98.8127670288086
2011-06-08,13.742032051086426,22.111045837402344,9.101235389709473,26.842185974121094,10.292695045471191,20.788082122802734,9.979592323303223,27.251962661743164,15.971489906311035,98.39897155761719
2011-06-09,13.969538688659668,22.410736083984375,9.206058502197266,27.04629898071289,10.300895690917969,20.901708602905273,9.988618850708008,27.53932762145996,16.105106353759766,99.14987182617188
2011-06-10,13.793403625488281,21.976181030273438,9.144403457641602,26.615419387817383,10.157373428344727,20.66108512878418,9.922411918640137,27.034507751464844,15.80864429473877,97.77066040039062
2011-06-13,13.712674140930176,21.628541946411133,9.236892700195312,26.622983932495117,10.165575981140137,20.754657745361328,9.967552185058594,27.166534423828125,15.787761688232422,97.8472900390625
2011-06-14,13.976875305175781,22.090076446533203,9.286222457885742,27.129444122314453,10.292695045471191,20.97524070739746,10.006671905517578,27.3995361328125,16.067523956298828,99.08856964111328
2011-06-15,13.653966903686523,21.583595275878906,9.082740783691406,26.721240997314453,10.099960327148438,20.66108512878418,9.883283615112305,27.026744842529297,15.821173667907715,97.32625579833984
2011-06-16,13.521866798400879,21.616548538208008,9.13206672668457,26.81197166442871,10.075358390808105,20.82818603515625,9.961533546447754,27.07334327697754,15.78358268737793,97.54080200195312
2011-06-17,13.520028114318848,21.56090545654297,9.214370727539062,26.929710388183594,10.066301345825195,20.960790634155273,10.029635429382324,27.135780334472656,15.90217113494873,97.8318862915039
2011-06-20,13.634411811828613,21.62107276916504,9.208184242248535,27.165205001831055,10.103351593017578,21.1156063079834,10.08739948272705,27.408931732177734,16.032068252563477,98.33238220214844
2011-06-21,13.984957695007324,22.051198959350586,9.338139533996582,27.59060287475586,10.284504890441895,21.095409393310547,10.093478202819824,27.580625534057617,16.358922958374023,99.67992401123047
2011-06-22,13.925921440124512,21.988035202026367,9.282443046569824,27.438671112060547,10.210396766662598,20.960790634155273,10.026594161987305,27.416738510131836,16.23321533203125,99.07933044433594
2011-06-23,13.914850234985352,21.747394561767578,9.189619064331055,27.377901077270508,10.280388832092285,20.772319793701172,9.94146728515625,27.385515213012695,16.29187774658203,98.79440307617188
2011-06-24,13.826292991638184,21.335309982299805,9.133925437927246,27.066452026367188,10.103351593017578,20.604036331176758,9.971868515014648,27.065540313720703,16.13264274597168,97.64706420898438
2011-06-27,13.855810165405273,21.449609756469727,9.226747512817383,27.27915382385254,10.239213943481445,20.69827651977539,10.044835090637207,27.206016540527344,16.329586029052734,98.51721954345703
2011-06-28,14.125179290771484,22.075275421142578,9.270069122314453,27.704551696777344,10.36684513092041,20.738662719726562,10.090437889099121,27.588428497314453,16.63966941833496,99.80313873291016
2011-06-29,14.350264549255371,22.333948135375977,9.461910247802734,27.848894119262695,10.449190139770508,20.859825134277344,10.15732192993164,27.643070220947266,16.715089797973633,100.65785217285156
2011-06-30,14.527388572692871,22.664819717407227,9.49903392791748,28.289487838745117,10.58093547821045,21.0213680267334,10.178606033325195,27.72890853881836,16.84917640686035,101.6203842163086
2011-07-01,14.660219192504883,22.878381729125977,9.672303199768066,28.798450469970703,10.75385570526123,21.18292236328125,10.300213813781738,28.064498901367188,17.188600540161133,103.1219711303711
2011-07-05,14.67867374420166,23.019756317138672,9.585671424865723,28.638912200927734,10.770322799682617,21.176183700561523,10.239408493041992,27.9864559173584,17.264020919799805,103.0372543334961
2011-07-06,14.73770523071289,22.977642059326172,9.53615951538086,28.790849685668945,10.819730758666992,21.290613174438477,10.260690689086914,28.064498901367188,17.201168060302734,103.16045379638672
2011-07-07,14.9591064453125,23.323558807373047,9.690873146057129,29.094715118408203,10.951478004455566,21.438697814941406,10.303252220153809,28.048900604248047,17.440019607543945,104.23081970214844
2011-07-08,14.844721794128418,23.128047943115234,9.567110061645508,28.730091094970703,10.897954940795898,21.364654541015625,10.263731956481934,27.92401885986328,17.335254669189453,103.49156951904297
2011-07-11,14.545830726623535,22.580598831176758,9.307198524475098,28.19832992553711,10.716800689697266,21.2098388671875,10.154285430908203,27.54159927368164,17.000032424926758,101.6203842163086
2011-07-12,14.486790657043457,22.496379852294922,9.270069122314453,27.92485809326172,10.622109413146973,21.14252471923828,10.199886322021484,27.54159927368164,16.916227340698242,101.1814956665039
2011-07-13,14.612251281738281,22.664819717407227,9.276254653930664,28.03880500793457,10.646814346313477,21.14252471923828,10.172524452209473,27.650876998901367,17.00423240661621,101.52029418945312
2011-07-14,14.472028732299805,22.514421463012695,9.208184242248535,27.734943389892578,10.556236267089844,21.04829216003418,10.12691879272461,27.604042053222656,16.874324798583984,100.8195571899414
2011-07-15,14.601181030273438,23.119022369384766,9.189619064331055,27.757736206054688,10.671514511108398,21.10887908935547,10.142121315002441,27.46355438232422,16.882709503173828,101.40481567382812
2011-07-18,14.427751541137695,23.040817260742188,9.0658540725708,27.446273803710938,10.634458541870117,20.974252700805664,10.044835090637207,27.26064682006836,16.719280242919922,100.57317352294922
2011-07-19,14.645463943481445,23.461931228637695,9.177242279052734,27.803312301635742,10.889717102050781,21.263681411743164,10.133004188537598,27.502582550048828,17.04193115234375,102.20560455322266
2011-07-20,14.634392738342285,23.401771545410156,9.282443046569824,27.856489181518555,10.856781005859375,21.230024337768555,10.193805694580078,27.408931732177734,16.953937530517578,102.14402770996094
2011-07-21,14.811513900756836,23.861982345581055,9.505219459533691,28.274295806884766,10.906190872192383,21.405046463012695,10.345812797546387,27.82257080078125,17.150890350341797,103.56083679199219
2011-07-22,14.741398811340332,23.9822998046875,9.480469703674316,27.97803497314453,11.000883102416992,21.364654541015625,10.281970977783203,27.77573013305664,17.21792984008789,103.63017272949219
2011-07-25,14.704496383666992,23.886049270629883,9.412400245666504,27.96284294128418,10.972058296203613,21.169448852539062,10.318455696105957,27.486974716186523,17.104780197143555,103.05266571044922
2011-07-26,14.545830726623535,23.771743774414062,9.400016784667969,27.446273803710938,11.021464347839355,21.1156063079834,10.281970977783203,27.268455505371094,17.075458526611328,102.66767120361328
2011-07-27,14.213735580444336,23.323558807373047,9.177242279052734,26.701818466186523,10.729148864746094,20.886743545532227,10.251568794250488,26.79237937927246,16.7779483795166,100.56549072265625
2011-07-28,14.184212684631348,23.227304458618164,9.183429718017578,26.473922729492188,10.712686538696289,20.886743545532227,10.187726974487305,26.76897430419922,16.69413948059082,100.27286529541016
2011-07-29,14.02554988861084,22.99570083618164,9.158677101135254,26.34477424621582,10.626224517822266,20.75213050842285,10.084355354309082,26.628498077392578,16.614519119262695,99.58753967285156
2011-08-01,13.977575302124023,22.96259880065918,9.127737045288086,26.177642822265625,10.617989540100098,20.678089141845703,10.114761352539062,26.175840377807617,16.526535034179688,99.16403198242188
2011-08-02,13.545849800109863,22.321914672851562,8.880206108093262,25.26606559753418,10.395668029785156,20.408843994140625,9.94146728515625,25.613922119140625,15.90217113494873,96.6306381225586
2011-08-03,13.615965843200684,22.195592880249023,8.923523902893066,25.493968963623047,10.502714157104492,20.48960304260254,9.94146728515625,25.6607608795166,16.019500732421875,97.15425109863281
2011-08-04,12.69347095489502,20.673568725585938,8.471780776977539,24.126588821411133,10.07864761352539,19.850143432617188,9.616166114807129,24.638385772705078,15.240110397338867,92.60337829589844
2011-08-05,12.663949012756348,20.47504425048828,8.310884475708008,24.126588821411133,10.01689338684082,20.132850646972656,9.695210456848145,24.825687408447266,15.227543830871582,92.46478271484375
2011-08-08,11.737768173217773,18.733444213867188,7.524969100952148,22.42496109008789,9.452851295471191,19.372241973876953,9.18142032623291,23.553569793701172,14.272147178649902,86.44316101074219
2011-08-09,12.461004257202148,19.686962127685547,8.106668472290039,23.534055709838867,9.885148048400879,19.843425750732422,9.482398986816406,24.41205406188965,14.934215545654297,90.46271514892578
2011-08-10,12.032974243164062,19.00716781616211,7.543532848358154,22.333812713623047,9.49814224243164,19.082801818847656,9.303023338317871,23.381879806518555,14.297290802001953,86.46627807617188
2011-08-11,12.62705135345459,19.993770599365234,7.964335918426514,23.397323608398438,9.860444068908691,19.648221969604492,9.695210456848145,24.451078414916992,14.930021286010742,90.34722900390625
2011-08-12,12.708230018615723,20.141162872314453,7.9086432456970215,23.853107452392578,9.930438041687012,19.883800506591797,9.637446403503418,24.693010330200195,15.114398002624512,90.95553588867188
2011-08-15,12.911179542541504,20.82096290588379,8.16236400604248,24.21015167236328,10.10746955871582,20.1665096282959,9.965788841247559,25.106643676757812,15.33648681640625,92.8805923461914
2011-08-16,12.70454216003418,20.47504425048828,8.001468658447266,23.868303298950195,10.03336238861084,20.213632583618164,9.953629493713379,25.08323097229004,15.252680778503418,92.08748626708984
2011-08-17,12.741440773010254,20.556257247924805,8.050971031188965,23.792335510253906,9.988076210021973,20.34825325012207,10.026594161987305,25.106643676757812,15.231728553771973,92.14905548095703
2011-08-18,11.999759674072266,19.3651123046875,7.66110897064209,22.478145599365234,9.50225830078125,19.984771728515625,9.908025741577148,24.27937889099121,14.477470397949219,88.17571258544922
2011-08-19,11.807875633239746,19.022216796875,7.50640344619751,22.128704071044922,9.271705627441406,19.890533447265625,9.847221374511719,24.21694564819336,14.267956733703613,86.73579406738281
2011-08-22,11.807875633239746,18.868803024291992,7.413579940795898,22.212255477905273,9.321107864379883,19.951120376586914,9.822903633117676,24.201339721679688,14.309861183166504,86.8050765991211
2011-08-23,12.224844932556152,19.720050811767578,7.654924392700195,22.99470329284668,9.662822723388672,20.361711502075195,9.999232292175293,24.98958396911621,14.862981796264648,89.66191864013672
2011-08-24,12.398274421691895,19.837358474731445,7.85913610458374,23.45809555053711,9.749285697937012,20.44921875,10.215087890625,25.278335571289062,15.126970291137695,90.92473602294922
2011-08-25,12.26174545288086,19.41925811767578,7.834380626678467,23.01749610900879,9.609298706054688,20.139589309692383,10.047876358032227,24.849098205566406,14.825268745422363,89.53868865966797
2011-08-26,12.52004623413086,19.795246124267578,7.9024529457092285,23.496074676513672,9.798686027526855,20.30786895751953,10.032674789428711,25.161270141601562,15.13534927368164,90.84004211425781
2011-08-29,12.900106430053711,20.37277603149414,8.230435371398926,24.24053955078125,10.0457124710083,20.671342849731445,10.230289459228516,25.801233291625977,15.575331687927246,93.45042419433594
2011-08-30,13.007113456726074,20.493087768554688,8.174736022949219,24.44565200805664,10.08688735961914,20.725202560424805,10.236366271972656,25.8870792388916,15.646561622619629,93.69682312011719
2011-08-31,13.040327072143555,20.646495819091797,8.279940605163574,24.612764358520508,10.062178611755371,20.79250717163086,10.303252220153809,26.066579818725586,15.742944717407227,94.11262512207031
2011-09-01,12.863210678100586,20.490079879760742,8.094290733337402,24.21015167236328,9.951024055480957,20.718467712402344,10.236366271972656,25.894887924194336,15.550189018249512,93.12701416015625
2011-09-02,12.53480339050293,19.918575286865234,7.760122299194336,23.435298919677734,9.724580764770508,20.42229652404785,10.120841026306152,25.325164794921875,15.110206604003906,90.74762725830078
2011-09-06,12.46838665008545,19.702003479003906,7.623980522155762,23.19221305847168,9.679292678833008,20.341520309448242,10.0722017288208,25.387598037719727,15.064112663269043,90.08536529541016
2011-09-07,12.826306343078613,20.423904418945312,7.989088535308838,23.91388511657715,9.930438041687012,20.705005645751953,10.184682846069336,25.996347427368164,15.453811645507812,92.62649536132812
2011-09-08,12.656575202941895,20.186275482177734,7.8158183097839355,23.55685043334961,9.881031036376953,20.651159286499023,10.178606033325195,25.715383529663086,15.244300842285156,91.66394805908203
2011-09-09,12.239604949951172,19.51851463317871,7.568284034729004,22.926334381103516,9.671059608459473,20.19344711303711,9.971868515014648,24.95055389404297,14.842028617858887,89.2614517211914
2011-09-12,12.158429145812988,19.611759185791016,7.654924392700195,22.971906661987305,9.786337852478027,20.213632583618164,10.053956985473633,25.036401748657227,15.018022537231445,89.83900451660156
2011-09-13,12.357688903808594,19.665908813476562,7.7044267654418945,23.397323608398438,9.901617050170898,20.287675857543945,10.120841026306152,25.293949127197266,15.194012641906738,90.66292572021484
2011-09-14,12.54956340789795,19.9095516204834,7.797253608703613,23.80752944946289,10.049832344055176,20.529998779296875,10.190764427185059,25.535884857177734,15.44543743133545,91.91806030273438
2011-09-15,12.763580322265625,20.303586959838867,7.995280742645264,24.293699264526367,10.210396766662598,20.772319793701172,10.318455696105957,25.77000617980957,15.705231666564941,93.50431060791016
2011-09-16,12.805502891540527,20.259502410888672,8.020126342773438,24.422046661376953,10.32363510131836,20.907224655151367,10.43608283996582,25.908889770507812,15.880983352661133,94.05775451660156
2011-09-19,12.616310119628906,19.939407348632812,7.802698612213135,24.1928768157959,10.298835754394531,20.730958938598633,10.377729415893555,25.665664672851562,15.851556777954102,93.1211929321289
2011-09-20,12.467927932739258,19.81559944152832,7.777848243713379,24.017181396484375,10.274043083190918,20.771638870239258,10.528216361999512,25.90105628967285,15.767461776733398,93.0128173828125
2011-09-21,11.90406608581543,18.991207122802734,7.3926825523376465,23.02409553527832,10.121129989624023,20.344545364379883,10.334733963012695,25.202720642089844,15.258695602416992,90.2728271484375
2011-09-22,11.236345291137695,17.91920280456543,7.181462287902832,22.160888671875,9.807040214538574,19.958127975463867,10.15966796875,24.69270133972168,14.800393104553223,87.35480499267578
2011-09-23,11.217795372009277,17.725929260253906,7.256012916564941,22.390060424804688,9.918625831604004,19.998802185058594,10.261026382446289,24.70055389404297,15.023233413696289,87.8811264038086
2011-09-26,11.57762336730957,18.372156143188477,7.57905387878418,22.955350875854492,10.042607307434082,20.385221481323242,10.343945503234863,25.108562469482422,15.37642765045166,89.970947265625
2011-09-27,11.818748474121094,18.640914916992188,7.616323471069336,23.360218048095703,10.170722007751465,20.507244110107422,10.3808012008667,25.4930362701416,15.481545448303223,90.97718048095703
2011-09-28,11.295697212219238,18.03093147277832,7.3988938331604,22.764371871948242,10.026078224182129,20.120830535888672,10.27637767791748,25.05363655090332,15.216650009155273,89.11955261230469
2011-09-29,11.306824684143066,18.203048706054688,7.603901386260986,23.09284782409668,10.005416870117188,20.317426681518555,10.442225456237793,25.218412399291992,15.090513229370117,89.82389831542969
2011-09-30,10.891349792480469,17.66855812072754,7.336771488189697,22.321311950683594,9.753315925598145,20.107275009155273,10.325518608093262,24.89670753479004,14.657437324523926,87.57928466796875
2011-10-03,10.583454132080078,17.067628860473633,7.007518768310547,21.694908142089844,9.534279823303223,19.815763473510742,10.079818725585938,24.10422134399414,14.228555679321289,85.08694458007812
2011-10-04,10.995222091674805,17.626279830932617,7.2870707511901855,22.29839324951172,9.728522300720215,20.005577087402344,10.030679702758789,24.363155364990234,14.67845344543457,86.95231628417969
2011-10-05,11.432950973510742,18.275527954101562,7.3926825523376465,22.772016525268555,9.93102741241455,20.032699584960938,10.036819458007812,24.755468368530273,14.947556495666504,88.56227111816406
2011-10-06,11.722302436828613,18.619775772094727,7.622541904449463,23.23035430908203,10.079806327819824,20.26997184753418,10.214954376220703,25.05363655090332,15.296540260314941,90.16448211669922
2011-10-07,11.544238090515137,18.390275955200195,7.349194526672363,23.1768798828125,10.042607307434082,20.385221481323242,10.257954597473145,25.03009605407715,15.283924102783203,89.56072998046875
2011-10-10,12.030194282531738,19.223730087280273,7.728147506713867,23.986618041992188,10.352564811706543,20.703845977783203,10.457579612731934,25.602880477905273,15.80109691619873,92.55618286132812
2011-10-11,12.045035362243652,19.262981414794922,7.721935272216797,24.055374145507812,10.398025512695312,20.66317367553711,10.362371444702148,25.563657760620117,15.868372917175293,92.64901733398438
2011-10-12,12.163740158081055,19.365657806396484,7.920732498168945,24.360937118530273,10.443485260009766,20.82588005065918,10.33780574798584,25.579349517822266,16.011335372924805,93.46174621582031
2011-10-13,12.100675582885742,19.33847999572754,7.734360218048096,24.154680252075195,10.5592041015625,20.764860153198242,10.33780574798584,25.555809020996094,15.998719215393066,93.27601623535156
2011-10-14,12.419699668884277,20.111536026000977,7.827545166015625,24.59009552001953,10.74517822265625,20.92755699157715,10.43608283996582,25.799043655395508,16.2593994140625,94.87044525146484
2011-10-17,11.996809959411621,19.74614715576172,7.585261344909668,23.88731575012207,10.575735092163086,20.785198211669922,10.393085479736328,25.351806640625,15.927231788635254,93.05924224853516
2011-10-18,12.30470085144043,20.380300521850586,7.9455766677856445,24.574827194213867,10.670787811279297,20.941118240356445,10.46679401397705,25.540115356445312,16.25099754333496,94.87820434570312
2011-10-19,11.948582649230957,20.168907165527344,7.83375883102417,24.27691078186035,10.464151382446289,20.880102157592773,10.476007461547852,25.4930362701416,16.00712776184082,93.75588989257812
2011-10-20,12.059871673583984,20.325937271118164,7.951792240142822,24.483154296875,10.418688774108887,20.995349884033203,10.534364700317383,25.469501495361328,16.087007522583008,94.16612243652344
2011-10-21,12.378894805908203,20.70038414001465,8.156798362731934,24.9567813873291,10.550935745239258,21.334321975708008,10.712496757507324,25.979509353637695,16.532711029052734,95.95409393310547
2011-10-24,12.675664901733398,20.972164154052734,8.336959838867188,25.422767639160156,10.716248512268066,21.185171127319336,10.666424751281738,26.371843338012695,16.776569366455078,97.13057708740234
2011-10-25,12.352930068969727,20.534299850463867,8.088465690612793,24.903305053710938,10.546806335449219,20.934345245361328,10.546646118164062,25.838281631469727,16.41077995300293,95.24197387695312
2011-10-26,12.575501441955566,20.978208541870117,8.231348037719727,25.07901382446289,10.592268943786621,21.14449691772461,10.589646339416504,26.183517456054688,16.347707748413086,96.2094955444336
2011-10-27,13.258070945739746,21.90829086303711,8.722122192382812,26.17138671875,10.906352996826172,21.415660858154297,10.841486930847168,26.819082260131836,16.79339027404785,99.56095123291016
2011-10-28,13.350808143615723,22.056255340576172,8.728330612182617,26.17138671875,10.943550109863281,21.361431121826172,10.752418518066406,26.842618942260742,16.663055419921875,99.53771209716797
2011-10-31,12.779529571533203,21.05068016052246,8.386655807495117,25.529712677001953,10.749310493469238,21.042810440063477,10.703279495239258,26.332609176635742,16.406566619873047,97.1382827758789
2011-11-01,12.438247680664062,20.37124252319336,7.989063739776611,24.758159637451172,10.451752662658691,20.67673110961914,10.47907829284668,25.830427169799805,16.053377151489258,94.42927551269531
2011-11-02,12.746142387390137,20.98423957824707,8.225132942199707,25.247058868408203,10.579867362976074,20.873332977294922,10.66335391998291,26.003053665161133,16.217365264892578,95.96955871582031
2011-11-03,13.005819320678711,21.536855697631836,8.368017196655273,25.865833282470703,10.831966400146484,21.130937576293945,10.792346954345703,26.2855224609375,16.427595138549805,97.71882629394531
2011-11-04,12.976140022277832,21.518739700317383,8.256196022033691,25.667211532592773,10.76584243774414,21.008914947509766,10.743205070495605,26.042282104492188,16.36451530456543,97.12283325195312
2011-11-07,13.087427139282227,21.636510848999023,8.299683570861816,25.728328704833984,10.831966400146484,21.185171127319336,10.801562309265137,26.34829330444336,16.469633102416992,97.72653198242188
2011-11-08,13.243228912353516,21.989824295043945,8.45499038696289,26.018611907958984,10.955948829650879,21.39532470703125,10.872194290161133,26.66999626159668,16.629417419433594,98.9804458618164
2011-11-09,12.597763061523438,21.017457962036133,7.9952778816223145,25.01026153564453,10.575735092163086,20.893665313720703,10.635714530944824,25.90105628967285,16.036558151245117,95.32710266113281
2011-11-10,12.749849319458008,21.38285255432129,8.032552719116211,25.31581687927246,10.608796119689941,21.0970401763916,10.706353187561035,26.26983070373535,16.187923431396484,96.22496795654297
2011-11-11,13.04661750793457,21.820711135864258,8.225132942199707,25.9193058013916,10.811302185058594,21.341100692749023,10.859917640686035,26.732770919799805,16.595775604248047,98.0361557006836
2011-11-14,12.909369468688965,21.533828735351562,8.057400703430176,25.758886337280273,10.728645324707031,21.158052444458008,10.73091983795166,26.55229949951172,16.47384262084961,97.10733795166016
2011-11-15,12.935330390930176,21.50968360900879,8.094672203063965,25.911670684814453,10.873291969299316,21.25975227355957,10.749351501464844,26.61507797241211,16.532711029052734,97.58722686767578
2011-11-16,12.631149291992188,21.18656349182129,7.895884037017822,25.529712677001953,10.712117195129395,21.069921493530273,10.620353698730469,26.10505485534668,16.2215633392334,96.0392074584961
2011-11-17,12.271320343017578,20.703405380249023,7.740571022033691,25.086647033691406,10.505475997924805,20.995349884033203,10.565072059631348,25.830427169799805,15.935641288757324,94.51435852050781
2011-11-18,12.338091850280762,20.57959747314453,7.7654218673706055,25.14776039123535,10.418688774108887,21.056365966796875,10.638781547546387,25.775510787963867,15.927231788635254,94.41378021240234
2011-11-21,12.122934341430664,20.211183547973633,7.572838306427002,24.567195892333984,10.236846923828125,20.7174072265625,10.506720542907715,25.28118324279785,15.67916202545166,92.61808013916016
2011-11-22,12.030194282531738,20.02094078063965,7.5045013427734375,24.406763076782227,10.220314025878906,20.73773765563965,10.377729415893555,25.343948364257812,15.670747756958008,92.25430297851562
2011-11-23,11.711170196533203,19.41397476196289,7.299496173858643,23.84148406982422,9.976481437683105,20.514022827148438,10.214954376220703,24.975170135498047,15.359609603881836,90.2186508178711
2011-11-25,11.651816368103027,19.275062561035156,7.318132400512695,23.803285598754883,9.922760009765625,20.58859634399414,10.267163276672363,24.881019592285156,15.275514602661133,90.04835510253906
2011-11-28,12.089546203613281,19.996784210205078,7.53556489944458,24.605384826660156,10.249242782592773,20.914005279541016,10.396159172058105,25.547964096069336,15.742232322692871,92.6567611694336
2011-11-29,12.111804008483887,20.283662796020508,7.498289585113525,24.628299713134766,10.195520401000977,21.130937576293945,10.509795188903809,25.65781021118164,15.79688835144043,92.91996765136719
2011-11-30,12.805502891540527,21.400968551635742,7.958007335662842,25.888744354248047,10.588130950927734,21.625825881958008,10.813846588134766,26.58369255065918,16.288837432861328,96.74356842041016
2011-12-01,12.723889350891113,21.283199310302734,7.914518356323242,25.804712295532227,10.645991325378418,21.59192657470703,10.783133506774902,26.622920989990234,16.30145263671875,96.72807312011719
2011-12-02,12.612602233886719,21.26506996154785,8.020126342773438,25.751239776611328,10.637726783752441,21.51735496520996,10.672571182250977,26.293373107910156,16.427595138549805,96.64293670654297
2011-12-05,12.760984420776367,21.52779769897461,8.181649208068848,26.026243209838867,10.757574081420898,21.646162033081055,10.755494117736816,26.340452194213867,16.57895851135254,97.69560241699219
2011-12-06,12.879693031311035,21.524768829345703,8.187857627868652,26.018611907958984,10.753443717956543,21.673274993896484,10.78620433807373,26.450300216674805,16.524295806884766,97.72653198242188
2011-12-07,12.890815734863281,21.31943702697754,8.287257194519043,26.010969161987305,10.76584243774414,21.72751235961914,10.770852088928223,26.64646339416504,16.629417419433594,98.09033203125
2011-12-08,12.49018669128418,20.724550247192383,7.96421480178833,25.369291305541992,10.596400260925293,21.476680755615234,10.614213943481445,26.15213394165039,16.276227951049805,95.93856048583984
2011-12-09,12.64969253540039,21.19562530517578,8.138162612915039,25.949861526489258,10.76170825958252,21.700397491455078,10.749351501464844,26.536609649658203,16.54531478881836,97.56403350830078
2011-12-12,12.349218368530273,20.70038414001465,7.9455766677856445,25.476238250732422,10.625328063964844,21.503807067871094,10.65721607208252,26.222753524780273,16.494861602783203,96.13982391357422
2011-12-13,12.141484260559082,20.507118225097656,7.83375883102417,25.140119552612305,10.526140213012695,21.456344604492188,10.697137832641602,26.175678253173828,16.171106338500977,95.24197387695312
2011-12-14,11.9931001663208,19.93035125732422,7.802698612213135,24.842191696166992,10.364964485168457,21.347875595092773,10.629572868347168,26.159984588623047,16.002920150756836,94.2280044555664
2011-12-15,12.074707984924316,19.845802307128906,7.808910369873047,25.017892837524414,10.340167045593262,21.5648136138916,10.758562088012695,26.450300216674805,16.028152465820312,94.56857299804688
2011-12-16,12.151286125183105,20.057167053222656,7.840167045593262,25.124019622802734,10.368805885314941,21.540868759155273,10.726883888244629,26.36192512512207,16.028148651123047,94.7087631225586
2011-12-19,11.934629440307617,19.70539665222168,7.665109157562256,24.862552642822266,10.26918888092041,21.451948165893555,10.646138191223145,26.36192512512207,15.850529670715332,93.69621276855469
2011-12-20,12.405294418334961,20.51507568359375,7.9527082443237305,25.716167449951172,10.559745788574219,21.896575927734375,10.872851371765137,26.914255142211914,16.28611946105957,96.53145599365234
2011-12-21,12.423972129821777,20.742509841918945,7.996476173400879,25.723865509033203,10.385411262512207,22.1291561126709,11.03433895111084,27.08784294128418,16.341102600097656,96.7184066772461
2011-12-22,12.5472412109375,20.98511505126953,8.165279388427734,25.96995735168457,10.505782127380371,22.122323989868164,11.04676628112793,27.28510093688965,16.387619018554688,97.57522583007812
2011-12-23,12.66677188873291,21.106420516967773,8.221551895141602,26.21603012084961,10.6095552444458,22.279647827148438,11.11819839477539,27.458694458007812,16.569475173950195,98.44760131835938
2011-12-27,12.663037300109863,21.161008834838867,8.177783012390137,26.208345413208008,10.62615966796875,22.320695877075195,11.208256721496582,27.521821975708008,16.620216369628906,98.52548217773438
2011-12-28,12.360465049743652,20.757680892944336,8.046489715576172,25.793071746826172,10.518237113952637,22.211246490478516,11.167886734008789,27.221981048583984,16.438373565673828,97.23245239257812
2011-12-29,12.52109432220459,20.97298812866211,8.171531677246094,26.116065979003906,10.597103118896484,22.327537536621094,11.254844665527344,27.419252395629883,16.607526779174805,98.23726654052734
2011-12-30,12.513619422912598,20.96388816833496,8.127768516540527,25.954565048217773,10.563896179199219,22.224925994873047,11.17409896850586,27.371904373168945,16.501800537109375,97.75437927246094
2012-01-03,12.861016273498535,21.54613494873047,8.340338706970215,26.523645401000977,10.713327407836914,22.20439910888672,10.975336074829102,27.726974487304688,16.64136505126953,99.31220245361328
2012-01-04,12.969338417053223,21.591625213623047,8.315328598022461,26.646684646606445,10.742382049560547,22.156518936157227,10.913223266601562,27.592836380004883,16.772457122802734,99.4679946899414
2012-01-05,13.006693840026855,21.488525390625,8.42786979675293,26.654382705688477,10.775588035583496,22.142839431762695,10.934966087341309,27.67173194885254,16.91202735900879,99.73281860351562
2012-01-06,12.988016128540039,21.361154556274414,8.377850532531738,26.60054588317871,10.77973747253418,21.999189376831055,10.875958442687988,27.719074249267578,16.937395095825195,99.47577667236328
2012-01-09,13.014165878295898,21.464252471923828,8.421614646911621,26.800500869750977,10.763138771057129,22.033388137817383,10.891485214233398,27.766416549682617,16.91202735900879,99.71725463867188
2012-01-10,13.256965637207031,21.655315399169922,8.57166862487793,27.185009002685547,10.800496101379395,22.1086368560791,10.907010078430176,27.971574783325195,17.021976470947266,100.58184814453125
2012-01-11,13.387706756591797,21.364181518554688,8.67170238494873,27.269596099853516,10.833704948425293,22.01286506652832,10.857317924499512,27.995235443115234,17.047351837158203,100.6363525390625
2012-01-12,13.574477195739746,21.164039611816406,8.702961921691895,27.507986068725586,10.887661933898926,22.006027221679688,10.841795921325684,28.08203125,17.098100662231445,100.8778076171875
2012-01-13,13.484822273254395,21.057893753051758,8.64044189453125,27.292673110961914,10.825398445129395,21.985504150390625,10.83558464050293,27.955801010131836,17.076955795288086,100.35594177246094
2012-01-17,13.55953598022461,21.206491470336914,8.57166862487793,27.431089401245117,10.87520694732666,22.067590713500977,10.826262474060059,28.129383087158203,17.123470306396484,100.74539947509766
2012-01-18,13.712685585021973,21.555234909057617,8.702961921691895,27.677183151245117,11.032939910888672,22.115478515625,10.823159217834473,28.28719711303711,17.398361206054688,101.8592758178711
2012-01-19,13.723893165588379,21.64318084716797,8.78424072265625,27.96940803527832,11.111807823181152,22.156518936157227,10.733095169067383,28.28719711303711,17.55060386657715,102.39671325683594
2012-01-20,13.664130210876465,21.64620590209961,8.840509414672852,27.807912826538086,11.124260902404785,22.16336441040039,10.748625755310059,28.28719711303711,17.40682029724121,102.77840423583984
2012-01-23,13.65665340423584,21.81905746459961,8.871768951416016,27.777145385742188,11.161617279052734,22.142839431762695,10.79210376739502,28.160938262939453,17.394134521484375,102.51358795166016
2012-01-24,13.65665340423584,21.755382537841797,8.859271049499512,27.807912826538086,11.153318405151367,22.019712448120117,10.705145835876465,28.16884994506836,17.44487762451172,102.39671325683594
2012-01-25,13.873310089111328,22.02224349975586,8.878020286560059,28.11552619934082,11.240487098693848,22.272811889648438,10.882164001464844,28.373981475830078,17.571752548217773,103.2535400390625
2012-01-26,13.869572639465332,21.72202491760254,8.80299186706543,28.06168556213379,11.165771484375,22.19072151184082,10.919435501098633,28.24773597717285,17.542150497436523,102.72388458251953
2012-01-27,13.888249397277832,21.67653465270996,8.834258079528809,28.03862953186035,11.165771484375,22.040233612060547,10.785890579223633,28.263521194458008,17.529470443725586,102.6771469116211
2012-01-30,13.873310089111328,21.573427200317383,8.752979278564453,27.938642501831055,11.198979377746582,21.896575927734375,10.71756649017334,28.22406578063965,17.478717803955078,102.32661437988281
2012-01-31,13.888249397277832,21.43696403503418,8.790494918823242,27.854063034057617,11.219735145568848,21.910261154174805,10.770364761352539,28.24773597717285,17.474485397338867,102.28767395019531
2012-02-01,14.026459693908691,21.521875381469727,8.9280366897583,28.15398406982422,11.331805229187012,22.067590713500977,10.807629585266113,28.523914337158203,17.5336971282959,103.18341827392578
2012-02-02,13.959221839904785,21.68563461303711,8.971803665161133,28.169357299804688,11.360860824584961,22.149673461914062,10.7889986038208,28.413440704345703,17.512544631958008,103.34700012207031
2012-02-03,14.149726867675781,22.06772804260254,9.215638160705566,28.65384292602539,11.506141662597656,22.218082427978516,10.816949844360352,28.579145431518555,17.87200927734375,104.79576110839844
2012-02-06,14.071287155151367,22.331558227539062,9.171875,28.584630966186523,11.510293006896973,22.20439910888672,10.770364761352539,28.421327590942383,17.833959579467773,104.72564697265625
2012-02-07,14.056347846984863,22.446796417236328,9.165624618530273,28.553861618041992,11.539347648620605,22.224925994873047,10.848004341125488,28.523914337158203,17.918535232543945,104.99052429199219
2012-02-08,14.071287155151367,22.37097930908203,9.234393119812012,28.615386962890625,11.609908103942871,22.231767654418945,10.860427856445312,28.523914337158203,17.96083641052246,105.30207824707031
2012-02-09,14.08622932434082,22.374019622802734,9.196878433227539,28.692293167114258,11.721981048583984,22.35489845275879,10.82936954498291,28.373981475830078,17.99043083190918,105.43450927734375
2012-02-10,13.839695930480957,22.149614334106445,9.10935115814209,28.430831909179688,11.634815216064453,22.307018280029297,10.807629585266113,28.255626678466797,17.89316177368164,104.65558624267578
2012-02-13,13.877050399780273,22.32550048828125,9.190629005432129,28.77688217163086,11.709532737731934,22.402780532836914,10.795206069946289,28.468671798706055,18.036954879760742,105.43450927734375
2012-02-14,13.697749137878418,22.36491584777832,9.103103637695312,28.67691421508789,11.730287551879883,22.457502365112305,10.798315048217773,28.5870304107666,18.01580238342285,105.30207824707031
2012-02-15,13.708951950073242,22.328523635864258,9.046828269958496,28.300094604492188,11.668021202087402,22.450664520263672,10.776577949523926,28.531795501708984,17.935447692871094,104.81137084960938
2012-02-16,13.951751708984375,22.619653701782227,9.190629005432129,28.56155776977539,11.838208198547363,22.59430694580078,10.891485214233398,28.689605712890625,18.011573791503906,105.97196197509766
2012-02-17,13.959221839904785,22.704561233520508,9.246899604797363,28.669214248657227,11.838208198547363,22.61483383178711,10.885272979736328,28.59491539001465,18.168054580688477,106.25239562988281
2012-02-21,14.041401863098145,22.859228134155273,9.240647315979004,28.769189834594727,11.888016700744629,22.484859466552734,10.844902038574219,28.389768600463867,18.104618072509766,106.29912567138672
2012-02-22,14.018994331359863,22.91077995300293,9.121854782104492,28.738431930541992,11.846504211425781,22.423294067382812,10.857317924499512,28.389768600463867,18.05809783935547,105.9563980102539
2012-02-23,14.033931732177734,23.026012420654297,9.203134536743164,28.830713272094727,11.892166137695312,22.539592742919922,10.848004341125488,28.413440704345703,18.14691162109375,106.42374420166016
2012-02-24,14.026459693908691,23.11699676513672,9.171875,28.823028564453125,11.962730407714844,22.61483383178711,10.894588470458984,28.555463790893555,18.125768661499023,106.65741729736328
2012-02-27,14.030200004577637,23.04420280456543,9.240647315979004,28.846094131469727,11.983488082885742,22.61483383178711,10.891485214233398,28.610698699951172,18.23148536682129,106.8365478515625
2012-02-28,14.075020790100098,22.9683895111084,9.265654563903809,28.807641983032227,12.070651054382324,22.690080642700195,10.838685035705566,28.721172332763672,18.332984924316406,107.14813995361328
2012-02-29,13.809813499450684,22.707597732543945,9.228143692016602,28.630760192871094,12.016692161560059,22.731124877929688,10.83558464050293,28.547574996948242,18.265317916870117,106.7275161743164
2012-03-01,13.962961196899414,22.925939559936523,9.328173637390137,28.73073959350586,12.087258338928223,22.69691276550293,10.863533973693848,28.697498321533203,18.417566299438477,107.2805404663086
2012-03-02,13.929340362548828,22.665138244628906,9.296914100646973,28.56155776977539,12.070651054382324,22.717435836791992,10.857317924499512,28.650146484375,18.404878616333008,106.953369140625
2012-03-05,13.705217361450195,22.51957893371582,9.259398460388184,28.361614227294922,11.966883659362793,22.820053100585938,10.882164001464844,28.5870304107666,18.38796615600586,106.51725006103516
2012-03-06,13.42506217956543,22.152645111083984,9.034327507019043,27.72332763671875,11.850659370422363,22.628515243530273,10.838685035705566,28.2161808013916,18.100387573242188,104.95936584472656
2012-03-07,13.458680152893066,22.337631225585938,9.146864891052246,28.007863998413086,11.937830924987793,22.662717819213867,10.844902038574219,28.34242057800293,18.307615280151367,105.6915512084961
2012-03-08,13.682811737060547,22.51957893371582,9.234393119812012,28.407756805419922,12.05820083618164,22.820053100585938,10.879061698913574,28.658048629760742,18.49368667602539,106.74308776855469
2012-03-09,13.686544418334961,22.49834442138672,9.309415817260742,28.469276428222656,12.112162590026855,22.895301818847656,10.922542572021484,28.77640151977539,18.59941864013672,107.15594482421875
2012-03-12,13.611831665039062,22.374019622802734,9.284409523010254,28.461589813232422,12.128764152526855,22.977384567260742,11.04676628112793,28.77640151977539,18.548667907714844,107.1636962890625
2012-03-13,13.835953712463379,22.643911361694336,9.640785217285156,29.05373764038086,12.369513511657715,23.14839744567871,11.084033012390137,29.18669891357422,18.836246490478516,109.095458984375
2012-03-14,13.783658981323242,22.425573348999023,9.653285026550293,28.98451805114746,12.415172576904297,23.079992294311523,10.919435501098633,29.178808212280273,18.81087303161621,108.97857666015625
2012-03-15,13.884514808654785,22.46196174621582,9.822094917297363,29.330577850341797,12.448378562927246,23.121034622192383,10.910115242004395,29.22615623474121,18.87430191040039,109.60950469970703
2012-03-16,13.911137580871582,22.770950317382812,9.859726905822754,29.34371566772461,12.442550659179688,23.105899810791016,10.90134334564209,29.22297477722168,18.81364631652832,109.76129913330078
2012-03-19,13.997380256652832,22.874454498291016,9.909899711608887,29.34371566772461,12.534161567687988,23.119659423828125,10.826117515563965,29.215057373046875,18.91121482849121,110.19159698486328
2012-03-20,13.918632507324219,22.530452728271484,9.960077285766602,29.003772735595703,12.521669387817383,23.105899810791016,10.838654518127441,29.064380645751953,18.940908432006836,109.87080383300781
2012-03-21,13.918632507324219,22.26255989074707,9.91617202758789,28.988319396972656,12.51750373840332,23.140295028686523,10.8167085647583,29.04851722717285,18.96635627746582,109.69087982177734
2012-03-22,13.693657875061035,21.76026153564453,9.78446102142334,28.6638240814209,12.488357543945312,23.160919189453125,10.841788291931152,28.953351974487305,18.919694900512695,108.90069580078125
2012-03-23,13.839893341064453,21.997711181640625,9.865998268127441,28.710189819335938,12.488357543945312,23.2159366607666,10.844921112060547,29.040592193603516,18.940908432006836,109.25276184082031
2012-03-26,14.019877433776855,22.1621036529541,10.022801399230957,29.135108947753906,12.671582221984863,23.374101638793945,10.920147895812988,29.548120498657227,19.242090225219727,110.7861557006836
2012-03-27,13.989882469177246,21.939876556396484,9.928717613220215,29.042396545410156,12.667413711547852,23.3603515625,10.973429679870605,29.603633880615234,19.212400436401367,110.4419174194336
2012-03-28,13.794903755187988,21.6658992767334,9.953807830810547,28.764253616333008,12.621606826782227,23.305328369140625,10.882536888122559,29.540191650390625,19.046964645385742,109.8942642211914
2012-03-29,13.81364917755127,21.6658992767334,9.8534517288208,28.779714584350586,12.596624374389648,23.298452377319336,10.926417350769043,29.603633880615234,19.042720794677734,109.70652770996094
2012-03-30,13.862398147583008,21.84245491027832,9.909899711608887,28.911052703857422,12.559147834777832,23.43599510192871,10.982832908630371,29.825664520263672,19.127561569213867,110.1602554321289
2012-04-02,14.057374954223633,22.055553436279297,9.985169410705566,29.09648323059082,12.692404747009277,23.621667861938477,11.039254188537598,29.92876625061035,19.178464889526367,110.9660873413086
2012-04-03,13.952383041381836,21.863758087158203,9.928717613220215,28.887882232666016,12.684073448181152,23.491012573242188,11.032984733581543,29.912918090820312,19.140281677246094,110.51232147216797
2012-04-04,13.757405281066895,21.583698272705078,9.771915435791016,28.679275512695312,12.534161567687988,23.415363311767578,11.017315864562988,29.754308700561523,18.962114334106445,109.41707611083984
2012-04-05,13.678658485412598,21.461923599243164,9.746828079223633,28.563392639160156,12.563308715820312,23.415363311767578,10.935823440551758,29.746376037597656,19.0936279296875,109.36229705810547
2012-04-09,13.47993278503418,21.190990447998047,9.596296310424805,28.099815368652344,12.475862503051758,23.202180862426758,10.879401206970215,29.373659133911133,18.919694900512695,108.13402557373047
2012-04-10,13.202457427978516,20.773927688598633,9.389322280883789,27.52808952331543,12.300970077514648,22.995880126953125,10.73835277557373,29.040592193603516,18.457307815551758,106.31903076171875
2012-04-11,13.344944953918457,20.78001594543457,9.539848327636719,27.837127685546875,12.371757507324219,23.11278533935547,10.763427734375,29.1436710357666,18.711835861206055,107.1795654296875
2012-04-12,13.708658218383789,21.233619689941406,9.715469360351562,28.432043075561523,12.525833129882812,23.126543045043945,10.797907829284668,29.302295684814453,18.949382781982422,108.57997131347656
2012-04-13,13.547423362731934,20.913955688476562,9.489668846130371,28.06890296936035,12.330118179321289,23.126543045043945,10.760295867919922,29.00887107849121,18.89848518371582,107.28913879394531
2012-04-16,13.588668823242188,20.773927688598633,9.55866813659668,28.14616584777832,12.201030731201172,23.22281265258789,10.860596656799316,29.016796112060547,18.83061408996582,107.21874237060547
2012-04-17,13.772403717041016,21.11183738708496,9.68410587310791,28.609725952148438,12.467535972595215,23.456623077392578,10.917015075683594,29.445024490356445,19.029991149902344,108.80684661865234
2012-04-18,13.734909057617188,21.0692195892334,9.621386528015137,28.486116409301758,12.375925064086914,23.456623077392578,10.898208618164062,29.365720748901367,19.059680938720703,108.43917083740234
2012-04-19,13.68616771697998,21.041820526123047,9.577481269836426,28.169357299804688,12.238505363464355,23.380977630615234,10.869999885559082,29.413305282592773,18.906970977783203,107.74284362792969
2012-04-20,13.678658485412598,20.99310874938965,9.527302742004395,28.408857345581055,12.192702293395996,23.594154357910156,10.976569175720215,29.571922302246094,18.936668395996094,107.9228286743164
2012-04-23,13.509926795959473,20.97180938720703,9.458313941955566,28.092100143432617,12.096923828125,23.229694366455078,10.929548263549805,29.341934204101562,18.73304557800293,107.01529693603516
2012-04-24,13.509926795959473,21.127059936523438,9.56493854522705,28.462940216064453,12.071939468383789,23.236572265625,11.004776000976562,29.445024490356445,18.669410705566406,107.42208099365234
2012-04-25,13.794903755187988,21.33710289001465,9.64647102355957,28.517026901245117,12.413402557373047,23.387849807739258,11.061196327209473,29.754308700561523,18.98332977294922,108.8929214477539
2012-04-26,13.779900550842285,21.562389373779297,9.728010177612305,28.686994552612305,12.509181022644043,23.601032257080078,11.123882293701172,29.746376037597656,19.220882415771484,109.65171813964844
2012-04-27,13.84738826751709,21.553255081176758,9.734284400939941,28.864694595336914,12.505014419555664,23.5666561126709,11.161498069763184,29.762237548828125,19.458438873291016,109.83171844482422
2012-04-30,13.749907493591309,21.687204360961914,9.677836418151855,28.59428596496582,12.417563438415527,23.5047607421875,11.177165031433105,29.746376037597656,19.348148345947266,109.42485809326172
2012-05-01,13.832395553588867,21.997711181640625,9.778189659118652,28.679275512695312,12.459206581115723,23.5666561126709,11.233585357666016,29.857402801513672,19.475406646728516,110.10552978515625
2012-05-02,13.764902114868164,21.638492584228516,9.702924728393555,28.686994552612305,12.467535972595215,23.5872859954834,11.167765617370605,29.801881790161133,19.581459045410156,109.77691650390625
2012-05-03,13.607416152954102,21.279268264770508,9.621386528015137,28.455223083496094,12.363432884216309,23.621667861938477,11.13328742980957,29.690868377685547,19.428743362426758,108.93984985351562
2012-05-04,13.378690719604492,20.792192459106445,9.470854759216309,28.04572296142578,12.105254173278809,23.43599510192871,11.148959159851074,29.302295684814453,19.051206588745117,107.1795654296875
2012-05-07,13.389935493469238,20.731311798095703,9.527302742004395,27.968463897705078,12.071939468383789,23.470382690429688,11.127017974853516,29.365720748901367,19.042720794677734,107.25782012939453
2012-05-08,13.326192855834961,20.66433334350586,9.464582443237305,27.8989315032959,12.030298233032227,23.415363311767578,11.14582347869873,29.373659133911133,18.81364631652832,106.82755279541016
2012-05-09,13.206206321716309,20.56387710571289,9.35795783996582,27.574434280395508,12.030298233032227,23.298452377319336,11.152093887329102,29.175403594970703,18.741525650024414,106.19384002685547
2012-05-10,13.164962768554688,20.65215301513672,9.395589828491211,27.613080978393555,11.93868637084961,23.463499069213867,11.255521774291992,29.381591796875,18.8051700592041,106.41291809082031
2012-05-11,13.127466201782227,20.499954223632812,9.288963317871094,27.55898666381836,11.947010040283203,23.4016056060791,11.26179313659668,29.349863052368164,18.766983032226562,106.09215545654297
2012-05-14,12.947484016418457,20.158994674682617,9.100801467895508,27.242216110229492,11.842911720275879,23.305328369140625,11.249260902404785,29.25469970703125,18.503969192504883,104.91867065429688
2012-05-15,12.75250244140625,19.82411766052246,9.050622940063477,27.103160858154297,11.80959701538086,23.277822494506836,11.170897483825684,29.08023452758789,18.474275588989258,104.3162841796875
2012-05-16,12.613763809204102,19.711483001708984,8.91891098022461,27.072246551513672,11.71381664276123,23.35346794128418,11.186573028564453,29.12782096862793,18.4445858001709,103.91728973388672
2012-05-17,12.336292266845703,19.586673736572266,8.737021446228027,26.492788314819336,11.547252655029297,23.188425064086914,11.123882293701172,28.858179092407227,17.95674705505371,102.37604522705078
2012-05-18,12.287546157836914,19.464900970458984,8.636670112609863,26.361448287963867,11.438985824584961,23.050888061523438,11.10194206237793,28.60442352294922,17.82099723815918,101.49987030029297
2012-05-21,12.647513389587402,19.91240692138672,8.718208312988281,26.94863510131836,11.722151756286621,23.140295028686523,11.114480972290039,28.881980895996094,18.13491439819336,103.24447631835938
2012-05-22,12.568766593933105,19.863704681396484,8.787198066711426,27.049060821533203,11.684670448303223,23.167795181274414,11.192838668823242,28.80267906188965,18.207027435302734,103.42437744140625
2012-05-23,12.71875286102295,19.936756134033203,8.818556785583496,27.19586181640625,11.69716739654541,23.105899810791016,11.13328742980957,28.675792694091797,18.304597854614258,103.47917175292969
2012-05-24,12.797497749328613,19.921539306640625,8.824832916259766,27.164953231811523,11.630537033081055,23.325963973999023,11.177165031433105,28.953351974487305,18.389440536499023,103.68256378173828
2012-05-25,12.745001792907715,19.82716178894043,8.793471336364746,26.979524612426758,11.605554580688477,23.305328369140625,11.214776992797852,28.881980895996094,18.359745025634766,103.34615325927734
2012-05-29,12.966230392456055,20.158994674682617,8.91891098022461,27.342662811279297,11.759625434875488,23.470382690429688,11.249260902404785,28.97715187072754,18.614267349243164,104.59790802001953
2012-05-30,12.733753204345703,19.54100227355957,8.711931228637695,26.88681411743164,11.684670448303223,23.277822494506836,11.180299758911133,28.81061363220215,18.32156753540039,103.08014678955078
2012-05-31,12.681259155273438,19.370527267456055,8.787198066711426,26.78636932373047,11.630537033081055,23.229694366455078,11.239855766296387,28.667863845825195,18.283384323120117,102.85331726074219
2012-06-01,12.411285400390625,18.886497497558594,8.461050033569336,26.0446720123291,11.326550483703613,22.803327560424805,11.192838668823242,28.16031837463379,17.70646095275879,100.26376342773438
2012-06-04,12.42253303527832,18.871273040771484,8.37951374053955,25.774259567260742,11.39317798614502,22.878969192504883,11.230451583862305,28.223764419555664,17.77009391784668,100.21683502197266
2012-06-05,12.542524337768555,19.03262710571289,8.517498970031738,25.851520538330078,11.463967323303223,22.851465225219727,11.271197319030762,28.38237190246582,17.867656707763672,100.97567749023438
2012-06-06,12.857494354248047,19.620153427124023,8.768381118774414,26.539148330688477,11.726308822631836,23.160919189453125,11.4279146194458,28.82645606994629,18.253686904907227,103.24447631835938
2012-06-07,12.879989624023438,19.632335662841797,8.762110710144043,26.685937881469727,11.668012619018555,23.243440628051758,11.515677452087402,28.842329025268555,18.253686904907227,103.30706024169922
2012-06-08,12.966230392456055,19.6353759765625,8.868735313415527,26.88681411743164,11.797104835510254,23.442867279052734,11.540751457214355,29.016796112060547,18.414888381958008,104.12850189208984
2012-06-11,12.7262544631958,19.367488861083984,8.70566177368164,26.539148330688477,11.630537033081055,23.332836151123047,11.531350135803223,28.763031005859375,18.13491439819336,102.80638885498047
2012-06-12,12.962474822998047,19.641468048095703,8.837377548217773,26.964086532592773,11.747133255004883,23.442867279052734,11.543891906738281,29.032655715942383,18.330047607421875,103.98767852783203
2012-06-13,12.763753890991211,19.391845703125,8.806010246276855,26.69367027282715,11.67634391784668,23.408483505249023,11.547022819519043,29.00092887878418,18.062795639038086,103.32267761230469
2012-06-14,12.86873722076416,19.69626808166504,8.912639617919922,26.902267456054688,11.734638214111328,23.731691360473633,11.625380516052246,29.43710708618164,18.304597854614258,104.41796875
2012-06-15,13.017657279968262,20.072816848754883,9.037424087524414,27.13825798034668,11.859634399414062,23.77046775817871,11.682962417602539,29.547922134399414,18.484235763549805,105.48584747314453
2012-06-18,13.085512161254883,19.89234733581543,8.987005233764648,27.200349807739258,11.94742202758789,23.832786560058594,11.727249145507812,29.747249603271484,18.6162109375,105.69033813476562
2012-06-19,13.334330558776855,20.179880142211914,9.138258934020996,27.5651912689209,12.039385795593262,23.812007904052734,11.701940536499023,30.01832389831543,18.786495208740234,106.7126693725586
2012-06-20,13.258928298950195,20.100357055664062,9.15716552734375,27.417713165283203,12.060291290283203,23.687379837036133,11.588053703308105,29.938596725463867,18.76521110534668,106.53962707519531
2012-06-21,12.825389862060547,19.277496337890625,8.955496788024902,26.88208770751953,11.776022911071777,23.4104061126709,11.467843055725098,29.52399444580078,18.356534957885742,104.14900207519531
2012-06-22,12.893244743347168,19.40596580505371,9.037424087524414,26.975234985351562,11.905620574951172,23.47965431213379,11.471001625061035,29.834964752197266,18.437416076660156,104.95112609863281
2012-06-25,12.731135368347168,18.97159767150879,8.848356246948242,26.47842788696289,11.663158416748047,23.334239959716797,11.44885540008545,29.468181610107422,18.152189254760742,103.26824188232422
2012-06-26,12.772608757019043,19.17654800415039,8.892474174499512,26.52500343322754,11.709141731262207,23.389650344848633,11.464677810668945,29.555889129638672,18.377809524536133,103.7872543334961
2012-06-27,12.91209602355957,19.574216842651367,8.999611854553223,26.78116798400879,11.780203819274902,23.52812385559082,11.594377517700195,29.874805450439453,18.35227394104004,104.72307586669922
2012-06-28,12.915862083435059,19.70880889892578,8.993309020996094,26.757892608642578,11.684059143066406,23.63199234008789,11.635502815246582,29.73927879333496,18.250104904174805,104.42425537109375
2012-06-29,13.304171562194824,20.302244186401367,9.226491928100586,27.689401626586914,12.010128021240234,24.07512855529785,11.701940536499023,30.30535316467285,18.637496948242188,107.02716827392578
2012-07-02,13.236310958862305,20.31142234802246,9.283210754394531,27.448768615722656,12.07701301574707,24.213611602783203,11.774699211120605,30.401033401489258,18.692842483520508,107.3496322631836
2012-07-03,13.424808502197266,20.797794342041016,9.333630561828613,27.735977172851562,12.173161506652832,24.324392318725586,11.746232032775879,30.3930606842041,18.67581558227539,108.05738067626953
2012-07-05,13.405957221984863,20.525541305541992,9.194984436035156,27.704927444458008,12.173161506652832,24.2343807220459,11.676631927490234,30.201709747314453,18.722639083862305,107.56977081298828
2012-07-06,13.25139045715332,20.277782440185547,9.119354248046875,27.332319259643555,11.993401527404785,24.206689834594727,11.651324272155762,30.002378463745117,18.633243560791016,106.54747772216797
2012-07-09,13.168450355529785,20.18600082397461,9.106756210327148,27.316797256469727,11.968323707580566,24.178985595703125,11.613356590270996,30.161846160888672,18.531068801879883,106.4138412475586
2012-07-10,12.97241497039795,19.870935440063477,9.037424087524414,26.87432289123535,11.834551811218262,24.206689834594727,11.632341384887695,30.01832389831543,18.42038917541504,105.48584747314453
2012-07-11,12.930946350097656,20.140111923217773,9.113049507141113,26.656965255737305,11.780203819274902,24.172060012817383,11.692449569702148,29.994415283203125,18.313966751098633,105.50161743164062
2012-07-12,12.866856575012207,20.072816848754883,9.018518447875977,26.55605697631836,11.663158416748047,24.19283676147461,11.708268165588379,30.066162109375,18.271392822265625,104.99042510986328
2012-07-13,13.096821784973145,20.424592971801758,9.270608901977539,27.068376541137695,11.817830085754395,24.46286964416504,11.81265926361084,30.401033401489258,18.56938362121582,106.75196075439453
2012-07-16,13.047813415527344,20.491899490356445,9.251704216003418,26.88208770751953,11.805288314819336,24.338245391845703,11.806333541870117,30.45684814453125,18.450180053710938,106.50028991699219
2012-07-17,13.213688850402832,20.748851776123047,9.302119255065918,26.998519897460938,11.851275444030762,24.44211196899414,11.83164119720459,30.84752655029297,18.633243560791016,107.23163604736328
2012-07-18,13.292856216430664,20.929319381713867,9.258004188537598,27.503114700317383,12.056106567382812,24.44902992248535,11.869606971740723,30.895357131958008,18.731149673461914,108.02587127685547
2012-07-19,13.436119079589844,20.99356460571289,9.201286315917969,27.63506317138672,12.160616874694824,24.414411544799805,11.891754150390625,30.895357131958008,18.8546142578125,108.30899047851562
2012-07-20,13.353181838989258,21.042503356933594,9.062637329101562,27.293514251708984,12.022668838500977,24.262081146240234,11.91706371307373,30.4967041015625,18.624725341796875,107.31816101074219
2012-07-23,13.142062187194824,20.840612411499023,8.987005233764648,27.15378189086914,11.905620574951172,24.054353713989258,11.837973594665527,30.137922286987305,18.35227394104004,106.23294830322266
2012-07-24,12.938485145568848,20.507190704345703,8.961797714233398,26.851028442382812,11.784390449523926,23.978195190429688,11.733574867248535,29.803062438964844,18.22881507873535,105.32073974609375
2012-07-25,12.938485145568848,20.52248764038086,8.993309020996094,26.944189071655273,11.738405227661133,23.985116958618164,11.727249145507812,29.946575164794922,18.190502166748047,105.34434509277344
2012-07-26,12.998805046081543,21.10675048828125,9.131957054138184,27.355607986450195,11.918157577514648,24.37978172302246,11.910736083984375,30.23358726501465,18.484235763549805,107.08224487304688
2012-07-27,13.236310958862305,21.479936599731445,9.302119255065918,27.953332901000977,12.177336692810059,24.65675926208496,12.049930572509766,30.959150314331055,18.850351333618164,109.05606842041016
2012-07-30,13.224998474121094,21.541107177734375,9.283210754394531,27.87570571899414,12.181519508361816,24.781381607055664,12.094218254089355,30.799673080444336,18.777982711791992,109.05606842041016
2012-07-31,13.134519577026367,21.305580139160156,9.239096641540527,27.798080444335938,12.231683731079102,24.67060089111328,11.99614429473877,30.60832405090332,18.53532600402832,108.29328918457031
2012-08-01,13.138293266296387,21.409582138061523,9.194984436035156,27.611774444580078,12.189882278442383,24.54597282409668,11.904404640197754,30.624277114868164,18.458707809448242,108.19886779785156
2012-08-02,12.983726501464844,21.05169105529785,9.125654220581055,27.4720458984375,12.110456466674805,24.34518051147461,11.837973594665527,30.329275131225586,18.50552749633789,107.45182800292969
2012-08-03,13.240077018737793,21.5472354888916,9.339933395385742,28.069772720336914,12.348734855651855,24.75369644165039,11.977169036865234,30.688064575195312,18.87164878845215,109.58293914794922
2012-08-06,13.360724449157715,21.60535430908203,9.37774658203125,28.069772720336914,12.436522483825684,24.739843368530273,11.948695182800293,30.69603729248047,18.93975257873535,109.7952651977539
2012-08-07,13.515290260314941,21.929601669311523,9.415559768676758,28.35699462890625,12.52012825012207,24.608278274536133,11.825319290161133,30.624277114868164,19.118553161621094,110.34571838378906
2012-08-08,13.530372619628906,21.94795799255371,9.415559768676758,28.31818199157715,12.524307250976562,24.781381607055664,11.841135025024414,30.735902786254883,19.0248966217041,110.4794692993164
2012-08-09,13.605766296386719,22.09784698486328,9.409257888793945,28.341463088989258,12.566109657287598,24.677518844604492,11.841135025024414,30.71994972229004,19.01212501525879,110.57379150390625
2012-08-10,13.594461441040039,22.13762092590332,9.415559768676758,28.473430633544922,12.595377922058105,24.67060089111328,11.875932693481445,30.84752655029297,18.995094299316406,110.75465393066406
2012-08-13,13.519062042236328,22.055015563964844,9.421860694885254,28.41133689880371,12.6329927444458,24.663681030273438,11.863275527954102,30.76778793334961,19.003610610961914,110.69960021972656
2012-08-14,13.458739280700684,22.01525115966797,9.409257888793945,28.37251091003418,12.607914924621582,24.760618209838867,11.850625038146973,30.84752655029297,19.050437927246094,110.71533203125
2012-08-15,13.481363296508789,22.01219367980957,9.44076919555664,28.43462562561035,12.612092971801758,24.774463653564453,11.793681144714355,30.919267654418945,19.110036849975586,110.8411636352539
2012-08-16,13.681167602539062,22.20797348022461,9.503792762756348,28.72183609008789,12.783492088317871,24.83677864074707,11.76521110534668,30.83954429626465,19.267545700073242,111.65901184082031
2012-08-17,13.66231632232666,22.198795318603516,9.535301208496094,28.8615665435791,12.854552268981934,24.857561111450195,11.733574867248535,30.68009376525879,19.33991813659668,111.80841064453125
2012-08-20,13.63592529296875,22.122314453125,9.560510635375977,28.799455642700195,12.867098808288574,24.857561111450195,11.755718231201172,30.743877410888672,19.2590274810791,111.8162841796875
2012-08-21,13.65477466583252,22.051963806152344,9.592026710510254,28.737369537353516,12.783492088317871,24.70522117614746,11.670304298400879,30.64022445678711,19.233484268188477,111.47814178466797
2012-08-22,13.767873764038086,22.134550094604492,9.579418182373047,28.597640991210938,12.804390907287598,24.62906265258789,11.651324272155762,30.664140701293945,19.288829803466797,111.52532958984375
2012-08-23,13.537910461425781,21.889833450317383,9.484886169433594,28.36475372314453,12.69987964630127,24.435184478759766,11.531105995178223,30.624277114868164,19.1568660736084,110.61309814453125
2012-08-24,13.511521339416504,22.018314361572266,9.535301208496094,28.496721267700195,12.779311180114746,24.649826049804688,11.584887504577637,30.88739585876465,19.314374923706055,111.28152465820312
2012-08-27,13.43234920501709,22.02748680114746,9.52900218963623,28.41133689880371,12.791851043701172,24.684452056884766,11.610200881958008,30.919267654418945,19.284578323364258,111.30512237548828
2012-08-28,13.402189254760742,22.042795181274414,9.516398429870605,28.302656173706055,12.762588500976562,24.69830322265625,11.588053703308105,30.871429443359375,19.32288360595703,111.19503784179688
2012-08-29,13.43234920501709,21.895950317382812,9.535301208496094,28.29489517211914,12.78766918182373,24.642906188964844,11.569071769714355,30.975082397460938,19.41654396057129,111.28152465820312
2012-08-30,13.311711311340332,21.663471221923828,9.484886169433594,28.054248809814453,12.645537376403809,24.54597282409668,11.512127876281738,30.871429443359375,19.31011199951172,110.4794692993164
2012-08-31,13.439889907836914,21.88065528869629,9.554211616516113,28.225017547607422,12.745864868164062,24.55288314819336,11.499472618103027,30.96710777282715,19.3909969329834,111.00627899169922
2012-09-04,13.266467094421387,21.712425231933594,9.554211616516113,27.930049896240234,12.745864868164062,24.69830322265625,11.5437650680542,31.030899047851562,19.34417152404785,110.90406036376953
2012-09-05,13.326790809631348,21.629825592041016,9.554211616516113,27.8524227142334,12.733325004577637,24.65675926208496,11.493145942687988,31.038867950439453,19.373973846435547,110.80972290039062
2012-09-06,13.66231632232666,22.085613250732422,9.781091690063477,28.48118782043457,13.017586708068848,24.961414337158203,11.622851371765137,31.5332088470459,19.808197021484375,113.05880737304688
2012-09-07,13.929985046386719,22.467971801757812,9.881922721862793,28.72183609008789,12.996685028076172,24.760618209838867,11.584887504577637,31.51724624633789,19.914621353149414,113.49916076660156
2012-09-10,13.90736198425293,22.37009048461914,9.799994468688965,28.535531997680664,12.85873794555664,24.732921600341797,11.572235107421875,31.40563201904297,19.88482666015625,112.85429382324219
2012-09-11,13.956371307373047,22.608694076538086,9.881922721862793,28.690780639648438,12.89217758178711,24.65675926208496,11.5437650680542,31.421567916870117,19.876306533813477,113.16886138916016
2012-09-12,13.93752670288086,22.7463436126709,9.919740676879883,28.80721664428711,12.96324634552002,24.525184631347656,11.477326393127441,31.43751335144043,19.974214553833008,113.54634094238281
2012-09-13,14.280588150024414,23.116474151611328,10.178135871887207,29.133258819580078,13.138819694519043,24.961414337158203,11.638668060302734,31.756441116333008,20.22964859008789,115.27639770507812
2012-09-14,14.45777702331543,23.422367095947266,10.260059356689453,29.311792373657227,13.201526641845703,24.774463653564453,11.559582710266113,31.628873825073242,20.310529708862305,115.78755950927734
2012-09-17,14.235343933105469,23.244945526123047,10.16552734375,29.172073364257812,13.21406078338623,24.843706130981445,11.486820220947266,31.812253952026367,20.233903884887695,115.39435577392578
2012-09-18,14.197649002075195,23.07976531982422,10.11510944366455,29.179832458496094,13.222427368164062,24.98219108581543,11.452017784118652,31.915912628173828,20.135986328125,115.29996490478516
2012-09-19,14.276815414428711,22.856464385986328,10.108807563781738,29.249704360961914,13.234965324401855,25.051429748535156,11.464677810668945,31.94778823852539,20.344587326049805,115.36290740966797
2012-09-20,14.254197120666504,22.92070960998535,10.052088737487793,28.97024917602539,13.209883689880371,25.189905166625977,11.512127876281738,32.08332443237305,20.319049835205078,115.37079620361328
2012-09-21,14.192425727844238,22.94651222229004,10.017916679382324,28.88431167602539,13.226673126220703,25.074859619140625,11.518838882446289,32.202728271484375,20.30451774597168,115.32250213623047
2012-09-24,14.150741577148438,22.829753875732422,10.024243354797363,28.88431167602539,13.142720222473145,25.158533096313477,11.627540588378906,32.290870666503906,20.248987197875977,115.1485824584961
2012-09-25,13.923361778259277,22.580869674682617,9.87236499786377,28.501468658447266,12.958026885986328,24.98420524597168,11.601960182189941,32.2668342590332,20.009756088256836,113.92318725585938
2012-09-26,13.855140686035156,22.365781784057617,9.809075355529785,28.392093658447266,12.865681648254395,24.98420524597168,11.627540588378906,32.09855651855469,19.873058319091797,113.28277587890625
2012-09-27,14.025675773620605,22.66997528076172,9.897671699523926,28.657724380493164,13.033581733703613,25.06788444519043,11.579586029052734,32.28284454345703,20.073829650878906,114.35013580322266
2012-09-28,13.94609546661377,22.562423706054688,9.8660306930542,28.540531158447266,12.941240310668945,24.98420524597168,11.633933067321777,32.14663314819336,19.988399505615234,113.82039642333984
2012-10-01,13.991576194763184,22.67612648010254,9.910330772399902,28.67335319519043,12.911856651306152,25.14458656311035,11.579586029052734,32.33893966674805,19.9755859375,114.12081909179688
2012-10-02,13.915776252746582,22.716064453125,9.929316520690918,28.62647819519043,12.928644180297852,25.165508270263672,11.640328407287598,32.4831657409668,19.9371280670166,114.23942565917969
2012-10-03,13.85135555267334,22.436452865600586,10.017916679382324,28.774927139282227,12.995803833007812,25.242210388183594,11.69787311553955,32.75559997558594,20.09519386291504,114.70584869384766
2012-10-04,14.029470443725586,22.6607608795166,10.16979694366455,28.93898582458496,13.033581733703613,25.36074447631836,11.765007972717285,32.95591735839844,20.27889060974121,115.52806854248047
2012-10-05,14.097687721252441,22.6085262298584,10.163470268249512,29.032745361328125,12.966423034667969,25.458372116088867,11.745828628540039,32.98796463012695,20.338701248168945,115.5360107421875
2012-10-08,14.071155548095703,22.645383834838867,10.15713882446289,28.962427139282227,12.832100868225098,25.381675720214844,11.765007972717285,32.96391677856445,20.30025291442871,115.14066314697266
2012-10-09,13.93851375579834,22.67612648010254,10.093855857849121,28.62647819519043,12.6683931350708,25.137615203857422,11.742630004882812,32.563289642333984,19.9755859375,114.00225067138672
2012-10-10,13.786933898925781,22.252094268798828,10.087530136108398,28.360836029052734,12.618020057678223,25.03302574157715,11.723448753356934,32.32291030883789,19.8516902923584,113.2749252319336
2012-10-11,13.843771934509277,22.418020248413086,10.144482612609863,28.446779251098633,12.567651748657227,24.977231979370117,11.736233711242676,32.346946716308594,19.761987686157227,113.33818817138672
2012-10-12,13.783138275146484,22.29511260986328,10.005256652832031,28.4780330657959,12.559255599975586,24.99815559387207,11.66910171508789,32.298866271972656,19.75771141052246,112.96656036376953
2012-10-15,13.900622367858887,22.408803939819336,10.119168281555176,28.67335319519043,12.62221908569336,25.165508270263672,11.717055320739746,32.76359176635742,19.954227447509766,113.90740966796875
2012-10-16,14.234112739562988,22.765228271484375,10.182454109191895,28.97804832458496,12.794323921203613,25.22826385498047,11.76181411743164,33.11616516113281,20.133647918701172,115.06160736083984
2012-10-17,14.351593971252441,23.050981521606445,10.315350532531738,29.14993667602539,12.727158546447754,25.339828491210938,11.905681610107422,33.11616516113281,20.248987197875977,115.5833969116211
2012-10-18,14.35538101196289,23.047910690307617,10.334338188171387,29.23588752746582,12.580242156982422,25.200363159179688,11.960030555725098,33.12417221069336,20.261798858642578,115.28301239013672
2012-10-19,14.056001663208008,22.685333251953125,10.195107460021973,28.74366569519043,12.294808387756348,24.900527954101562,11.864118576049805,32.53124237060547,19.898685455322266,113.36192321777344
2012-10-22,14.120421409606934,22.571651458740234,10.195107460021973,28.6655330657959,12.378755569458008,24.914478302001953,11.83215045928955,32.55528259277344,19.834604263305664,113.3777084350586
2012-10-23,13.695978164672852,22.04622459411621,10.024243354797363,28.376461029052734,12.244434356689453,24.57978057861328,11.723448753356934,32.122596740722656,19.67654800415039,111.80447387695312
2012-10-24,13.688395500183105,21.877235412597656,10.024243354797363,28.196765899658203,12.173079490661621,24.57978057861328,11.63713264465332,32.178680419921875,19.599655151367188,111.4881820678711
2012-10-25,13.658082962036133,22.083097457885742,10.04955768585205,28.353029251098633,12.147891998291016,24.73318099975586,11.69467830657959,32.43508529663086,19.552661895751953,111.81233978271484
2012-10-26,13.68460750579834,22.11074447631836,9.998926162719727,28.376461029052734,12.168875694274902,24.649505615234375,11.69467830657959,32.30689239501953,19.616737365722656,111.74910736083984
2012-10-31,13.65429401397705,22.104604721069336,10.062211990356445,28.509275436401367,12.118507385253906,24.677398681640625,11.79698371887207,32.074527740478516,19.680816650390625,111.74910736083984
2012-11-01,13.919570922851562,22.199861526489258,10.18878173828125,29.01712417602539,12.315793991088867,24.69134521484375,11.672297477722168,32.33893966674805,19.9072265625,112.91912841796875
2012-11-02,13.669447898864746,21.834213256835938,10.12549877166748,28.774927139282227,12.15628433227539,24.54490852355957,11.59237289428711,32.16266632080078,19.8944091796875,111.9150619506836
2012-11-05,13.764191627502441,22.000137329101562,10.10651683807373,28.93117332458496,12.223444938659668,24.503063201904297,11.403748512268066,32.178680419921875,19.9456787109375,112.14435577392578
2012-11-06,13.90820026397705,22.353498458862305,10.220425605773926,29.243698120117188,12.278016090393066,24.684370040893555,11.410143852233887,32.21074295043945,20.052474975585938,113.02191925048828
2012-11-07,13.688395500183105,21.769681930541992,9.878687858581543,28.556148529052734,11.971587181091309,24.391504287719727,11.170364379882812,31.673887252807617,19.817520141601562,110.46044158935547
2012-11-08,13.502700805664062,21.376394271850586,9.796418190002441,28.259279251098633,11.799489974975586,24.126523971557617,11.1511869430542,31.297300338745117,19.49711799621582,109.13224792480469
2012-11-09,13.476173400878906,21.370243072509766,9.809075355529785,28.337392807006836,11.85405445098877,24.126523971557617,11.0840425491333,31.38543128967285,19.403146743774414,109.22712707519531
2012-11-12,13.476173400878906,21.41326332092285,9.828058242797852,28.415523529052734,11.83726692199707,24.126523971557617,10.991337776184082,31.545682907104492,19.420228958129883,109.31404876708984
2012-11-13,13.453434944152832,21.324159622192383,9.75844669342041,28.337392807006836,11.778497695922852,24.112592697143555,11.032893180847168,31.425487518310547,19.475765228271484,108.93458557128906
2012-11-14,13.226054191589355,21.066051483154297,9.587579727172852,27.673294067382812,11.660964965820312,23.847614288330078,10.956171035766602,31.048904418945312,19.185279846191406,107.46410369873047
2012-11-15,13.180578231811523,21.093700408935547,9.606565475463867,27.673294067382812,11.593807220458984,23.840639114379883,10.892226219177246,30.960765838623047,19.17245101928711,107.28225708007812
2012-11-16,13.210896492004395,21.176673889160156,9.669853210449219,27.751428604125977,11.610597610473633,23.99403953552246,10.984938621520996,31.193130493164062,19.30061149597168,107.81197357177734
2012-11-19,13.586080551147461,21.665220260620117,9.853372573852539,28.274898529052734,11.92961311340332,24.384532928466797,10.994531631469727,31.521642684936523,19.71499252319336,109.99400329589844
2012-11-20,13.59744644165039,21.57918357849121,9.904000282287598,28.2983455657959,11.879241943359375,24.47517967224121,10.975346565246582,31.69792366027832,19.813249588012695,110.04141235351562
2012-11-21,13.620182991027832,21.695945739746094,9.904000282287598,28.337392807006836,11.917019844055176,24.51004409790039,10.92739486694336,31.673887252807617,19.881601333618164,110.2469711303711
2012-11-23,13.79450798034668,22.00320816040039,10.024243354797363,28.704605102539062,12.110111236572266,24.872642517089844,10.898624420166016,32.06650924682617,20.14645767211914,111.74910736083984
2012-11-26,13.805875778198242,21.788129806518555,9.986272811889648,28.72804832458496,12.164679527282715,24.69134521484375,11.036094665527344,31.922273635864258,20.052474975585938,111.51189422607422
2012-11-27,13.745244026184082,21.606843948364258,9.897671699523926,28.6655330657959,12.110111236572266,24.670412063598633,11.064863204956055,31.729978561401367,19.9713077545166,110.94268035888672
2012-11-28,13.802088737487793,21.803483963012695,9.935644149780273,28.907739639282227,12.181467056274414,24.90750503540039,11.109623908996582,31.978374481201172,20.23189926147461,111.83604431152344
2012-11-29,13.896830558776855,21.8526554107666,9.986272811889648,29.07181167602539,12.240238189697266,25.039995193481445,11.173564910888672,32.202728271484375,20.28743553161621,112.3578109741211
2012-11-30,13.90820026397705,21.834213256835938,9.973614692687988,29.009307861328125,12.227644920349121,25.13064193725586,11.291853904724121,32.24277877807617,20.30451774597168,112.38157653808594
2012-12-03,13.650494575500488,21.714380264282227,9.935644149780273,28.696786880493164,12.210850715637207,25.03302574157715,11.221517562866211,32.17066955566406,20.19771385192871,111.82810974121094
2012-12-04,13.67702579498291,21.634490966796875,9.910330772399902,28.80616569519043,12.189865112304688,24.98420524597168,11.163971900939941,32.24277877807617,20.11227798461914,111.67002868652344
2012-12-05,13.514069557189941,21.785051345825195,10.030572891235352,29.110883712768555,12.068135261535645,25.02604866027832,11.333413124084473,32.346946716308594,20.052474975585938,111.86766052246094
2012-12-06,13.54818058013916,21.8557186126709,10.062211990356445,29.103065490722656,12.139492988586426,25.053932189941406,11.327020645141602,32.330928802490234,20.18064308166504,112.24715423583984
2012-12-07,13.66186809539795,21.987852096557617,10.144482612609863,29.29057502746582,12.076530456542969,25.22826385498047,11.336610794067383,32.43508529663086,20.25753402709961,112.58710479736328
2012-12-10,13.749031066894531,21.963258743286133,10.119168281555176,29.439022064208984,12.105912208557129,25.200363159179688,11.339807510375977,32.57129669189453,20.142189025878906,112.63452911376953
2012-12-11,13.858931541442871,22.092317581176758,10.16979694366455,29.50151252746582,12.26961898803711,25.21431541442871,11.365386009216309,32.915855407714844,20.206260681152344,113.40142059326172
2012-12-12,13.824827194213867,22.17220115661621,10.214096069335938,29.54838752746582,12.248632431030273,25.158533096313477,11.346205711364746,32.86776351928711,20.23189926147461,113.45675659179688
2012-12-13,13.786933898925781,21.966337203979492,10.163470268249512,29.454631805419922,12.160478591918945,25.116687774658203,11.301443099975586,32.587337493896484,20.09946632385254,112.7610855102539
2012-12-14,13.889253616333008,21.883378982543945,10.12549877166748,29.392131805419922,12.042947769165039,25.074859619140625,11.256685256958008,32.459136962890625,20.014028549194336,112.342041015625
2012-12-17,14.029470443725586,22.083097457885742,10.334338188171387,29.66559410095215,12.189865112304688,25.13064193725586,11.429326057434082,32.71553421020508,20.372867584228516,113.6622543334961
2012-12-18,14.196213722229004,22.48868751525879,10.48621940612793,30.048423767089844,12.37036418914795,25.123661041259766,11.509248733520508,32.97194290161133,20.612096786499023,114.92726135253906
2012-12-19,14.135578155517578,22.33505630493164,10.422931671142578,29.884347915649414,12.307394027709961,24.872642517089844,11.422927856445312,32.61937713623047,20.466856002807617,114.07340240478516
2012-12-20,14.27200984954834,22.485614776611328,10.568488121032715,30.040607452392578,12.328384399414062,25.012096405029297,11.458094596862793,32.667449951171875,20.50956916809082,114.72955322265625
2012-12-21,14.145841598510742,22.25739097595215,10.443674087524414,29.851726531982422,12.221999168395996,24.799152374267578,11.416068077087402,32.39274597167969,20.327280044555664,113.68816375732422
2012-12-24,14.218488693237305,22.087533950805664,10.424568176269531,29.765165328979492,12.188226699829102,24.721595764160156,11.367568016052246,32.263851165771484,20.34447479248047,113.33784484863281
2012-12-26,14.306417465209961,21.988710403442383,10.424568176269531,29.662830352783203,12.120677947998047,24.510047912597656,11.27057933807373,32.15108108520508,20.13381576538086,112.86015319824219
2012-12-27,14.256718635559082,21.94855499267578,10.386362075805664,29.615629196166992,12.10800838470459,24.552356719970703,11.251179695129395,32.102745056152344,20.159605026245117,112.70880126953125
2012-12-28,14.077024459838867,21.56561279296875,10.30357837677002,29.292943954467773,11.97291088104248,24.291458129882812,11.138022422790527,31.788564682006836,19.996232986450195,111.49071502685547
2012-12-31,14.352304458618164,22.0566463470459,10.43730640411377,29.82811737060547,12.17978286743164,24.608760833740234,11.289976119995117,32.12690353393555,20.39607048034668,113.3856201171875
2013-01-02,14.711685180664062,22.544597625732422,10.742975234985352,30.544300079345703,12.58506965637207,25.243375778198242,11.49689769744873,32.76332473754883,20.82170295715332,116.29170227050781
2013-01-03,14.604625701904297,22.538421630859375,10.73023796081543,30.560054779052734,12.504857063293457,25.17991065979004,11.49689769744873,32.803585052490234,20.8732967376709,116.02897644042969
2013-01-04,14.784314155578613,22.78858184814453,10.857596397399902,30.788288116455078,12.454195976257324,25.25042724609375,11.555096626281738,32.948612213134766,20.950685501098633,116.53854370117188
2013-01-07,14.75373363494873,22.6125431060791,10.832128524780273,30.654478073120117,12.43730354309082,25.081205368041992,11.441930770874023,33.05332946777344,20.89909553527832,116.22002410888672
2013-01-08,14.776674270629883,22.538421630859375,10.800288200378418,30.418384552001953,12.390868186950684,25.01068878173828,11.406370162963867,33.061370849609375,20.83890151977539,115.88563537597656
2013-01-09,14.872249603271484,22.501365661621094,10.787550926208496,30.725311279296875,12.411978721618652,25.067094802856445,11.383736610412598,33.42390441894531,20.8732967376709,116.18028259277344
2013-01-10,14.937246322631836,22.7051944732666,10.921281814575195,30.874855041503906,12.475302696228027,25.215181350708008,11.432229995727539,33.65752029418945,20.99367332458496,117.10383605957031
2013-01-11,14.91430377960205,22.732990264892578,10.895806312561035,30.764678955078125,12.492189407348633,25.32798957824707,11.445165634155273,33.64946746826172,21.010873794555664,117.09590148925781
2013-01-14,14.918130874633789,22.736080169677734,10.86396598815918,30.88273048400879,12.411978721618652,25.405553817749023,11.42253589630127,33.681697845458984,21.062469482421875,117.01625061035156
2013-01-15,14.93342113494873,22.83799171447754,10.90854549407959,30.96929359436035,12.331762313842773,25.483116149902344,11.454865455627441,33.64140701293945,21.217247009277344,117.09590148925781
2013-01-16,14.826372146606445,22.939908981323242,10.914910316467285,30.843381881713867,12.373980522155762,25.447866439819336,11.399900436401367,33.56889724731445,21.169954299926758,117.0799331665039
2013-01-17,14.941068649291992,23.085054397583008,10.90854549407959,31.173919677734375,12.424639701843262,25.617097854614258,11.445165634155273,33.86697769165039,21.39351463317871,117.83631896972656
2013-01-18,15.040471076965332,23.313587188720703,10.921281814575195,31.425762176513672,12.407755851745605,25.722864151000977,11.53569221496582,33.97975158691406,21.419313430786133,118.09905242919922
2013-01-22,15.185758590698242,23.53594970703125,11.023168563842773,31.551698684692383,12.44153118133545,25.729923248291016,11.632683753967285,34.07642364501953,21.475202560424805,118.73604583740234
2013-01-23,15.101646423339844,23.455652236938477,11.016800880432129,31.559551239013672,12.572403907775879,25.722864151000977,11.603588104248047,34.0361442565918,21.492403030395508,118.9271240234375
2013-01-24,15.1475248336792,23.523588180541992,11.074110984802246,31.74844741821289,12.357093811035156,25.793371200561523,11.655317306518555,34.253662109375,21.65577507019043,118.95894622802734
2013-01-25,15.201053619384766,23.74595832824707,11.125060081481934,31.850765228271484,12.369756698608398,25.9202880859375,11.713512420654297,34.51951217651367,21.88364601135254,119.62777709960938
2013-01-28,15.055769920349121,23.7058048248291,11.080480575561523,31.87436866760254,12.411978721618652,25.941452026367188,11.707049369812012,34.39867401123047,21.780466079711914,119.48445892333984
2013-01-29,15.13987922668457,24.0887451171875,11.125060081481934,31.94520378112793,12.428863525390625,26.082477569580078,11.787875175476074,34.76923370361328,21.694469451904297,119.95419311523438
2013-01-30,15.055769920349121,23.968307495117188,11.074110984802246,31.654008865356445,12.390868186950684,26.033119201660156,11.797574996948242,34.66450500488281,21.65577507019043,119.48445892333984
2013-01-31,14.918130874633789,23.888004302978516,11.06774616241455,31.5438232421875,12.411978721618652,25.99785804748535,11.826672554016113,34.567832946777344,21.552597045898438,119.18982696533203
2013-02-01,15.101646423339844,24.110368728637695,11.214212417602539,31.850765228271484,12.551292419433594,26.209386825561523,11.858999252319336,34.84172821044922,21.677270889282227,120.41597747802734
2013-02-04,14.956364631652832,23.881839752197266,11.086851119995117,31.575305938720703,12.386648178100586,25.962610244750977,11.77817153930664,34.45505905151367,21.41071319580078,119.06245422363281
2013-02-05,15.032827377319336,24.0887451171875,11.195106506347656,31.86651611328125,12.530183792114258,26.272859573364258,11.810505867004395,34.83368682861328,21.638580322265625,120.26470184326172
2013-02-06,15.048117637634277,24.104196548461914,11.214212417602539,31.87436866760254,12.525962829589844,26.308122634887695,11.8460693359375,34.82563018798828,21.685874938964844,120.35228729248047
2013-02-07,14.967835426330566,24.04243278503418,11.18237018585205,31.835031509399414,12.525962829589844,26.44913673400879,11.86223030090332,34.69672393798828,21.638580322265625,120.19305419921875
2013-02-08,15.055769920349121,24.267866134643555,11.207846641540527,31.9609432220459,12.63572883605957,26.4279842376709,11.86223030090332,34.95451736450195,21.80625343322754,120.86185455322266
2013-02-11,15.036651611328125,24.147424697875977,11.2587890625,31.937335968017578,12.661060333251953,26.4279842376709,11.89133071899414,34.88200759887695,21.733163833618164,120.8379898071289
2013-02-12,15.044299125671387,24.21228790283203,11.347942352294922,32.07899475097656,12.618844032287598,26.399782180786133,11.943060874938965,34.84172821044922,21.81915283203125,121.03704071044922
2013-02-13,15.09782600402832,24.29875373840332,11.322467803955078,32.25214385986328,12.614618301391602,26.4279842376709,11.943060874938965,34.81757354736328,21.866451263427734,121.1405258178711
2013-02-14,15.048117637634277,24.50875473022461,11.360679626464844,32.29936218261719,12.58084774017334,26.48439598083496,11.8460693359375,34.890071868896484,21.87504005432129,121.25202178955078
2013-02-15,15.044299125671387,24.227725982666016,11.309734344482422,32.315086364746094,12.572403907775879,26.519649505615234,11.871935844421387,34.97063446044922,21.900836944580078,121.1086654663086
2013-02-19,14.979300498962402,24.50875473022461,11.41799259185791,32.551212310791016,12.65683650970459,26.787601470947266,11.975395202636719,35.18814468383789,21.982528686523438,122.01629638671875
2013-02-20,14.558752059936523,23.996105194091797,11.246050834655762,32.12620544433594,12.483746528625488,26.738245010375977,11.952762603759766,34.96257019042969,21.647172927856445,120.49559020996094
2013-02-21,14.424936294555664,23.829336166381836,11.15689754486084,31.890113830566406,12.38242244720459,26.82285499572754,11.901032447814941,34.801456451416016,21.466602325439453,119.76313018798828
2013-02-22,14.61609935760498,24.079492568969727,11.296998023986816,32.141963958740234,12.534406661987305,26.977975845336914,12.02065658569336,34.95451736450195,21.586986541748047,120.93350219726562
2013-02-25,14.279653549194336,23.4494686126709,10.991328239440918,31.48085594177246,12.357093811035156,26.611312866210938,11.913963317871094,34.567832946777344,21.25163459777832,118.6325454711914
2013-02-26,14.43258285522461,23.681093215942383,11.0486421585083,31.669748306274414,12.428863525390625,26.67477798461914,11.949527740478516,34.65645980834961,21.46230697631836,119.44464874267578
2013-02-27,14.688737869262695,24.04243278503418,11.220582008361816,32.26789093017578,12.534406661987305,26.872207641601562,12.059456825256348,35.035091400146484,21.789047241210938,120.94943237304688
2013-02-28,14.715505599975586,23.993009567260742,11.201475143432617,32.24427032470703,12.509078025817871,26.858102798461914,12.101484298706055,35.00284194946289,21.896543502807617,120.71057891845703
2013-03-01,14.723143577575684,24.02390480041504,11.233317375183105,32.18918228149414,12.530183792114258,26.949777603149414,12.124114036560059,35.26869583129883,21.948129653930664,121.1086654663086
2013-03-04,14.742263793945312,23.971403121948242,11.328839302062988,32.12620544433594,12.568181037902832,27.154254913330078,12.246973991394043,35.462039947509766,22.141597747802734,121.75361633300781
2013-03-05,14.84167194366455,24.125812530517578,11.424361228942871,32.58268356323242,12.741273880004883,27.24593162536621,12.311631202697754,35.768165588378906,22.36516761779785,122.84435272216797
2013-03-06,14.971654891967773,24.15360450744629,11.500776290893555,32.58268356323242,12.732831001281738,27.182464599609375,12.305166244506836,35.84068298339844,22.34796714782715,123.01158905029297
2013-03-07,15.013712882995605,24.277137756347656,11.583558082580566,32.6063117980957,12.762384414672852,27.182464599609375,12.250205993652344,35.81650924682617,22.38666343688965,123.23452758789062
2013-03-08,15.136054039001465,24.394493103027344,11.615403175354004,32.91324234008789,12.787714004516602,27.23182487487793,12.276068687438965,35.880943298339844,22.623132705688477,123.75996398925781
2013-03-11,15.220161437988281,24.406848907470703,11.704553604125977,33.02342224121094,12.817266464233398,27.260025024414062,12.305166244506836,36.06623840332031,22.67901611328125,124.2297592163086
2013-03-12,15.231634140014648,24.43464469909668,11.640872955322266,32.834537506103516,12.77082633972168,27.23182487487793,12.272833824157715,36.22734451293945,22.614530563354492,123.95106506347656
2013-03-13,15.193400382995605,24.379056930541992,11.672714233398438,32.991947174072266,12.762384414672852,27.302331924438477,12.327802658081055,36.23539352416992,22.739208221435547,124.12621307373047
2013-03-14,15.28515625,24.71258544921875,11.749130249023438,33.14935302734375,12.85525894165039,27.393999099731445,12.353668212890625,36.26762771606445,22.764999389648438,124.78705596923828
2013-03-15,15.298212051391602,24.693044662475586,11.788745880126953,33.17464828491211,12.801849365234375,27.274248123168945,12.434866905212402,36.18996047973633,22.67789649963379,124.62238311767578
2013-03-18,15.190723419189453,24.494504928588867,11.673736572265625,32.9691276550293,12.806085586547852,27.1892147064209,12.366381645202637,35.95533752441406,22.505409240722656,123.93457794189453
2013-03-19,15.125458717346191,24.224624633789062,11.60983943939209,32.937503814697266,12.789133071899414,27.415969848632812,12.39899730682373,35.97960662841797,22.345861434936523,123.64664459228516
2013-03-20,15.240629196166992,24.361116409301758,11.686513900756836,32.97703552246094,12.852718353271484,27.678157806396484,12.490310668945312,36.27896499633789,22.60458755493164,124.51040649414062
2013-03-21,14.979576110839844,24.237037658691406,11.545943260192871,32.645042419433594,12.708593368530273,27.59311294555664,12.428345680236816,36.076690673828125,22.414852142333984,123.4467544555664
2013-03-22,14.998771667480469,24.42936134338379,11.616230010986328,32.89798355102539,12.789133071899414,27.84821891784668,12.447911262512207,36.351783752441406,22.690841674804688,124.43843078613281
2013-03-25,14.883599281311035,24.336299896240234,11.584280014038086,32.605533599853516,12.759461402893066,27.82696533203125,12.421823501586914,36.246585845947266,22.65202522277832,123.91856384277344
2013-03-26,14.987255096435547,24.593774795532227,11.660956382751465,32.771522521972656,12.840004920959473,28.089141845703125,12.539224624633789,36.66731262207031,22.764144897460938,124.91029357910156
2013-03-27,14.983415603637695,24.674436569213867,11.603449821472168,32.771522521972656,12.806085586547852,28.067890167236328,12.597933769226074,36.85340118408203,22.77276611328125,124.91029357910156
2013-03-28,15.041003227233887,24.60308074951172,11.635397911071777,33.00865173339844,12.831521034240723,28.181264877319336,12.751203536987305,37.17701721191406,22.854703903198242,125.2940902709961
2013-04-01,14.910478591918945,24.55344581604004,11.577896118164062,32.605533599853516,12.746740341186523,28.167098999023438,12.721857070922852,37.27411651611328,22.682212829589844,124.79828643798828
2013-04-02,14.76459789276123,24.413854598999023,11.648178100585938,32.502777099609375,12.797613143920898,28.471792221069336,12.76424503326416,37.81620407104492,22.871950149536133,125.4140396118164
2013-04-03,14.64175033569336,23.95783805847168,11.456489562988281,32.30515670776367,12.695877075195312,28.160009384155273,12.728375434875488,37.58966827392578,22.6606502532959,124.14249420166016
2013-04-04,14.768441200256348,23.926820755004883,11.558725357055664,32.44743347167969,12.700114250183105,28.308818817138672,12.849038124084473,37.75956726074219,22.79001808166504,124.64631652832031
2013-04-05,14.707013130187988,23.979555130004883,11.5203857421875,32.384193420410156,12.602615356445312,28.10331153869629,12.904478073120117,37.54921340942383,22.67789649963379,124.08654022216797
2013-04-08,14.753079414367676,24.140871047973633,11.635397911071777,32.57390213012695,12.657721519470215,28.42218589782715,13.00231647491455,37.58157730102539,22.936634063720703,124.92623901367188
2013-04-09,14.925832748413086,24.34561538696289,11.667344093322754,32.67667007446289,12.746740341186523,28.393844604492188,12.963181495666504,37.702919006347656,22.876262664794922,125.35807037353516
2013-04-10,15.029485702514648,24.475894927978516,11.8270845413208,33.11140060424805,12.971414566040039,28.606426239013672,13.067535400390625,38.33401107788086,23.14361572265625,126.8935317993164
2013-04-11,15.094743728637695,24.58136749267578,11.852641105651855,33.19835662841797,12.929022789001465,28.74106788635254,13.096890449523926,38.706180572509766,23.337665557861328,127.30947875976562
2013-04-12,14.872092247009277,24.196699142456055,11.801526069641113,33.00865173339844,12.87391471862793,28.847347259521484,13.15233039855957,38.779014587402344,23.46271514892578,126.99751281738281
2013-04-15,14.323118209838867,23.210224151611328,11.552336692810059,32.004791259765625,12.66196346282959,28.386762619018555,12.963181495666504,38.07511520385742,22.846073150634766,124.05455780029297
2013-04-16,14.584166526794434,23.495615005493164,11.731242179870605,32.439537048339844,12.818805694580078,28.918210983276367,13.119714736938477,38.625274658203125,23.173805236816406,125.8858871459961
2013-04-17,14.369186401367188,22.980669021606445,11.513998031616211,31.90204620361328,12.555987358093262,28.670211791992188,13.044713020324707,38.4472770690918,22.936634063720703,124.04652404785156
2013-04-18,14.326953887939453,23.176101684570312,11.392596244812012,31.759763717651367,12.424574851989746,28.613515853881836,13.087106704711914,37.97801971435547,22.686527252197266,123.27076721191406
2013-04-19,14.495867729187012,23.129573822021484,11.552336692810059,31.917844772338867,12.441534996032715,29.059932708740234,13.28277587890625,38.51201248168945,22.958194732666016,124.34245300292969
2013-04-22,14.63406753540039,23.37773895263672,11.56511116027832,31.957365036010742,12.539030075073242,29.130796432495117,13.266468048095703,38.746646881103516,23.057369232177734,124.89423370361328
2013-04-23,14.760762214660645,23.647626876831055,11.775971412658691,32.18659210205078,12.67467975616455,29.357542037963867,13.299084663391113,38.98937225341797,23.29022979736328,126.18180084228516
2013-04-24,14.983415603637695,23.964046478271484,11.846253395080566,32.518577575683594,12.695877075195312,28.889875411987305,13.341475486755371,38.317832946777344,23.307477951049805,126.2617416381836
2013-04-25,15.148490905761719,23.98265838623047,11.916537284851074,32.68456268310547,12.738264083862305,28.981992721557617,13.34473705291748,38.4715576171875,23.505849838256836,126.77362060546875
2013-04-26,14.933509826660156,23.942325592041016,11.865425109863281,32.58971405029297,12.734025955200195,28.97490119934082,13.364300727844238,38.46346664428711,23.402353286743164,126.5496597290039
2013-04-29,15.160012245178223,24.184295654296875,11.916537284851074,32.75571060180664,12.916300773620605,29.0670166015625,13.47518539428711,38.584815979003906,23.484281539916992,127.3974838256836
2013-04-30,15.183043479919434,24.280454635620117,11.948485374450684,32.76361083984375,13.056187629699707,29.010337829589844,13.51106071472168,38.29355239868164,23.548967361450195,127.70130920410156
2013-05-01,14.914316177368164,23.902002334594727,11.814309120178223,32.33677673339844,12.941740989685059,28.981992721557617,13.377348899841309,37.889015197753906,23.42391014099121,126.58164978027344
2013-05-02,15.021812438964844,24.215309143066406,11.916537284851074,32.739898681640625,13.10705852508545,29.088285446166992,13.361042976379395,38.30972671508789,23.652462005615234,127.75728607177734
2013-05-03,15.28669261932373,24.65271759033203,12.044330596923828,33.30111312866211,13.229990005493164,29.2158203125,13.334959030151367,38.56864929199219,23.95000648498535,129.0529327392578
2013-05-06,15.328920364379883,24.820234298706055,12.172119140625,33.514530181884766,13.293577194213867,29.003246307373047,13.149068832397461,38.317832946777344,24.027620315551758,129.38070678710938
2013-05-07,15.474804878234863,25.01256561279297,12.236017227172852,33.82278823852539,13.2850980758667,29.222909927368164,13.27624797821045,38.43918228149414,24.23029136657715,130.0364990234375
2013-05-08,15.609171867370605,25.05289077758789,12.338248252868652,34.03619384765625,13.391070365905762,29.25834846496582,13.158846855163574,38.55245590209961,24.247547149658203,130.62835693359375
2013-05-09,15.589971542358398,25.03118133544922,12.248797416687012,34.03619384765625,13.352923393249512,29.052846908569336,12.959919929504395,38.60101318359375,24.29066276550293,130.26051330566406
2013-05-10,15.574615478515625,24.900888442993164,12.29991340637207,34.13896942138672,13.391070365905762,29.166234970092773,12.989267349243164,38.98128128051758,24.48040199279785,130.6842803955078
2013-05-13,15.463284492492676,24.89778709411621,12.338248252868652,34.004600524902344,13.357158660888672,29.2158203125,12.92078685760498,39.304908752441406,24.484710693359375,130.78822326660156
2013-05-14,15.655233383178711,25.25143051147461,12.549107551574707,34.423526763916016,13.399557113647461,29.56303596496582,13.008838653564453,39.70135498046875,24.734825134277344,132.13986206054688
2013-05-15,15.743524551391602,25.180086135864258,12.664118766784668,34.56580352783203,13.44194221496582,29.85358428955078,13.132763862609863,39.911705017089844,24.868501663208008,132.85153198242188
2013-05-16,15.670592308044434,25.055994033813477,12.581050872802734,34.39191818237305,13.514002799987793,29.676427841186523,13.025142669677734,39.49907302856445,24.579574584960938,132.227783203125
2013-05-17,15.839499473571777,25.474794387817383,12.747183799743652,34.91360092163086,13.649656295776367,29.718952178955078,13.149068832397461,39.72563552856445,24.816753387451172,133.50735473632812
2013-05-20,15.85485553741455,25.834638595581055,12.772740364074707,35.01636505126953,13.649656295776367,29.41423797607422,13.083841323852539,39.450538635253906,24.743453979492188,133.49932861328125
2013-05-21,15.835668563842773,25.781896591186523,12.8046875,35.063785552978516,13.607261657714844,29.442581176757812,13.109931945800781,39.87936019897461,24.85556411743164,133.69129943847656
2013-05-22,15.620677947998047,25.484098434448242,12.67050838470459,34.755496978759766,13.45889949798584,29.39297866821289,12.888169288635254,39.87936019897461,24.61838722229004,132.69961547851562
2013-05-23,15.628364562988281,25.496505737304688,12.593835830688477,34.6606559753418,13.454658508300781,29.272506713867188,12.800119400024414,39.86316680908203,24.566646575927734,132.31576538085938
2013-05-24,15.574615478515625,25.34758949279785,12.606614112854004,34.549983978271484,13.433467864990234,29.54887580871582,12.663150787353516,39.74180603027344,24.493337631225586,132.2037811279297
2013-05-28,15.716658592224121,25.614381790161133,12.734402656555176,34.7318000793457,13.497051239013672,29.598480224609375,12.516399383544922,40.14634704589844,24.730514526367188,132.99557495117188
2013-05-29,15.666749000549316,25.558542251586914,12.734402656555176,34.53419876098633,13.463139533996582,29.03158950805664,12.330513954162598,39.51526641845703,24.476097106933594,132.13185119628906
2013-05-30,15.716658592224121,25.49959945678711,12.88775634765625,34.739707946777344,13.547919273376465,28.918210983276367,12.363126754760742,39.79842758178711,24.476097106933594,132.61965942382812
2013-05-31,15.470965385437012,24.972230911254883,12.676900863647461,34.40771484375,13.42074966430664,28.379682540893555,12.288115501403809,38.924644470214844,24.200103759765625,130.71629333496094
2013-06-03,15.547745704650879,25.21420669555664,12.689675331115723,34.573699951171875,13.488572120666504,28.691463470458984,12.31420612335205,39.135005950927734,24.30790901184082,131.43603515625
2013-06-04,15.528544425964355,25.01568031311035,12.574665069580078,34.384010314941406,13.429220199584961,28.698543548583984,12.271809577941895,38.89228820800781,24.221664428710938,130.8042449951172
2013-06-05,15.183043479919434,24.724069595336914,12.370197296142578,33.75956344604492,13.297813415527344,28.351335525512695,12.164188385009766,38.325904846191406,23.82063865661621,128.97283935546875
2013-06-06,15.282855033874512,24.91020393371582,12.542717933654785,33.972984313964844,13.327488899230957,28.471792221069336,12.3076810836792,38.88417053222656,24.070741653442383,130.14048767089844
2013-06-07,15.424897193908691,25.2235107421875,12.759966850280762,34.613250732421875,13.450420379638672,28.82609748840332,12.38269329071045,39.24018096923828,24.51058006286621,131.7959747314453
2013-06-10,15.497836112976074,25.15216827392578,12.766353607177734,34.51047134399414,13.480095863342285,28.82609748840332,12.379430770874023,39.29680633544922,24.43728256225586,131.7959747314453
2013-06-11,15.282855033874512,24.770599365234375,12.555496215820312,34.19428634643555,13.340206146240234,28.755231857299805,12.297897338867188,39.135005950927734,24.195791244506836,130.4364013671875
2013-06-12,15.206075668334961,24.61858367919922,12.421316146850586,33.9571647644043,13.25118350982666,28.613515853881836,12.17723560333252,38.738563537597656,23.928442001342773,129.35678100585938
2013-06-13,15.486321449279785,25.03118133544922,12.65772819519043,34.455142974853516,13.403790473937988,28.911136627197266,12.376165390014648,39.337257385253906,24.37691307067871,131.32411193847656
2013-06-14,15.374991416931152,24.789216995239258,12.491598129272461,34.22591781616211,13.302056312561035,28.84026336669922,12.392472267150879,39.27254867553711,24.299293518066406,130.50035095214844
2013-06-17,15.505511283874512,25.145957946777344,12.613003730773926,34.49467468261719,13.424989700317383,29.095365524291992,12.43160629272461,39.361541748046875,24.432966232299805,131.50802612304688
2013-06-18,15.574615478515625,25.288658142089844,12.696065902709961,34.89778137207031,13.530961036682129,29.201642990112305,12.516399383544922,39.69325256347656,24.683069229125977,132.54769897460938
2013-06-19,15.45561408996582,25.055994033813477,12.523548126220703,34.36819839477539,13.374119758605957,28.620595932006836,12.229415893554688,39.06218338012695,24.402786254882812,130.71629333496094
2013-06-20,15.056355476379395,24.323888778686523,12.2551851272583,33.58566665649414,13.077388763427734,27.7560977935791,11.88372802734375,38.05892562866211,23.76458168029785,127.47735595703125
2013-06-21,15.005298614501953,24.36565399169922,12.266094207763672,33.606327056884766,12.998568534851074,28.122699737548828,12.03891372680664,38.43440246582031,23.810426712036133,127.88666534423828
2013-06-24,14.765453338623047,24.00408172607422,12.04797077178955,33.042240142822266,12.84093189239502,28.008581161499023,12.02902603149414,38.109317779541016,23.594127655029297,126.2706069946289
2013-06-25,14.854432106018066,24.312664031982422,12.272503852844238,33.4156494140625,12.947443008422852,28.051372528076172,12.187175750732422,38.30437469482422,23.806106567382812,127.484619140625
2013-06-26,14.924063682556152,24.462289810180664,12.394402503967285,33.74137878417969,13.024131774902344,28.34380531311035,12.342024803161621,38.85703659057617,24.104602813720703,128.74684143066406
2013-06-27,14.916324615478516,24.5090389251709,12.554783821105957,34.0750617980957,13.088041305541992,28.472179412841797,12.36838150024414,38.99519348144531,24.312253952026367,129.50259399414062
2013-06-28,14.835089683532715,24.406187057495117,12.47779655456543,33.87643814086914,13.0326509475708,28.29387855529785,12.398035049438477,38.694480895996094,24.398771286010742,128.9719696044922
2013-07-01,14.920191764831543,24.580734252929688,12.516288757324219,34.21805191040039,13.100818634033203,28.500715255737305,12.243185043334961,38.80013656616211,24.567489624023438,129.72767639160156
2013-07-02,14.873771667480469,24.63371467590332,12.529120445251465,33.85261535644531,13.12211799621582,28.536378860473633,12.239890098571777,38.718868255615234,24.610748291015625,129.60708618164062
2013-07-03,14.877640724182129,24.61815071105957,12.490631103515625,33.868492126464844,13.198808670043945,28.479307174682617,12.193760871887207,38.6619758605957,24.723222732543945,129.66334533691406
2013-07-05,14.978214263916016,24.923608779907227,12.715164184570312,34.40079879760742,13.284018516540527,28.550640106201172,12.157527923583984,39.19026565551758,24.991432189941406,131.06227111816406
2013-07-08,15.063323974609375,25.085695266723633,12.81139850616455,34.496131896972656,13.275500297546387,28.835941314697266,12.332139015197754,39.409698486328125,25.225040435791016,131.8099365234375
2013-07-09,15.295418739318848,25.34128189086914,12.920451164245605,34.98076248168945,13.326622009277344,29.049898147583008,12.421095848083496,39.52347946166992,25.324541091918945,132.75865173339844
2013-07-10,15.291556358337402,25.185440063476562,12.843472480773926,34.97282791137695,13.369227409362793,29.0855655670166,12.490291595458984,39.783565521240234,25.350496292114258,132.80682373046875
2013-07-11,15.539127349853516,25.388044357299805,12.965360641479492,35.528953552246094,13.595027923583984,29.542028427124023,12.691269874572754,40.29558181762695,25.713886260986328,134.61578369140625
2013-07-12,15.484965324401855,25.53142738342285,13.055177688598633,35.314453125,13.603551864624023,29.549156188964844,12.730803489685059,40.53941345214844,25.83501434326172,134.6720428466797
2013-07-15,15.523656845092773,25.509601593017578,13.112914085388184,35.44157791137695,13.641894340515137,29.591964721679688,12.938365936279297,40.580039978027344,25.770124435424805,135.18658447265625
2013-07-16,15.40760612487793,25.353750228881836,13.061588287353516,35.250877380371094,13.65041446685791,29.484975814819336,12.869180679321289,40.34434127807617,25.631685256958008,134.68014526367188
2013-07-17,15.550729751586914,25.465959548950195,13.119333267211914,35.35416793823242,13.663196563720703,29.542028427124023,12.862592697143555,40.450016021728516,25.64466094970703,135.0257568359375
2013-07-18,15.558469772338867,25.737144470214844,13.2925443649292,35.71168518066406,13.629112243652344,29.64187240600586,12.974611282348633,40.563785552978516,25.791748046875,135.76544189453125
2013-07-19,15.65904712677002,26.095600128173828,13.298959732055664,36.0771484375,13.399048805236816,29.81305694580078,12.977909088134766,41.10020065307617,25.770124435424805,136.00668334960938
2013-07-22,15.674519538879395,26.011428833007812,13.388772964477539,36.10095977783203,13.437392234802246,29.748868942260742,12.964725494384766,41.303382873535156,25.75281524658203,136.27194213867188
2013-07-23,15.720935821533203,26.05507469177246,13.337450981140137,36.0771484375,13.382006645202637,29.69181251525879,12.997668266296387,41.15708923339844,25.71820640563965,135.9824981689453
2013-07-24,15.573942184448242,25.76520347595215,13.241223335266113,35.79907989501953,13.471475601196289,29.499244689941406,12.799991607666016,41.092071533203125,25.631685256958008,135.48403930664062
2013-07-25,15.720935821533203,25.93663787841797,13.254054069519043,35.814971923828125,13.479997634887695,29.656147003173828,12.918601036071777,41.29524230957031,25.666301727294922,135.81369018554688
2013-07-26,15.662915229797363,25.871171951293945,13.241223335266113,35.69578170776367,13.518341064453125,29.620485305786133,12.964725494384766,41.56345748901367,25.748493194580078,135.95835876464844
2013-07-29,15.7518892288208,25.656095504760742,13.144991874694824,35.6004638671875,13.497034072875977,29.556297302246094,12.987789154052734,41.441551208496094,25.614381790161133,135.54034423828125
2013-07-30,15.713201522827148,25.60624122619629,13.138577461242676,35.75139617919922,13.565207481384277,29.527755737304688,13.030622482299805,41.44966506958008,25.549495697021484,135.54034423828125
2013-07-31,15.65904712677002,25.690387725830078,13.144991874694824,35.878543853759766,13.518341064453125,29.52063751220703,12.935075759887695,41.4659309387207,25.6835994720459,135.63681030273438
2013-08-01,15.775094985961914,26.108064651489258,13.356694221496582,36.49026870727539,13.663196563720703,29.76312255859375,13.043800354003906,41.726009368896484,26.08159828186035,137.2045440673828
2013-08-02,15.864070892333984,25.992746353149414,13.350281715393066,36.5617561340332,13.7228364944458,29.77739906311035,13.027327537536621,41.74226379394531,26.267602920532227,137.43775939941406
2013-08-05,15.821514129638672,25.930397033691406,13.324623107910156,36.41876220703125,13.752663612365723,29.79878807067871,12.941664695739746,41.685367584228516,26.211376190185547,137.23666381835938
2013-08-06,15.674519538879395,25.771440505981445,13.202730178833008,36.14865493774414,13.680238723754883,29.76312255859375,12.875771522521973,41.49030685424805,26.103227615356445,136.4568328857422
2013-08-07,15.682258605957031,25.6810359954834,13.112914085388184,36.093021392822266,13.64615249633789,29.620485305786133,12.935075759887695,41.52281951904297,25.87394142150879,136.01473999023438
2013-08-08,15.914359092712402,25.82130241394043,13.144991874694824,36.25987243652344,13.68875789642334,29.77739906311035,12.984495162963867,41.52281951904297,26.04698944091797,136.5131378173828
2013-08-09,16.007198333740234,25.743366241455078,13.100085258483887,36.14069747924805,13.62059211730957,29.649017333984375,12.895536422729492,41.37652587890625,25.99075698852539,136.11917114257812
2013-08-12,15.983983993530273,25.634281158447266,13.048763275146484,36.188377380371094,13.71005916595459,29.56342887878418,12.826350212097168,41.20585632324219,25.956138610839844,135.95835876464844
2013-08-13,16.04201316833496,25.6810359954834,13.112914085388184,36.34725570678711,13.803791999816895,29.58483123779297,12.757162094116211,41.36027526855469,25.956138610839844,136.3604278564453
2013-08-14,16.007198333740234,25.56258773803711,13.061588287353516,36.093021392822266,13.791007995605469,29.37799644470215,12.674792289733887,41.035179138183594,25.670623779296875,135.66099548339844
2013-08-15,15.89115047454834,25.422325134277344,12.86913013458252,35.687843322753906,13.569465637207031,28.90726089477539,12.513349533081055,40.34434127807617,25.220714569091797,133.76358032226562
2013-08-16,15.767358779907227,25.31946563720703,12.843472480773926,35.73552703857422,13.556686401367188,28.736082077026367,12.36838150024414,40.15741729736328,25.129871368408203,133.3214111328125
2013-08-19,15.643574714660645,24.917369842529297,12.676673889160156,35.544837951660156,13.514082908630371,28.607694625854492,12.262953758239746,40.23055648803711,25.021717071533203,132.46917724609375
2013-08-20,15.732549667358398,25.070100784301758,12.798563003540039,35.60841369628906,13.535383224487305,28.614837646484375,12.378264427185059,40.34434127807617,25.27695655822754,133.12039184570312
2013-08-21,15.612624168395996,24.932952880859375,12.708747863769531,35.36211013793945,13.505558013916016,28.393735885620117,12.236599922180176,40.100528717041016,25.060653686523438,132.30035400390625
2013-08-22,15.79830551147461,25.303882598876953,12.856302261352539,35.846736907958984,13.565207481384277,28.51498031616211,12.305782318115234,40.3606071472168,25.311559677124023,133.50633239746094
2013-08-23,15.925958633422852,25.484661102294922,12.86913013458252,35.85469436645508,13.663196563720703,28.67902374267578,12.407920837402344,40.46625518798828,25.315889358520508,133.95651245117188
2013-08-26,15.925958633422852,25.44103240966797,12.785731315612793,35.775238037109375,13.599287986755371,28.34380531311035,12.31567096710205,40.52315139770508,25.26397705078125,133.4580535888672
2013-08-27,15.647435188293457,25.28205680847168,12.47779655456543,35.052276611328125,13.360705375671387,28.19402503967285,12.309081077575684,39.864837646484375,24.85300064086914,131.3114471435547
2013-08-28,15.616497039794922,25.70285415649414,12.49704360961914,35.08405303955078,13.369227409362793,27.98006248474121,12.351910591125488,40.03550338745117,24.987102508544922,131.77777099609375
2013-08-29,15.666775703430176,25.43478775024414,12.529120445251465,35.18732833862305,13.441655158996582,28.09417152404785,12.27942943572998,40.15741729736328,25.108240127563477,131.98687744140625
2013-08-30,15.639703750610352,25.42544174194336,12.471383094787598,34.98871994018555,13.377747535705566,28.179767608642578,12.289308547973633,40.00299835205078,24.9525089263916,131.56875610351562
2013-09-03,15.732549667358398,25.61246681213379,12.574028015136719,35.21115493774414,13.390528678894043,28.158353805541992,12.147635459899902,40.2630729675293,25.129871368408203,132.16371154785156
2013-09-04,15.879544258117676,25.749614715576172,12.670258522033691,35.56867980957031,13.518341064453125,28.336669921875,12.147635459899902,40.726341247558594,25.393754959106445,133.25704956054688
2013-09-05,15.906620979309082,25.83689308166504,12.702332496643066,35.65608215332031,13.526862144470215,28.29387855529785,12.098217964172363,40.783226013183594,25.40240478515625,133.42593383789062
2013-09-06,15.887280464172363,25.833778381347656,12.702332496643066,35.640193939208984,13.535383224487305,28.36520767211914,12.183878898620605,40.79948806762695,25.372129440307617,133.49020385742188
2013-09-09,16.127117156982422,26.123641967773438,12.849886894226074,36.085086822509766,13.697279930114746,28.56491470336914,12.226713180541992,41.05143356323242,25.597074508666992,134.7685546875
2013-09-10,16.27024269104004,26.133005142211914,13.003851890563965,36.60944366455078,13.782486915588379,28.593433380126953,12.322258949279785,41.31150817871094,25.84366798400879,135.76544189453125
2013-09-11,16.37081527709961,26.332496643066406,13.016685485839844,36.7603874206543,13.718583106994629,28.80027198791504,12.200353622436523,41.58783721923828,26.03400421142578,136.19155883789062
2013-09-12,16.20061492919922,26.176639556884766,12.920451164245605,36.60944366455078,13.73136043548584,28.807397842407227,12.167407989501953,41.52281951904297,25.973440170288086,135.82974243164062
2013-09-13,16.30892562866211,26.16728973388672,12.958945274353027,36.71272277832031,13.744141578674316,29.042760848999023,12.25965404510498,41.6203498840332,26.04698944091797,136.13526916503906
2013-09-16,16.490737915039062,26.161056518554688,13.100085258483887,37.18940734863281,13.7228364944458,29.306665420532227,12.292604446411133,41.994197845458984,26.163787841796875,136.9231414794922
2013-09-17,16.444320678710938,26.27949333190918,13.164236068725586,37.34830856323242,13.791007995605469,29.406513214111328,12.365089416503906,42.018592834472656,26.315202713012695,137.5341796875
2013-09-18,16.823410034179688,26.597442626953125,13.279711723327637,37.817039489746094,13.965683937072754,29.75600242614746,12.734102249145508,42.27866744995117,26.61801528930664,139.12596130371094
2013-09-19,16.765396118164062,26.531980514526367,13.228387832641602,37.944149017333984,13.974206924438477,29.620485305786133,12.674792289733887,42.1405029296875,26.609375,138.89285278320312
2013-09-20,16.569448471069336,26.316858291625977,13.158190727233887,37.48044204711914,13.87488842010498,29.413061141967773,12.483534812927246,42.061344146728516,26.44883918762207,137.9217987060547
2013-09-23,16.445043563842773,26.188453674316406,12.97140884399414,37.3607177734375,13.917695999145508,29.283876419067383,12.633211135864258,41.76753616333008,26.24492073059082,137.2835693359375
2013-09-24,16.43726921081543,26.213520050048828,12.887678146362305,37.49639892578125,13.857763290405273,29.14749526977539,12.626564979553223,41.555362701416016,26.314342498779297,136.96043395996094
2013-09-25,16.480030059814453,26.207260131835938,12.958528518676758,37.328792572021484,13.836356163024902,28.90346908569336,12.540075302124023,41.22893142700195,26.153806686401367,136.5645751953125
2013-09-26,16.58888816833496,26.254222869873047,12.958528518676758,37.49639892578125,13.887730598449707,29.0541934967041,12.523448944091797,41.375823974609375,26.40110969543457,137.0896453857422
2013-09-27,16.39061164855957,26.163410186767578,12.913443565368652,37.2569694519043,13.802107810974121,28.874759674072266,12.443619728088379,41.375823974609375,26.40544891357422,136.45950317382812
2013-09-30,16.33229637145996,25.962997436523438,12.823273658752441,37.04145812988281,13.716486930847168,28.566112518310547,12.430312156677246,41.28605651855469,26.305660247802734,135.7324676513672
2013-10-01,16.40227699279785,26.12896156311035,12.913443565368652,37.27292251586914,13.836356163024902,28.738374710083008,12.466898918151855,41.808349609375,26.518253326416016,136.80694580078125
2013-10-02,16.445043563842773,26.188453674316406,12.907005310058594,37.09733581542969,13.84063720703125,28.67378807067871,12.480205535888672,41.71041488647461,26.509578704833984,136.67771911621094
2013-10-03,16.305089950561523,25.95985984802246,12.810394287109375,36.69028854370117,13.720767974853516,28.53023910522461,12.333849906921387,41.3431510925293,26.210203170776367,135.41732788085938
2013-10-04,16.542234420776367,26.222902297973633,12.913443565368652,36.92973327636719,13.776420593261719,28.573307037353516,12.357132911682129,41.800193786621094,26.45751190185547,136.44342041015625
2013-10-07,16.340076446533203,26.0068359375,12.765310287475586,36.6743278503418,13.716486930847168,28.47999382019043,12.297259330749512,41.33501434326172,26.084383010864258,135.26385498046875
2013-10-08,16.07959747314453,25.728134155273438,12.604293823242188,36.25929260253906,13.498156547546387,28.47999382019043,12.383743286132812,40.7392692565918,25.67220687866211,133.68846130371094
2013-10-09,16.10291862487793,25.637327194213867,12.649378776550293,36.243343353271484,13.549524307250977,28.501535415649414,12.433639526367188,40.66582489013672,25.55506134033203,133.7854461669922
2013-10-10,16.445043563842773,26.113306045532227,13.010054588317871,37.17716598510742,13.776420593261719,29.03264808654785,12.61991024017334,41.61250305175781,26.149471282958984,136.6696319580078
2013-10-11,16.542234420776367,26.395139694213867,13.080900192260742,37.352745056152344,13.892009735107422,29.118783950805664,12.679780960083008,41.808349609375,26.375080108642578,137.5501251220703
2013-10-14,16.600549697875977,26.573633193969727,13.145306587219238,37.49639892578125,13.93910026550293,29.240814208984375,12.609933853149414,42.11031723022461,26.48354721069336,138.0995635986328
2013-10-15,16.49946403503418,26.47655487060547,13.04869556427002,37.12128448486328,13.853484153747559,28.97523307800293,12.433639526367188,41.840999603271484,26.23189926147461,137.09774780273438
2013-10-16,16.666645050048828,26.874244689941406,13.325644493103027,37.36870574951172,13.986193656921387,29.405879974365234,12.546728134155273,42.6978874206543,26.557296752929688,139.01243591308594
2013-10-17,16.884357452392578,26.930614471435547,13.441573143005371,37.656036376953125,13.990472793579102,29.736038208007812,12.749632835388184,43.056968688964844,26.752546310424805,139.94151306152344
2013-10-18,16.934892654418945,27.2249755859375,13.467336654663086,38.06307601928711,14.230215072631836,29.77911376953125,12.7829008102417,42.885597229003906,26.917415618896484,140.88677978515625
2013-10-21,16.931007385253906,27.102848052978516,13.441573143005371,38.15886306762695,14.307271957397461,29.71450424194336,12.75628662109375,42.665252685546875,26.986833572387695,140.894775390625
2013-10-22,17.175935745239258,27.253158569335938,13.467336654663086,38.41426467895508,14.302993774414062,30.08774185180664,12.919273376464844,43.06512451171875,27.16905975341797,141.71080017089844
2013-10-23,17.063188552856445,26.82728385925293,13.3578519821167,38.43022918701172,14.234496116638184,30.145153045654297,12.929251670837402,42.983516693115234,26.995512008666992,141.03221130371094
2013-10-24,17.148712158203125,26.95567512512207,13.377169609069824,38.717559814453125,14.268744468688965,30.08774185180664,12.902640342712402,42.983516693115234,27.26451873779297,141.50071716308594
2013-10-25,17.199256896972656,27.118501663208008,13.435137748718262,38.917083740234375,14.341520309448242,30.159509658813477,13.039022445678711,43.04065704345703,27.468433380126953,142.14695739746094
2013-10-28,17.113733291625977,27.140417098999023,13.402932167053223,38.861228942871094,14.388611793518066,30.554285049438477,13.012406349182129,43.18756103515625,27.416370391845703,142.37319946289062
2013-10-29,17.148712158203125,27.331449508666992,13.441573143005371,38.97296142578125,14.482794761657715,30.8198299407959,13.029046058654785,43.47317886352539,27.5769100189209,143.1326141357422
2013-10-30,17.043752670288086,27.146699905395508,13.39004898071289,38.79737091064453,14.452827453613281,30.554285049438477,12.945882797241211,43.236507415771484,27.442407608032227,142.42166137695312
2013-10-31,17.016538619995117,27.052749633789062,13.248351097106934,38.80535125732422,14.405735969543457,30.396360397338867,12.899314880371094,43.06512451171875,27.511821746826172,142.01776123046875
2013-11-01,16.9776554107666,26.95567512512207,13.280557632446289,39.08469772338867,14.410017967224121,30.51120376586914,12.992453575134277,43.350765228271484,27.5769100189209,142.35708618164062
2013-11-04,17.04764175415039,27.290739059448242,13.286999702453613,39.22837448120117,14.465670585632324,30.539907455444336,13.019061088562012,43.3834114074707,27.672353744506836,142.8579864501953
2013-11-05,16.97376823425293,27.043352127075195,13.216151237487793,39.18844985961914,14.427141189575195,30.597333908081055,12.92592716217041,43.236507415771484,27.672353744506836,142.40560913085938
2013-11-06,17.090402603149414,27.12476348876953,13.280557632446289,39.30020523071289,14.572697639465332,30.927494049072266,13.10222339630127,43.13857650756836,27.60293960571289,143.1326141357422
2013-11-07,16.86491584777832,26.70515251159668,13.132428169250488,38.88517379760742,14.384331703186035,30.475318908691406,12.97915267944336,42.755027770996094,27.03022575378418,141.32296752929688
2013-11-08,17.179819107055664,27.102848052978516,13.435137748718262,39.411930084228516,14.512764930725098,30.626035690307617,12.955865859985352,43.3834114074707,27.45975112915039,143.22958374023438
2013-11-11,17.172046661376953,27.152950286865234,13.441573143005371,39.3800048828125,14.529888153076172,30.5327205657959,12.952535629272461,43.48949432373047,27.503143310546875,143.2538299560547
2013-11-12,17.117616653442383,26.902429580688477,13.312764167785645,39.395973205566406,14.568414688110352,30.58298110961914,12.842769622802734,43.46502685546875,27.455419540405273,142.96298217773438
2013-11-13,17.21092987060547,27.13729476928711,13.428694725036621,39.62743377685547,14.6925687789917,30.84136390686035,12.905973434448242,43.70984649658203,27.88928985595703,144.11019897460938
2013-11-14,17.354761123657227,27.300128936767578,13.544623374938965,39.77907180786133,14.654035568237305,31.063867568969727,13.019061088562012,44.07707977294922,28.08453369140625,144.82916259765625
2013-11-15,17.46750831604004,27.450443267822266,13.609031677246094,39.914764404296875,14.684001922607422,31.09975814819336,13.095564842224121,44.33007049560547,28.17997932434082,145.45933532714844
2013-11-18,17.35865592956543,27.240631103515625,13.602590560913086,39.97861099243164,14.62834644317627,31.006454467773438,13.078937530517578,44.13420486450195,27.958707809448242,144.9503936767578
2013-11-19,17.304235458374023,27.287614822387695,13.62191390991211,39.6912727355957,14.57697868347168,30.891603469848633,12.982475280761719,44.18316650390625,27.837223052978516,144.6352996826172
2013-11-20,17.16427230834961,27.221847534179688,13.583270072937012,39.515682220458984,14.529888153076172,30.76241111755371,12.839437484741211,44.313751220703125,27.694046020507812,144.1829376220703
2013-11-21,17.304235458374023,27.48175621032715,13.77648639678955,39.834938049316406,14.654035568237305,30.8198299407959,12.869378089904785,44.493282318115234,27.980396270751953,145.34625244140625
2013-11-22,17.393648147583008,27.628934860229492,13.840892791748047,40.18610763549805,14.62407398223877,30.97773551940918,12.859400749206543,45.08903884887695,28.1365966796875,146.0733642578125
2013-11-25,17.2847900390625,27.37842559814453,13.860213279724121,40.09832763671875,14.62407398223877,30.927494049072266,12.80950927734375,45.26857376098633,28.16263198852539,145.9279022216797
2013-11-26,17.242029190063477,27.30952262878418,13.847332954406738,40.17815017700195,14.675440788269043,30.898784637451172,12.683107376098633,45.13800048828125,28.327503204345703,145.9683074951172
2013-11-27,17.253684997558594,27.12476348876953,13.885981559753418,40.337764739990234,14.791031837463379,30.920318603515625,12.656500816345215,45.1216926574707,28.435976028442383,146.3237762451172
2013-11-29,17.23814582824707,27.06840705871582,13.834453582763672,40.22602462768555,14.850961685180664,30.870071411132812,12.649847030639648,45.09719467163086,28.461999893188477,146.22683715820312
2013-12-02,17.195369720458984,27.087186813354492,13.828010559082031,40.05842208862305,14.803879737854004,30.70500373840332,12.596626281738281,45.113521575927734,28.327503204345703,145.84710693359375
2013-12-03,16.993213653564453,27.152950286865234,13.686317443847656,39.71521759033203,14.83812141418457,30.855724334716797,12.659823417663574,44.7217903137207,28.058500289916992,145.217041015625
2013-12-04,17.07485008239746,27.065269470214844,13.718524932861328,39.55561065673828,14.850961685180664,30.783954620361328,12.716371536254883,44.566749572753906,27.993419647216797,145.20083618164062
2013-12-05,16.9776554107666,26.974454879760742,13.589709281921387,39.57155227661133,14.803879737854004,30.504032135009766,12.613255500793457,44.485130310058594,28.02379035949707,144.56260681152344
2013-12-06,17.21092987060547,27.05901336669922,13.77648639678955,40.17815017700195,14.906615257263184,30.920318603515625,12.786223411560059,45.06455612182617,28.258079528808594,146.17831420898438
2013-12-09,17.300334930419922,27.096588134765625,13.834453582763672,40.28191375732422,14.953712463378906,31.027976989746094,12.709714889526367,45.15433120727539,28.236391067504883,146.54995727539062
2013-12-10,17.350881576538086,27.015165328979492,13.782923698425293,40.194114685058594,14.923748016357422,30.76241111755371,12.583321571350098,44.97477722167969,28.253747940063477,146.02487182617188
2013-12-11,17.05541229248047,26.633136749267578,13.596152305603027,39.56357955932617,14.786750793457031,30.812654495239258,12.480205535888672,44.19949722290039,27.993419647216797,144.3848876953125
2013-12-12,17.02042579650879,26.74586296081543,13.596152305603027,39.60350036621094,14.688289642333984,30.389183044433594,12.496833801269531,43.881221771240234,27.906644821166992,143.90823364257812
2013-12-13,17.10205841064453,26.658170700073242,13.609031677246094,39.723209381103516,14.641192436218262,30.33894157409668,12.476879119873047,43.91386795043945,27.976062774658203,143.8920440673828
2013-12-16,17.172046661376953,26.889907836914062,13.692760467529297,40.09832763671875,14.786750793457031,30.33176612854004,12.543399810791016,43.9954833984375,28.158300399780273,144.788818359375
2013-12-17,17.2847900390625,26.736459732055664,13.602590560913086,40.082366943359375,14.782471656799316,30.188213348388672,12.520121574401855,43.78329086303711,28.08453369140625,144.32830810546875
2013-12-18,17.494726181030273,27.140417098999023,13.918183326721191,40.75279998779297,14.898058891296387,30.690649032592773,12.686436653137207,44.868690490722656,28.501052856445312,146.7923583984375
2013-12-19,17.521942138671875,27.218711853027344,13.8988618850708,40.79269790649414,14.923748016357422,30.633228302001953,12.59329891204834,44.770755767822266,28.483692169189453,146.62271118164062
2013-12-20,17.577486038208008,27.2668514251709,13.983628273010254,41.12080383300781,15.040332794189453,30.772069931030273,12.718029022216797,44.99611282348633,28.60218620300293,147.47555541992188
2013-12-23,17.663564682006836,27.295166015625,14.04833984375,41.281246185302734,15.23823070526123,30.743146896362305,12.667597770690918,45.16819381713867,28.7285099029541,148.2635040283203
2013-12-24,17.855262756347656,27.4461727142334,14.074220657348633,41.47377395629883,15.28125,30.78655433654785,12.718029022216797,45.08625411987305,28.789499282836914,148.58836364746094
2013-12-26,17.953067779541016,27.641223907470703,14.106573104858398,41.762569427490234,15.319974899291992,30.90947914123535,12.660876274108887,45.42221450805664,29.00294303894043,149.34381103515625
2013-12-27,18.007829666137695,27.776506423950195,14.100104331970215,41.71443557739258,15.307068824768066,30.98179817199707,12.711302757263184,45.38125228881836,28.867908477783203,149.33567810058594
2013-12-30,18.019567489624023,27.578310012817383,14.074220657348633,41.6743278503418,15.27695369720459,31.061349868774414,12.741556167602539,45.45499801635742,28.99858856201172,149.3113250732422
2013-12-31,18.082164764404297,27.845727920532227,14.14539909362793,41.92300033569336,15.37590217590332,31.08304214477539,12.765090942382812,45.430423736572266,29.111852645874023,150.01797485351562
2014-01-02,17.937416076660156,27.449317932128906,14.067749977111816,41.337406158447266,15.225321769714355,30.69976806640625,12.570100784301758,45.17639923095703,28.976810455322266,148.5802764892578
2014-01-03,17.894384384155273,27.348642349243164,14.164814949035645,41.44969940185547,15.152190208435059,30.641891479492188,12.52975845336914,45.282920837402344,28.89838981628418,148.5559539794922
2014-01-06,17.796581268310547,27.38640022277832,14.177756309509277,41.20906066894531,15.126374244689941,30.52617835998535,12.549930572509766,45.094444274902344,28.719799041748047,148.12539672851562
2014-01-07,17.765275955200195,27.594036102294922,14.184222221374512,41.465763092041016,15.264047622680664,30.692520141601562,12.660876274108887,45.56973648071289,28.894044876098633,149.0351104736328
2014-01-08,17.870908737182617,27.402116775512695,14.229521751403809,41.393558502197266,15.264047622680664,30.461097717285156,12.593636512756348,45.97126388549805,28.815631866455078,149.06764221191406
2014-01-09,17.800487518310547,27.317182540893555,14.281291007995605,41.59410095214844,15.165096282958984,30.620197296142578,12.667597770690918,46.31543731689453,28.811277389526367,149.1650848388672
2014-01-10,17.855262756347656,27.339204788208008,14.255406379699707,41.658287048339844,15.195205688476562,30.663589477539062,12.849138259887695,46.49571990966797,28.89838981628418,149.57122802734375
2014-01-13,17.612699508666992,26.794940948486328,14.041866302490234,41.15290069580078,15.031723976135254,30.490022659301758,12.718029022216797,46.1187629699707,28.31903839111328,147.5811767578125
2014-01-14,17.859172821044922,27.144153594970703,14.158342361450195,41.586090087890625,15.285554885864258,30.649131774902344,12.734838485717773,46.7005729675293,28.562978744506836,149.189453125
2014-01-15,17.968708038330078,27.06549644470215,14.326582908630371,41.88289260864258,15.47054672241211,30.656360626220703,12.711302757263184,46.65959930419922,28.632673263549805,149.99366760253906
2014-01-16,18.011749267578125,27.103254318237305,14.235992431640625,41.77860641479492,15.466245651245117,30.663589477539062,12.798707008361816,46.774322509765625,28.480199813842773,149.7986602783203
2014-01-17,17.968708038330078,27.0592098236084,14.190698623657227,41.57003402709961,15.380205154418945,30.4249324798584,12.7953462600708,46.72515106201172,28.353885650634766,149.1650848388672
2014-01-21,18.078256607055664,27.282583236694336,14.203638076782227,41.610164642333984,15.457648277282715,30.54065704345703,12.936548233032227,46.995567321777344,28.3277530670166,149.60372924804688
2014-01-22,17.902206420898438,27.408416748046875,14.21010971069336,41.738502502441406,15.440435409545898,30.54065704345703,12.94999885559082,47.03654861450195,28.401798248291016,149.7012176513672
2014-01-23,17.636178970336914,27.096956253051758,13.977157592773438,41.24113845825195,15.410318374633789,30.273075103759766,12.913017272949219,46.70875930786133,28.201416015625,148.4746856689453
2014-01-24,17.162797927856445,26.530668258666992,13.660080909729004,39.957618713378906,15.11346435546875,29.998254776000977,12.768451690673828,45.61070251464844,27.661264419555664,145.30682373046875
2014-01-27,17.092382431030273,26.436294555664062,13.575963973999023,39.997718811035156,14.9714994430542,29.875301361083984,12.798707008361816,45.24193572998047,27.552366256713867,144.59207153320312
2014-01-28,17.1901912689209,26.637630462646484,13.757145881652832,40.374759674072266,14.881152153015137,30.106733322143555,12.84577465057373,45.84834289550781,27.74403190612793,145.4530029296875
2014-01-29,17.260608673095703,26.489768981933594,13.595375061035156,39.94157409667969,14.764998435974121,29.57880210876465,12.839054107666016,45.430423736572266,27.299707412719727,144.05592346191406
2014-01-30,17.342763900756836,26.5747127532959,13.789497375488281,40.334651947021484,14.94569206237793,29.622182846069336,13.037405014038086,46.25806427001953,27.75709342956543,145.58299255371094
2014-01-31,17.229312896728516,26.23179054260254,13.627728462219238,40.13411331176758,14.980098724365234,29.4775447845459,13.144983291625977,45.85654830932617,27.365053176879883,144.7301025390625
2014-02-03,16.826353073120117,25.763042449951172,13.284770965576172,39.01903533935547,14.666046142578125,28.841140747070312,13.040764808654785,44.955135345458984,26.646289825439453,141.47286987304688
2014-02-04,16.97501564025879,26.027301788330078,13.414189338684082,39.26772689819336,14.721980094909668,28.99300765991211,12.963443756103516,45.39764404296875,26.972999572753906,142.46388244628906
2014-02-05,16.994577407836914,25.7724666595459,13.401247024536133,39.25168228149414,14.73487663269043,29.01471519470215,12.906292915344238,45.143611907958984,27.007848739624023,142.28518676757812
2014-02-06,17.24886131286621,26.156293869018555,13.608311653137207,39.79716491699219,14.898357391357422,29.32568359375,13.000423431396484,45.39764404296875,27.5784969329834,144.16151428222656
2014-02-07,17.48751449584961,26.439441680908203,13.776556968688965,40.4870719909668,15.100558280944824,29.60049819946289,13.071024894714355,46.17612075805664,27.918272018432617,145.94854736328125
2014-02-10,17.573583602905273,26.31044578552246,13.789497375488281,40.23035430908203,15.130677223205566,29.716203689575195,13.1685209274292,46.5612678527832,27.900856018066406,146.21656799316406
2014-02-11,17.77701187133789,26.653364181518555,13.931861877441406,40.679595947265625,15.315672874450684,30.063335418701172,13.292909622192383,47.19224548339844,28.10558319091797,147.8166961669922
2014-02-12,17.745718002319336,26.590436935424805,13.931861877441406,40.912235260009766,15.37590217590332,29.933170318603516,13.309718132019043,47.19224548339844,28.131723403930664,147.88986206054688
2014-02-13,17.89829444885254,26.716279983520508,13.983628273010254,40.94432830810547,15.48775577545166,30.085044860839844,13.454273223876953,47.52823257446289,28.218841552734375,148.65338134765625
2014-02-14,18.04303741455078,27.06549644470215,14.00304126739502,41.20906066894531,15.517874717712402,30.25860023498535,13.541686058044434,47.70029830932617,28.388736724853516,149.4738006591797
2014-02-18,18.054780960083008,27.188190460205078,14.028926849365234,41.17695236206055,15.526474952697754,30.085044860839844,13.588751792907715,48.14280319213867,28.423585891723633,149.65245056152344
2014-02-19,17.92959213256836,27.222806930541992,13.834797859191895,40.79191207885742,15.474848747253418,30.019947052001953,13.511427879333496,47.84780502319336,28.192710876464844,148.66151428222656
2014-02-20,18.11737632751465,27.402116775512695,13.87362289428711,41.17695236206055,15.526474952697754,30.150121688842773,13.615650177001953,48.282100677490234,28.345172882080078,149.53872680664062
2014-02-21,18.0704288482666,27.185062408447266,13.899507522583008,41.2250862121582,15.466245651245117,30.085044860839844,13.63245677947998,48.19196319580078,28.401798248291016,149.3682403564453
2014-02-24,18.007829666137695,27.594036102294922,14.00304126739502,41.5379524230957,15.526474952697754,30.19351577758789,13.598834991455078,48.552528381347656,28.519420623779297,150.1967010498047
2014-02-25,18.0743408203125,27.581457138061523,13.91891860961914,41.40157699584961,15.483453750610352,30.309228897094727,13.582032203674316,48.42961502075195,28.719799041748047,150.13980102539062
2014-02-26,18.211271286010742,27.408416748046875,13.899507522583008,41.441680908203125,15.496360778808594,30.28029441833496,13.538322448730469,48.42961502075195,28.880977630615234,150.14793395996094
2014-02-27,18.356021881103516,27.436738967895508,13.970685005187988,41.68234634399414,15.621127128601074,30.417701721191406,13.504706382751465,48.70822525024414,28.99858856201172,150.93585205078125
2014-02-28,18.418617248535156,27.575157165527344,14.041866302490234,41.762569427490234,15.63832950592041,30.627429962158203,13.598834991455078,48.70822525024414,29.116207122802734,151.317626953125
2014-03-03,18.375581741333008,27.39897918701172,13.931861877441406,41.481788635253906,15.47054672241211,30.461097717285156,13.464365005493164,48.347660064697266,28.841766357421875,150.2535400390625
2014-03-04,18.665084838867188,27.697858810424805,14.216586112976074,42.08345413208008,15.672748565673828,30.873315811157227,13.561856269836426,49.26544952392578,29.20332908630371,152.36544799804688
2014-03-05,18.70812225341797,27.439882278442383,14.365412712097168,42.139591217041016,15.694266319274902,30.772069931030273,13.471083641052246,49.142547607421875,29.325298309326172,152.50355529785156
2014-03-06,18.778541564941406,27.63807487487793,14.41070556640625,42.38027572631836,15.71577262878418,30.764827728271484,13.403849601745605,48.8393440246582,29.39934539794922,152.85281372070312
2014-03-07,18.696378707885742,27.69156265258789,14.475419998168945,42.516632080078125,15.668451309204102,30.85163116455078,13.444192886352539,48.716426849365234,29.355785369873047,152.91773986816406
2014-03-10,18.680728912353516,27.735610961914062,14.481890678405762,42.3321418762207,15.642638206481934,30.88054847717285,13.410572052001953,48.921287536621094,29.277379989624023,152.83651733398438
2014-03-11,18.489036560058594,27.421009063720703,14.384827613830566,42.02727508544922,15.60821533203125,30.86609649658203,13.373597145080566,48.82295227050781,29.10748863220215,152.08111572265625
2014-03-12,18.481212615966797,27.424148559570312,14.3589448928833,41.94707107543945,15.634031295776367,30.931184768676758,13.541686058044434,48.81475830078125,29.063928604125977,152.1217498779297
2014-03-13,18.348196029663086,27.15044593811035,14.197166442871094,41.353450775146484,15.423223495483398,30.779306411743164,13.682887077331543,48.1510009765625,28.711088180541992,150.41600036621094
2014-03-14,18.348196029663086,27.17561912536621,14.106573104858398,41.1930046081543,15.328577041625977,30.79376792907715,13.746764183044434,47.88876724243164,28.684953689575195,149.99366760253906
2014-03-17,18.496856689453125,27.320337295532227,14.255406379699707,41.698387145996094,15.509268760681152,30.974565505981445,13.837536811828613,48.35585021972656,28.876619338989258,151.35011291503906
2014-03-18,18.60248565673828,27.54999351501465,14.326582908630371,41.92300033569336,15.711468696594238,31.03965950012207,13.817361831665039,48.872127532958984,29.00294303894043,152.43045043945312
2014-03-19,18.438175201416016,27.34235191345215,14.320117950439453,41.48982620239258,15.646933555603027,30.801013946533203,13.598834991455078,48.72462463378906,28.811277389526367,151.61819458007812
2014-03-20,18.684646606445312,27.449317932128906,14.546594619750977,41.610164642333984,15.7673978805542,30.90947914123535,13.629096984863281,48.72462463378906,28.88532829284668,152.50355529785156
2014-03-21,18.60609245300293,27.524240493774414,14.54854679107666,41.61418533325195,15.688329696655273,30.89204216003418,13.732488632202148,47.84066390991211,28.70092010498047,151.91204833984375
2014-03-24,18.46076011657715,27.467334747314453,14.542048454284668,41.47720718383789,15.675374031066895,30.862960815429688,13.769777297973633,47.306175231933594,28.412519454956055,151.2838134765625
2014-03-25,18.562883377075195,27.713930130004883,14.529064178466797,41.85588836669922,15.770416259765625,31.08829116821289,13.827408790588379,47.72555160522461,28.242095947265625,152.00181579589844
2014-03-26,18.29578971862793,27.584312438964844,14.379679679870605,41.428871154785156,15.580317497253418,31.015609741210938,13.769777297973633,47.74199295043945,28.014862060546875,150.9085693359375
2014-03-27,18.24472999572754,27.808792114257812,14.301739692687988,41.37247085571289,15.524144172668457,30.993791580200195,13.881648063659668,47.63508224487305,27.879398345947266,150.59031677246094
2014-03-28,18.370420455932617,28.15654754638672,14.36019229888916,41.67864227294922,15.584626197814941,31.07375144958496,13.901982307434082,47.45418930053711,28.089149475097656,151.332763671875
2014-03-31,18.57073402404785,28.15654754638672,14.509574890136719,42.16206359863281,15.70561408996582,31.299087524414062,14.054532051086426,48.09557342529297,28.28141975402832,152.57286071777344
2014-04-01,18.672863006591797,28.324115753173828,14.535555839538574,42.460166931152344,15.891401290893555,31.248205184936523,13.956219673156738,48.39981460571289,28.67470932006836,153.5845184326172
2014-04-02,18.81032943725586,28.42527198791504,14.568034172058105,42.75827407836914,15.900045394897461,31.2845516204834,13.93588638305664,48.613609313964844,28.866975784301758,154.09854125976562
2014-04-03,18.833906173706055,28.6086483001709,14.542048454284668,42.82272720336914,15.822272300720215,31.32088851928711,13.979951858520508,48.50672912597656,28.727140426635742,153.89453125
2014-04-04,18.59430503845215,28.50432014465332,14.399161338806152,42.33125305175781,15.519819259643555,31.219114303588867,14.054532051086426,47.700862884521484,28.250835418701172,152.07516479492188
2014-04-07,18.323286056518555,28.02691650390625,14.178335189819336,41.72697448730469,15.398844718933105,31.248205184936523,14.03079891204834,47.223941802978516,27.700231552124023,150.39456176757812
2014-04-08,18.393993377685547,28.30830955505371,14.197822570800781,41.72697448730469,15.537101745605469,31.408111572265625,14.230806350708008,46.83747482299805,27.979896545410156,151.01463317871094
2014-04-09,18.672863006591797,28.437925338745117,14.321221351623535,42.258731842041016,15.744498252868652,31.546222686767578,14.200291633605957,47.84066390991211,28.28141975402832,152.63818359375
2014-04-10,18.299718856811523,28.04273223876953,13.989991188049316,41.420814514160156,15.381558418273926,31.233665466308594,14.146055221557617,46.24542236328125,27.577878952026367,149.431884765625
2014-04-11,18.079755783081055,27.963708877563477,13.821121215820312,41.009910583496094,15.208734512329102,31.07375144958496,14.132492065429688,45.809600830078125,27.197708129882812,148.085693359375
2014-04-14,18.225088119506836,28.346250534057617,13.931532859802246,41.243553161621094,15.35995864868164,31.32088851928711,14.217239379882812,46.064517974853516,27.411827087402344,149.2523651123047
2014-04-15,18.335071563720703,28.725618362426758,14.061429977416992,41.53362274169922,15.437729835510254,31.40083885192871,14.413857460021973,46.55788803100586,27.44679069519043,150.28030395507812
2014-04-16,18.60609245300293,29.07023048400879,14.171842575073242,42.17012023925781,15.588956832885742,31.706138610839844,14.518943786621094,46.78813171386719,27.83133316040039,151.8549346923828
2014-04-17,18.66500473022461,29.335796356201172,14.197822570800781,42.50043869018555,15.567351341247559,31.713407516479492,14.339282035827637,46.7799186706543,27.86628532409668,152.06707763671875
2014-04-21,18.668930053710938,29.53497886657715,14.184833526611328,42.62131118774414,15.627842903137207,31.727943420410156,14.322328567504883,47.33906555175781,27.940580368041992,152.5973358154297
2014-04-22,18.73571014404297,29.487545013427734,14.282255172729492,42.64546585083008,15.692648887634277,31.713407516479492,14.342668533325195,47.857112884521484,28.180906295776367,153.2908477783203
2014-04-23,18.739635467529297,29.642473220825195,14.314727783203125,42.80661392211914,15.524144172668457,31.66252899169922,14.349452018737793,47.618629455566406,28.049829483032227,152.93185424804688
2014-04-24,18.65714454650879,29.65195655822754,14.308234214782715,42.726036071777344,15.645123481750488,31.78607940673828,14.447757720947266,47.54464340209961,28.202768325805664,153.2418670654297
2014-04-25,18.523609161376953,29.47490119934082,14.191326141357422,42.307071685791016,15.44637393951416,31.829702377319336,14.613862991333008,47.19105529785156,27.722091674804688,151.98544311523438
2014-04-28,18.44504737854004,29.52549171447754,14.106891632080078,42.33125305175781,15.593273162841797,32.19314193725586,14.685050964355469,47.47062683105469,27.652172088623047,152.46681213378906
2014-04-29,18.57466697692871,29.661441802978516,14.243288040161133,42.44403839111328,15.701289176940918,32.05502700805664,14.62403392791748,47.75020980834961,27.77889633178711,153.1765899658203
2014-04-30,18.723920822143555,29.636154174804688,14.262774467468262,42.726036071777344,15.748818397521973,32.15679168701172,14.647760391235352,47.79132080078125,27.89687728881836,153.63348388671875
2014-05-01,18.60609245300293,29.569751739501953,14.288747787475586,42.62131118774414,15.76610279083252,32.127723693847656,14.708780288696289,47.898231506347656,28.006114959716797,153.64981079101562
2014-05-02,18.676788330078125,29.629825592041016,14.282255172729492,42.55683135986328,15.722894668579102,32.127723693847656,14.40708065032959,47.487091064453125,28.0760498046875,153.4295654296875
2014-05-05,18.778913497924805,29.76892852783203,14.223798751831055,42.64546585083008,15.8049955368042,32.05502700805664,14.535893440246582,47.79954147338867,28.102251052856445,153.72320556640625
2014-05-06,18.68464469909668,29.813190460205078,14.02245807647705,42.323177337646484,15.627842903137207,31.85151481628418,14.464707374572754,47.38018035888672,27.700231552124023,152.38519287109375
2014-05-07,18.829971313476562,30.07243537902832,14.210808753967285,42.685768127441406,15.636481285095215,32.15679168701172,14.698614120483398,47.51175308227539,27.665279388427734,153.28268432617188
2014-05-08,18.755342483520508,29.642473220825195,14.249778747558594,42.677696228027344,15.679688453674316,32.200408935546875,14.539287567138672,47.2568473815918,27.743934631347656,153.11952209472656
2014-05-09,18.755342483520508,29.614023208618164,14.243288040161133,42.70992660522461,15.696971893310547,32.3530387878418,14.32572078704834,47.54464340209961,27.89687728881836,153.3479461669922
2014-05-12,18.994943618774414,29.82267951965332,14.386171340942383,43.34642791748047,15.908683776855469,32.38212966918945,14.193511009216309,48.02978515625,28.2464599609375,154.84095764160156
2014-05-13,19.010656356811523,29.933326721191406,14.373187065124512,43.41893768310547,15.91732406616211,32.447532653808594,14.22741413116455,48.103797912597656,28.16780662536621,154.97964477539062
2014-05-14,19.01457977294922,29.94597816467285,14.269262313842773,43.096656799316406,15.843871116638184,32.27307891845703,14.298604011535645,48.136680603027344,27.853181838989258,154.2453155517578
2014-05-15,18.74748992919922,29.60452651977539,14.106891632080078,42.71798324584961,15.748818397521973,31.989601135253906,14.24096965789795,47.65153121948242,27.652172088623047,152.89105224609375
2014-05-16,18.814260482788086,29.52865219116211,14.126375198364258,42.77437973022461,15.848199844360352,32.18586349487305,14.285038948059082,47.81599044799805,27.8575496673584,153.42135620117188
2014-05-19,18.892820358276367,29.62034797668457,14.197822570800781,42.94358444213867,15.95189094543457,32.120445251464844,14.064690589904785,48.11200714111328,27.98427391052246,153.9843292236328
2014-05-20,18.79068946838379,29.53497886657715,14.113388061523438,42.37153244018555,15.861160278320312,32.0041389465332,14.064690589904785,47.807769775390625,27.730825424194336,153.01344299316406
2014-05-21,18.877107620239258,29.854290008544922,14.204318046569824,42.79048538208008,15.969173431396484,32.18586349487305,14.074864387512207,48.210689544677734,28.067302703857422,154.302490234375
2014-05-22,18.920312881469727,29.825843811035156,14.269262313842773,42.871063232421875,15.999419212341309,32.13499450683594,14.19012451171875,48.49849319458008,28.21587562561035,154.67776489257812
2014-05-23,19.08135223388672,29.765771865844727,14.314727783203125,43.1450080871582,16.13335418701172,32.18586349487305,14.156221389770508,48.52314758300781,28.43873405456543,155.29783630371094
2014-05-27,19.08135223388672,29.84796714782715,14.43813419342041,43.370601654052734,16.27161407470703,32.27307891845703,14.268092155456543,48.78628921508789,28.587305068969727,156.2523651123047
2014-05-28,19.089214324951172,29.89855194091797,14.412152290344238,43.4028205871582,16.228412628173828,32.22948455810547,14.352845191955566,48.64651107788086,28.556711196899414,156.13818359375
2014-05-29,19.281665802001953,30.154638290405273,14.444626808166504,43.580078125,16.323469161987305,32.483882904052734,14.39351749420166,49.03296661376953,28.67470932006836,156.94578552246094
2014-05-30,19.277753829956055,30.13250732421875,14.477099418640137,43.5478401184082,16.340749740600586,32.738285064697266,14.488433837890625,49.16455078125,28.70092010498047,157.19879150390625
2014-06-02,19.35630226135254,30.094568252563477,14.516071319580078,43.73316192626953,16.314828872680664,32.65833282470703,14.485041618347168,49.23031234741211,28.797046661376953,157.37826538085938
2014-06-03,19.31310272216797,30.198896408081055,14.535555839538574,43.684814453125,16.288902282714844,32.542030334472656,14.539287567138672,49.32078170776367,28.7446231842041,157.2966766357422
2014-06-04,19.344520568847656,30.183086395263672,14.574531555175781,43.676753997802734,16.319143295288086,32.65833282470703,14.53250789642334,49.4605598449707,28.88445472717285,157.61489868164062
2014-06-05,19.434860229492188,30.356971740722656,14.710916519165039,44.11989212036133,16.427160263061523,32.7891731262207,14.65453815460205,49.51813888549805,29.072362899780273,158.64279174804688
2014-06-06,19.529130935668945,30.606735229492188,14.808338165283203,44.56301498413086,16.50061798095703,32.87639236450195,14.603690147399902,49.46877670288086,29.242780685424805,159.40158081054688
2014-06-09,19.478063583374023,30.65415382385254,14.873290061950684,44.78863525390625,16.552459716796875,32.82550811767578,14.505382537841797,49.213871002197266,29.251514434814453,159.5647735595703
2014-06-10,19.505558013916016,30.603574752807617,14.866793632507324,44.68387985229492,16.56110382080078,32.82550811767578,14.471482276916504,49.378334045410156,29.194704055786133,159.58106994628906
2014-06-11,19.395586013793945,30.720548629760742,14.769370079040527,44.35353469848633,16.5222225189209,32.738285064697266,14.288429260253906,49.32078170776367,29.107311248779297,159.0262908935547
2014-06-12,19.23061752319336,30.82172966003418,14.678444862365723,43.75732421875,16.379636764526367,32.50569534301758,14.332498550415039,49.074100494384766,28.73587989807129,157.90040588378906
2014-06-13,19.30524253845215,31.115739822387695,14.68493938446045,43.910423278808594,16.47469139099121,32.498416900634766,14.424028396606445,49.03296661376953,28.748987197875977,158.38174438476562
2014-06-16,19.26203727722168,31.30228042602539,14.61349105834961,43.8620719909668,16.47469139099121,32.62200164794922,14.522336959838867,49.131656646728516,28.814537048339844,158.51231384277344
2014-06-17,19.301319122314453,31.280134201049805,14.7628755569458,43.982913970947266,16.513568878173828,32.62200164794922,14.501996040344238,49.10698699951172,28.92814826965332,158.95285034179688
2014-06-18,19.509485244750977,31.517230987548828,14.847308158874512,44.232696533203125,16.59998893737793,33.00722885131836,14.830821990966797,49.5016975402832,29.146642684936523,160.1195068359375
2014-06-19,19.47020721435547,31.741724014282227,14.827823638916016,44.34548568725586,16.569747924804688,33.19621276855469,14.952852249145508,49.6661491394043,29.07672691345215,160.29901123046875
2014-06-20,19.588985443115234,32.057437896728516,14.88650894165039,44.531654357910156,16.533287048339844,33.09449005126953,14.861913681030273,50.08378982543945,28.9680118560791,160.6244354248047
2014-06-23,19.616613388061523,32.171775817871094,14.919120788574219,44.27265930175781,16.581031799316406,32.911521911621094,14.810627937316895,49.89393997192383,29.00308609008789,160.57522583007812
2014-06-24,19.431142807006836,31.4952449798584,14.82130241394043,43.82748794555664,16.49421501159668,32.794429779052734,14.855072975158691,49.92695617675781,28.932937622070312,159.6079864501953
2014-06-25,19.585044860839844,31.733474731445312,14.83434772491455,43.86795425415039,16.559324264526367,32.74319839477539,14.90977954864502,50.471702575683594,29.178421020507812,160.329345703125
2014-06-26,19.581096649169922,31.768404006958008,14.782184600830078,43.83559799194336,16.541959762573242,32.6261100769043,14.95422649383545,50.53773880004883,29.200345993041992,160.21456909179688
2014-06-27,19.52190589904785,31.768404006958008,14.840867042541504,43.94081115722656,16.641803741455078,32.68465042114258,15.012345314025879,50.405670166015625,29.270490646362305,160.5260772705078
2014-06-30,19.588985443115234,31.7938175201416,14.827821731567383,43.75465393066406,16.64613914489746,32.6553840637207,15.132007598876953,50.20759582519531,29.257335662841797,160.44412231445312
2014-07-01,19.636341094970703,31.812870025634766,14.919120788574219,44.0217399597168,16.8154239654541,32.72856140136719,14.981574058532715,50.8431282043457,29.568572998046875,161.51797485351562
2014-07-02,19.66002655029297,31.76523208618164,14.906072616577148,43.94889450073242,16.832786560058594,32.81639099121094,14.69096565246582,51.231048583984375,29.612422943115234,161.68194580078125
2014-07-03,19.786298751831055,31.88591194152832,15.023443222045898,44.31311798095703,16.906572341918945,32.999351501464844,14.530281066894531,51.437400817871094,29.840383529663086,162.47715759277344
2014-07-07,19.620563507080078,31.641353607177734,14.95823860168457,43.99746322631836,16.923934936523438,33.050575256347656,14.598657608032227,51.04945755004883,29.6562557220459,161.91143798828125
2014-07-08,19.569259643554688,31.590538024902344,14.827821731567383,43.69798278808594,16.77202033996582,32.98470687866211,14.697807312011719,50.57075500488281,29.36693572998047,160.8704376220703
2014-07-09,19.636341094970703,31.800172805786133,14.866947174072266,43.770835876464844,16.8544864654541,33.1310920715332,14.656781196594238,50.785343170166016,29.72201156616211,161.59173583984375
2014-07-10,19.549528121948242,31.4952449798584,14.769139289855957,43.5118408203125,16.806739807128906,33.07985305786133,14.755924224853516,50.752342224121094,29.445833206176758,160.95236206054688
2014-07-11,19.585044860839844,31.25385093688965,14.795220375061035,43.762733459472656,16.893552780151367,33.123775482177734,14.643098831176758,50.85963821411133,29.54228973388672,161.17367553710938
2014-07-14,19.573209762573242,31.523839950561523,14.88650894165039,44.01364517211914,17.015087127685547,33.2408561706543,14.475579261779785,51.02470779418945,29.625579833984375,161.98524475097656
2014-07-15,19.533740997314453,31.38726234436035,14.990838050842285,44.03792190551758,16.984703063964844,32.948123931884766,14.55079460144043,50.58725357055664,29.52474594116211,161.68194580078125
2014-07-16,19.667909622192383,31.86368179321289,14.96475887298584,44.224090576171875,17.14096450805664,32.955440521240234,14.598657608032227,50.422176361083984,29.599271774291992,162.28036499023438
2014-07-17,19.585044860839844,31.34915542602539,14.769139289855957,43.536109924316406,16.919591903686523,32.750518798828125,14.465316772460938,49.86917495727539,29.318702697753906,160.4359130859375
2014-07-18,19.70737648010254,31.44125747680664,14.938673973083496,43.90033721923828,17.123598098754883,33.07985305786133,14.612329483032227,50.686302185058594,29.59050178527832,162.07546997070312
2014-07-21,19.65212631225586,31.4888916015625,14.899558067321777,43.87604904174805,17.101898193359375,32.92616653442383,14.598657608032227,50.47996139526367,29.454599380493164,161.7720947265625
2014-07-22,19.67975616455078,31.71440887451172,14.945195198059082,44.03792190551758,17.24513816833496,32.867610931396484,14.56788444519043,50.91739273071289,29.57736587524414,162.47715759277344
2014-07-23,19.76262855529785,31.917665481567383,14.977802276611328,43.859859466552734,17.27552604675293,32.823699951171875,14.581561088562012,51.3300895690918,29.555429458618164,162.8378143310547
2014-07-24,19.73894500732422,31.946269989013672,15.01040267944336,43.649444580078125,17.262500762939453,32.911521911621094,14.626007080078125,51.2227897644043,29.621185302734375,162.8460235595703
2014-07-25,19.774459838867188,31.71123695373535,14.92563247680664,43.536109924316406,17.24079704284668,32.77979278564453,14.509760856628418,51.032955169677734,29.29240608215332,162.0836639404297
2014-07-28,19.82576560974121,31.634990692138672,14.932156562805176,43.317588806152344,17.271183013916016,32.61145782470703,14.711474418640137,51.082481384277344,29.349397659301758,162.1492156982422
2014-07-29,19.68369483947754,31.55560302734375,14.853911399841309,42.775299072265625,17.236461639404297,32.46510314941406,14.574725151062012,51.12375259399414,29.266111373901367,161.45240783691406
2014-07-30,19.581096649169922,31.368196487426758,14.919120788574219,42.81578826904297,17.253814697265625,32.12112808227539,14.328563690185547,51.3300895690918,29.42830467224121,161.47702026367188
2014-07-31,19.198314666748047,30.691675186157227,14.612645149230957,41.94975280761719,16.928281784057617,31.572229385375977,14.102916717529297,50.27362060546875,28.884719848632812,158.2880859375
2014-08-01,19.214101791381836,30.44392967224121,14.488754272460938,41.909278869628906,16.837121963500977,31.81376075744629,14.157618522644043,50.314884185791016,28.77950668334961,157.80453491210938
2014-08-04,19.44297981262207,30.955289840698242,14.60612678527832,42.05497360229492,16.958663940429688,31.916194915771484,14.08240032196045,50.529483795166016,29.06006622314453,158.94387817382812
2014-08-05,19.241722106933594,30.278766632080078,14.45615005493164,41.8040657043457,16.798053741455078,31.777156829833984,13.911465644836426,50.04251480102539,28.85841941833496,157.40277099609375
2014-08-06,19.3837890625,30.367694854736328,14.514840126037598,41.5936164855957,16.745969772338867,32.04793930053711,13.733677864074707,50.01774978637695,28.797029495239258,157.4519805908203
2014-08-07,19.214101791381836,30.1771240234375,14.449633598327637,41.634090423583984,16.676525115966797,31.784469604492188,13.890949249267578,49.37396240234375,28.647987365722656,156.5994110107422
2014-08-08,19.415359497070312,30.682126998901367,14.593085289001465,42.22494125366211,16.785036087036133,32.10649490356445,14.167874336242676,49.95996856689453,29.090744018554688,158.41110229492188
2014-08-11,19.3956298828125,30.685317993164062,14.60612678527832,42.394893646240234,16.867509841918945,32.3333625793457,14.116592407226562,49.935211181640625,29.222265243530273,158.87017822265625
2014-08-12,19.458770751953125,30.459800720214844,14.638724327087402,42.29777908325195,16.858829498291016,32.31139373779297,14.106335639953613,49.89393997192383,29.14774513244629,158.6488037109375
2014-08-13,19.56531524658203,30.558271408081055,14.703937530517578,42.71056365966797,17.023775100708008,32.40653991699219,14.171294212341309,50.4964714050293,29.252952575683594,159.72268676757812
2014-08-14,19.56531524658203,30.38357162475586,14.795220375061035,42.89670944213867,17.05415153503418,32.53826904296875,14.294371604919434,51.09074783325195,29.48090362548828,160.4768829345703
2014-08-15,19.624507904052734,30.609079360961914,14.723496437072754,42.807682037353516,17.05415153503418,32.58219909667969,14.349080085754395,51.1402702331543,29.423919677734375,160.44412231445312
2014-08-18,19.81787109375,30.691675186157227,14.88650894165039,43.455177307128906,17.214754104614258,32.77247619628906,14.311468124389648,51.53643798828125,29.695714950561523,161.78851318359375
2014-08-19,19.877065658569336,30.926708221435547,14.912591934204102,43.5604133605957,17.323266983032227,32.86030578613281,14.492668151855469,51.874855041503906,29.919286727905273,162.6328887939453
2014-08-20,19.904687881469727,30.993408203125,14.951716423034668,44.0217399597168,17.323266983032227,32.838340759277344,14.523441314697266,51.86659240722656,30.059560775756836,163.06736755371094
2014-08-21,19.877065658569336,31.018823623657227,15.127771377563477,43.98127365112305,17.405736923217773,32.89689254760742,14.557623863220215,51.94086837768555,30.033266067504883,163.54281616210938
2014-08-22,19.79814338684082,30.812353134155273,15.075613021850586,43.82748794555664,17.410083770751953,32.81639099121094,14.513181686401367,51.990394592285156,30.090255737304688,163.2886962890625
2014-08-25,19.87312126159668,31.085512161254883,15.206018447875977,43.99746322631836,17.427444458007812,32.999351501464844,14.612329483032227,52.38658142089844,30.177927017211914,164.1165771484375
2014-08-26,19.892847061157227,31.244335174560547,15.238617897033691,43.851768493652344,17.436120986938477,32.97739028930664,14.437970161437988,52.576416015625,30.18231964111328,164.22320556640625
2014-08-27,19.892847061157227,31.180810928344727,15.206018447875977,43.82748794555664,17.431787490844727,32.992027282714844,14.595232009887695,52.53515625,30.21300506591797,164.1576385498047
2014-08-28,19.908632278442383,31.187162399291992,15.160377502441406,43.762733459472656,17.405736923217773,33.00666427612305,14.701223373413086,52.51863479614258,30.173545837402344,164.06748962402344
2014-08-29,19.94019889831543,31.361848831176758,15.232102394104004,43.72227478027344,17.483875274658203,33.02863311767578,14.796951293945312,52.708473205566406,30.16916847229004,164.5347442626953
2014-09-02,19.87312126159668,30.964832305908203,15.290787696838379,43.86795425415039,17.48820686340332,33.04326629638672,14.663617134094238,52.683712005615234,30.226154327392578,164.4527587890625
2014-09-03,19.904687881469727,31.04739761352539,15.264700889587402,43.81131362915039,17.392717361450195,33.06521987915039,14.735413551330566,52.923072814941406,30.147233963012695,164.36260986328125
2014-09-04,19.904687881469727,30.628141403198242,15.277748107910156,43.82748794555664,17.384037017822266,33.16768264770508,14.728571891784668,52.65895080566406,30.261215209960938,164.1248321533203
2014-09-05,19.99151039123535,30.8346004486084,15.297307014465332,43.97319030761719,17.48820686340332,33.35796356201172,14.913191795349121,52.9643440246582,30.362060546875,164.8626708984375
2014-09-08,19.912578582763672,30.354990005493164,15.303823471069336,43.932701110839844,17.514257431030273,33.10912322998047,14.824305534362793,52.97259521484375,30.234912872314453,164.43630981445312
2014-09-09,19.75078582763672,30.221590042114258,15.147334098815918,43.79511642456055,17.38838005065918,33.02863311767578,14.653360366821289,52.83228302001953,29.93244171142578,163.3953094482422
2014-09-10,19.75078582763672,30.14853858947754,15.225582122802734,43.82748794555664,17.4925479888916,33.18962860107422,14.588398933410645,53.203697204589844,30.037647247314453,164.0100860595703
2014-09-11,19.72315788269043,30.167604446411133,15.264700889587402,43.843692779541016,17.531631469726562,33.204261779785156,14.711474418640137,53.05512237548828,30.050798416137695,164.19863891601562
2014-09-12,19.632396697998047,29.716575622558594,15.251665115356445,43.69798278808594,17.45783042907715,32.9700813293457,14.448225021362305,52.667213439941406,29.963132858276367,163.239501953125
2014-09-15,19.66002655029297,29.926193237304688,15.245144844055176,43.68180465698242,17.35365104675293,33.1310920715332,14.492668151855469,52.52688980102539,29.840383529663086,163.1165771484375
2014-09-16,19.75078582763672,30.288307189941406,15.310348510742188,43.924617767333984,17.483875274658203,33.37992858886719,14.677289962768555,53.244964599609375,29.99381446838379,164.34617614746094
2014-09-17,19.869176864624023,30.123132705688477,15.375555038452148,44.09458541870117,17.518596649169922,33.30672836303711,14.649938583374023,53.28622817993164,29.98067283630371,164.56748962402344
2014-09-18,20.003345489501953,29.967500686645508,15.52552604675293,44.30502700805664,17.622766494750977,33.37259292602539,14.543954849243164,53.68241882324219,30.11216163635254,165.4446258544922
2014-09-19,19.996999740600586,29.94292640686035,15.484933853149414,44.261924743652344,17.58527946472168,33.45875930786133,14.675045013427734,53.741214752197266,30.124929428100586,165.2955322265625
2014-09-22,19.98906898498535,29.50233268737793,15.380173683166504,43.765872955322266,17.46757698059082,33.39982986450195,14.564653396606445,53.45132064819336,29.702672958374023,164.01901245117188
2014-09-23,19.88599395751953,29.416133880615234,15.275411605834961,43.408084869384766,17.428346633911133,33.10525131225586,14.523252487182617,53.136558532714844,29.447555541992188,163.08013916015625
2014-09-24,20.092145919799805,29.441686630249023,15.360527992248535,43.63576889038086,17.54168701171875,33.53242111206055,14.471512794494629,54.06426239013672,29.78184700012207,164.3566436767578
2014-09-25,19.78688621520996,28.991527557373047,15.105182647705078,42.952701568603516,17.1580810546875,33.09052658081055,14.385262489318848,53.17796325683594,29.346406936645508,161.70469665527344
2014-09-26,19.98114585876465,29.365066528320312,15.249215126037598,43.35115051269531,17.345523834228516,33.215721130371094,14.405965805053711,53.3436279296875,29.649904251098633,162.98947143554688
2014-09-29,19.897884368896484,29.298019409179688,15.196844100952148,43.286094665527344,17.341161727905273,33.20835494995117,14.499102592468262,53.2276611328125,29.495962142944336,162.69300842285156
2014-09-30,19.660017013549805,28.930879592895508,15.170658111572266,43.22105026245117,17.393470764160156,33.22309112548828,14.519804954528809,52.93776321411133,29.333206176757812,162.26475524902344
2014-10-01,19.196168899536133,28.340251922607422,14.987325668334961,42.40785598754883,17.123201370239258,33.016868591308594,14.602601051330566,52.38278579711914,28.94175148010254,160.0657196044922
2014-10-02,19.148595809936523,28.19339942932129,15.026610374450684,42.35905456542969,17.114479064941406,33.07578659057617,14.581899642944336,52.27509689331055,29.073699951171875,160.09048461914062
2014-10-03,19.20409393310547,28.148710250854492,15.24267864227295,42.93640899658203,17.25398063659668,33.46614074707031,14.675045013427734,53.3519172668457,29.447555541992188,161.8529815673828
2014-10-06,19.200122833251953,28.180618286132812,15.196844100952148,42.806312561035156,17.258331298828125,33.48086166381836,14.675045013427734,53.103424072265625,29.289226531982422,161.66357421875
2014-10-07,18.863149642944336,27.813488006591797,14.941488265991211,41.76543045043945,16.988065719604492,33.28200149536133,14.654343605041504,52.25853729248047,28.85377311706543,159.16799926757812
2014-10-08,19.10895347595215,28.084842681884766,15.223027229309082,42.5135612487793,17.310646057128906,33.768089294433594,14.985516548156738,53.59212112426758,29.306814193725586,161.95175170898438
2014-10-09,18.641141891479492,27.053653717041016,14.902204513549805,41.529605865478516,17.022939682006836,33.42930221557617,14.740586280822754,52.48219299316406,28.64265251159668,158.73977661132812
2014-10-10,18.355693817138672,26.673744201660156,14.784345626831055,40.91971969604492,16.587005615234375,33.591339111328125,14.809578895568848,52.15913391113281,28.391944885253906,156.92791748046875
2014-10-13,17.883914947509766,25.85007667541504,14.653397560119629,40.28542709350586,16.403919219970703,33.127342224121094,14.795785903930664,50.92495346069336,27.815753936767578,154.3500213623047
2014-10-14,17.939414978027344,25.524423599243164,14.712325096130371,40.846519470214844,16.430072784423828,33.11260223388672,14.930318832397461,50.543907165527344,28.018075942993164,154.58883666992188
2014-10-15,18.062318801879883,25.71917152404785,14.430778503417969,40.74894332885742,16.316730499267578,32.714900970458984,14.733689308166504,50.1297607421875,27.784961700439453,153.54290771484375
2014-10-16,18.24072265625,26.178895950317383,14.430778503417969,41.049827575683594,16.220829010009766,32.47187042236328,14.74748420715332,49.87300109863281,27.815753936767578,153.4111328125
2014-10-17,18.48255157470703,26.402376174926758,14.614110946655273,41.863014221191406,16.412635803222656,32.86957550048828,14.833731651306152,50.66816329956055,28.12364387512207,155.2230224609375
2014-10-20,18.7640380859375,26.632240295410156,14.69923210144043,41.984989166259766,16.53033447265625,33.340919494628906,15.040714263916016,51.28112030029297,28.515104293823242,156.73020935058594
2014-10-21,19.168413162231445,27.443145751953125,14.974227905273438,42.92015838623047,16.852922439575195,33.48086166381836,15.092460632324219,52.63957214355469,29.069299697875977,159.8351593017578
2014-10-22,19.01380157470703,26.92276382446289,14.836727142333984,42.35905456542969,16.774456024169922,33.55450439453125,15.185595512390137,52.374507904052734,28.818588256835938,158.6985626220703
2014-10-23,18.99793815612793,27.42399024963379,14.98077392578125,43.29421615600586,16.96190643310547,33.53242111206055,15.213201522827148,53.26907730102539,29.210046768188477,160.54344177246094
2014-10-24,19.140663146972656,27.328208923339844,15.124822616577148,43.676429748535156,17.110122680664062,33.812286376953125,15.361536979675293,54.01457214355469,29.183658599853516,161.77879333496094
2014-10-27,18.740249633789062,26.753562927246094,15.144460678100586,43.660160064697266,17.1275634765625,33.89329528808594,15.327040672302246,54.07254409790039,29.2408504486084,161.5564727783203
2014-10-28,18.92658042907715,27.363330841064453,15.308150291442871,44.432701110839844,17.36295509338379,34.02585220336914,15.433979034423828,54.47014236450195,29.557531356811523,163.4095916748047
2014-10-29,18.692676544189453,27.452722549438477,15.347431182861328,44.2781867980957,17.345523834228516,33.96693420410156,15.344290733337402,54.49498748779297,29.469558715820312,163.1624755859375
2014-10-30,18.835399627685547,27.353748321533203,15.432558059692383,44.45708084106445,17.402183532714844,34.18051528930664,15.682353973388672,55.497249603271484,29.66310691833496,164.2084503173828
2014-10-31,19.188243865966797,27.90926170349121,15.609336853027344,44.89620590209961,17.672466278076172,34.40147018432617,15.685805320739746,55.720916748046875,29.953386306762695,166.0862274169922
2014-11-03,19.05344581604004,27.468690872192383,15.66826057434082,44.83928298950195,17.746578216552734,34.5340461730957,15.789300918579102,55.78715133666992,29.953386306762695,166.17684936523438
2014-11-04,18.855222702026367,26.903606414794922,15.674814224243164,44.81489181518555,17.742210388183594,34.71815872192383,15.706501007080078,55.79545974731445,29.59271240234375,165.60035705566406
2014-11-05,19.037593841552734,27.376100540161133,15.779573440551758,45.091373443603516,17.790164947509766,34.96120834350586,16.061819076538086,55.73747634887695,29.71146583557129,166.64625549316406
2014-11-06,19.192203521728516,27.72089958190918,15.805761337280273,45.56302261352539,17.781448364257812,35.03485107421875,15.789300918579102,56.07707977294922,29.96219253540039,167.3134002685547
2014-11-07,19.283390045166016,28.02737808227539,15.812309265136719,45.62807846069336,17.803239822387695,35.160064697265625,15.954885482788086,55.522090911865234,29.9138126373291,167.46994018554688
2014-11-10,19.33492660522461,27.775163650512695,15.897427558898926,45.85577392578125,17.8511962890625,35.314720153808594,16.03422737121582,56.08538818359375,29.89621353149414,167.99700927734375
2014-11-11,19.430076599121094,27.858186721801758,15.845048904418945,45.79885482788086,17.85991668701172,35.24844741821289,15.975581169128418,56.29245376586914,30.023773193359375,168.16168212890625
2014-11-12,19.477649688720703,27.612346649169922,15.812309265136719,45.86391067504883,17.916587829589844,35.24844741821289,15.696152687072754,56.20960235595703,30.164522171020508,167.98052978515625
2014-11-13,19.48162269592285,27.24521255493164,15.805761337280273,45.733802795410156,18.012481689453125,35.37364196777344,15.56851863861084,56.16819763183594,30.35364532470703,168.16993713378906
2014-11-14,19.54108238220215,27.522958755493164,15.753384590148926,45.79072570800781,18.138906478881836,35.17479705810547,15.50296688079834,55.7043342590332,30.472414016723633,168.21112060546875
2014-11-17,19.537113189697266,27.379291534423828,15.753384590148926,45.72565841674805,18.104028701782227,35.410465240478516,15.706501007080078,55.97768020629883,30.43721580505371,168.3181915283203
2014-11-18,19.771024703979492,27.401649475097656,15.805761337280273,46.06720733642578,18.16506004333496,35.54302978515625,15.751352310180664,56.88056182861328,30.494409561157227,169.2900390625
2014-11-19,19.743267059326172,27.545312881469727,15.773028373718262,45.9289665222168,18.047365188598633,35.69032669067383,15.737552642822266,56.56578826904297,30.62196159362793,169.01820373535156
2014-11-20,19.846345901489258,27.89011001586914,15.773028373718262,46.050933837890625,18.138906478881836,35.53566360473633,15.703051567077637,56.32556915283203,30.7539119720459,169.31472778320312
2014-11-21,20.08818244934082,28.254053115844727,15.851597785949707,46.49819564819336,18.16506004333496,35.682979583740234,15.765148162841797,56.590633392333984,30.828683853149414,170.22067260742188
2014-11-24,19.996999740600586,28.036972045898438,15.956360816955566,46.62017059326172,18.26096534729004,35.660865783691406,15.63405990600586,56.88056182861328,31.114582061767578,170.69839477539062
2014-11-25,19.925643920898438,27.58043098449707,15.94326400756836,46.758419036865234,18.26968765258789,35.69032669067383,15.63405990600586,56.95510482788086,31.211353302001953,170.57484436035156
2014-11-26,19.941497802734375,27.23244857788086,15.962905883789062,46.66896057128906,18.435338973999023,35.85235595703125,15.703051567077637,57.30299377441406,31.20694351196289,171.01132202148438
2014-11-28,19.48954200744629,25.482921600341797,15.975998878479004,46.278629302978516,18.52252197265625,36.30897521972656,15.868638038635254,57.6591796875,31.58521270751953,170.6489715576172
2014-12-01,19.287351608276367,25.572309494018555,15.8646879196167,45.68500900268555,18.31327247619629,36.073307037353516,15.899689674377441,57.518348693847656,31.23773193359375,169.4629669189453
2014-12-02,19.402324676513672,25.85007667541504,16.015287399291992,46.075347900390625,18.31764030456543,36.19850540161133,16.006633758544922,58.156166076660156,31.356494903564453,170.5583953857422
2014-12-03,19.68777084350586,26.1661319732666,16.087308883666992,46.693359375,18.383024215698242,35.940731048583984,15.961788177490234,58.24726104736328,31.409271240234375,171.2172393798828
2014-12-04,19.747243881225586,25.93946075439453,16.106950759887695,46.45753860473633,18.383024215698242,35.911277770996094,15.947986602783203,58.17272186279297,31.391687393188477,171.02784729003906
2014-12-05,19.73137855529785,25.629777908325195,16.250999450683594,46.56325149536133,18.36124038696289,35.977569580078125,15.8237943649292,58.63660430908203,31.462055206298828,171.30784606933594
2014-12-08,19.418184280395508,24.592201232910156,16.329565048217773,46.050933837890625,18.173778533935547,35.90391540527344,15.951431274414062,58.843658447265625,31.20694351196289,170.16307067871094
2014-12-09,19.469717025756836,24.860376358032227,16.290281295776367,46.05907440185547,18.169418334960938,35.786075592041016,16.030778884887695,58.59515380859375,31.149761199951172,170.0477294921875
2014-12-10,19.069303512573242,24.094161987304688,16.080764770507812,45.18083190917969,17.894784927368164,35.447288513183594,15.83069896697998,57.69228744506836,30.736309051513672,167.3216094970703
2014-12-11,19.085161209106445,24.07819938659668,16.120046615600586,45.400394439697266,17.97325897216797,35.74187469482422,15.9893798828125,57.85795211791992,30.987018585205078,168.16993713378906
2014-12-12,18.553916931152344,23.63123893737793,15.805761337280273,44.57905197143555,17.70734405517578,35.28525924682617,15.83759593963623,56.971656799316406,30.789104461669922,165.4521026611328
2014-12-15,18.454809188842773,23.420543670654297,15.66171646118164,44.432701110839844,17.598360061645508,35.04957962036133,15.703051567077637,56.4498291015625,30.60435676574707,164.31552124023438
2014-12-16,18.312082290649414,23.6280460357666,15.511126518249512,44.47334671020508,17.36295509338379,34.91701126098633,15.68925666809082,55.79545974731445,30.13372039794922,162.9977569580078
2014-12-17,18.811609268188477,24.608171463012695,15.8646879196167,44.888084411621094,17.68990135192871,35.42518615722656,15.9686861038208,56.839134216308594,30.709922790527344,166.1933135986328
2014-12-18,19.239776611328125,25.080669403076172,16.23135757446289,46.01840591430664,18.195579528808594,36.10276794433594,16.282608032226562,58.39637756347656,31.215749740600586,170.3030242919922
2014-12-19,19.476755142211914,25.882156372070312,16.24188804626465,46.276824951171875,18.21573257446289,36.06566619873047,16.309402465820312,58.53770446777344,31.300983428955078,171.02772521972656
2014-12-22,19.48872184753418,25.61872673034668,16.353755950927734,46.71841049194336,18.434831619262695,36.41432189941406,16.35116958618164,57.980674743652344,31.605745315551758,171.81443786621094
2014-12-23,19.640323638916016,25.930339813232422,16.445894241333008,46.89013671875,18.483030319213867,36.66652297973633,16.39293670654297,56.65046691894531,31.782413482666016,172.04623413085938
2014-12-24,19.57249641418457,25.740802764892578,16.41956901550293,46.93919372558594,18.465499877929688,36.62944030761719,16.695737838745117,57.066162109375,31.729412078857422,172.06288146972656
2014-12-26,19.640323638916016,25.734373092651367,16.41956901550293,46.93919372558594,18.54437828063965,36.68878173828125,16.897600173950195,57.47352981567383,31.90164566040039,172.61770629882812
2014-12-29,19.640323638916016,25.827537536621094,16.47879981994629,47.012813568115234,18.45235252380371,36.5775146484375,17.092504501342773,57.6730842590332,32.14457321166992,172.849609375
2014-12-30,19.57249641418457,25.621952056884766,16.459056854248047,46.73476791381836,18.32090187072754,36.41432189941406,16.737503051757812,57.42365264892578,31.99439811706543,171.9220733642578
2014-12-31,19.38100814819336,25.42921257019043,16.27478790283203,46.26865005493164,18.11932945251465,35.969242095947266,16.434701919555664,56.84999084472656,31.866310119628906,170.21609497070312
2015-01-02,19.408931732177734,25.548059463500977,16.27478790283203,46.211395263671875,18.084270477294922,35.86540222167969,16.511272430419922,57.057830810546875,31.636638641357422,170.12503051757812
2015-01-05,18.91423225402832,24.49118995666504,15.932578086853027,45.1319694519043,17.808210372924805,35.61319351196289,16.309402465820312,56.76683807373047,31.03156089782715,167.05255126953125
2015-01-06,18.74667739868164,24.13140869140625,15.689081192016602,44.57588577270508,17.59349822998047,35.568668365478516,16.319843292236328,56.57564163208008,30.722394943237305,165.47915649414062
2015-01-07,18.95812225341797,24.18280029296875,15.853604316711426,44.91117477416992,17.74248695373535,36.17694091796875,16.479949951171875,57.90584182739258,31.208236694335938,167.54119873046875
2015-01-08,19.408931732177734,24.725690841674805,16.09052276611328,45.810699462890625,18.132471084594727,36.72586441040039,16.594797134399414,58.89521789550781,31.67640495300293,170.51425170898438
2015-01-09,19.309200286865234,24.52973747253418,15.873347282409668,45.320037841796875,18.07550811767578,36.429141998291016,16.490386962890625,58.37143325805664,31.309803009033203,169.14784240722656
2015-01-12,19.265308380126953,23.823022842407227,15.741728782653809,45.009300231933594,17.86518096923828,36.317874908447266,16.45210838317871,58.39636993408203,31.14198112487793,167.82276916503906
2015-01-13,19.04987335205078,23.633487701416016,15.689081192016602,44.91934585571289,17.85203742980957,36.31045913696289,16.497350692749023,58.13864517211914,31.14198112487793,167.35073852539062
2015-01-14,18.82646369934082,23.707366943359375,15.465324401855469,44.67401885986328,17.751245498657227,36.199195861816406,16.64004898071289,58.04719543457031,30.766572952270508,166.3403778076172
2015-01-15,18.790555953979492,23.4054012298584,15.274479866027832,44.461402893066406,17.523399353027344,36.258541107177734,16.77229881286621,57.42365264892578,30.369077682495117,164.81663513183594
2015-01-16,19.089771270751953,24.166736602783203,15.458745956420898,44.75579071044922,17.694276809692383,36.5478401184082,16.921964645385742,58.504451751708984,30.770978927612305,166.97808837890625
2015-01-20,19.12169075012207,24.19564437866211,15.392940521240234,45.07472229003906,17.843273162841797,36.696189880371094,16.963727951049805,58.504451751708984,30.594308853149414,167.3341827392578
2015-01-21,19.309200286865234,24.687149047851562,15.432428359985352,45.44270706176758,17.873939514160156,36.87422180175781,17.1273136138916,58.6208381652832,30.793060302734375,168.1789093017578
2015-01-22,19.552553176879883,24.80278778076172,15.814117431640625,46.170509338378906,18.167539596557617,37.24510955810547,17.054218292236328,59.3192024230957,31.371646881103516,170.6798553466797
2015-01-23,19.24935531616211,24.626110076904297,15.64300537109375,45.78616714477539,18.16314697265625,36.8297004699707,17.102949142456055,58.978336334228516,31.32749366760254,169.7440948486328
2015-01-26,19.3331298828125,24.97947120666504,15.721983909606934,45.84341812133789,18.088661193847656,36.8297004699707,17.092504501342773,59.28593063354492,31.49091148376465,170.14158630371094
2015-01-27,19.201478958129883,24.96341323852539,15.550884246826172,45.23826217651367,17.56720733642578,36.40690231323242,17.116863250732422,58.8619499206543,31.239160537719727,167.8972625732422
2015-01-28,18.854389190673828,23.98042106628418,15.267900466918945,44.84575271606445,17.53653907775879,35.98407745361328,16.970684051513672,58.013938903808594,30.832822799682617,165.744140625
2015-01-29,19.10173988342285,24.060728073120117,15.392940521240234,45.36093521118164,17.703048706054688,36.273372650146484,17.196918487548828,58.504451751708984,31.252408981323242,167.27615356445312
2015-01-30,19.025943756103516,24.26953887939453,15.14285945892334,44.62495040893555,17.48394775390625,35.62060546875,16.817554473876953,57.58991241455078,30.912315368652344,165.17276000976562
2015-02-02,19.197486877441406,25.011598587036133,15.3863525390625,45.2873420715332,17.66360855102539,36.043426513671875,16.890634536743164,57.91415786743164,31.190574645996094,167.2182159423828
2015-02-03,19.620370864868164,25.69583511352539,15.64300537109375,46.0233039855957,17.86518096923828,36.36239242553711,16.95328712463379,58.304935455322266,31.85306739807129,169.6363525390625
2015-02-04,19.492712020874023,25.271804809570312,15.603531837463379,45.67168045043945,17.90023422241211,36.37722396850586,16.74793815612793,57.57330322265625,32.06508255004883,168.99041748046875
2015-02-05,19.96347427368164,25.634790420532227,15.761467933654785,46.064205169677734,18.066749572753906,36.56268310546875,16.901079177856445,58.5460205078125,32.26380920410156,170.6964111328125
2015-02-06,19.91560173034668,25.64122200012207,15.886515617370605,45.95789337158203,18.00978660583496,36.399478912353516,16.204986572265625,58.013938903808594,32.215248107910156,170.22434997558594
2015-02-09,19.89165496826172,25.666921615600586,15.807538032531738,45.835227966308594,17.98349380493164,36.12501907348633,16.06229019165039,57.33219528198242,32.091583251953125,169.46250915527344
2015-02-10,20.03927230834961,25.654067993164062,15.932578086853027,46.08873748779297,18.25079345703125,36.5478401184082,16.39293670654297,58.296607971191406,32.484657287597656,171.2678680419922
2015-02-11,20.007354736328125,25.47417640686035,15.932578086853027,46.10509490966797,18.32090187072754,36.71844482421875,16.037931442260742,58.35480499267578,32.49348831176758,171.36720275878906
2015-02-12,20.350446701049805,25.808269500732422,16.09052276611328,46.53850555419922,18.57067108154297,36.889068603515625,15.964838027954102,58.56265640258789,32.87773513793945,173.01519775390625
2015-02-13,20.522003173828125,26.354372024536133,16.07735824584961,46.7511100769043,18.68898582458496,36.71844482421875,15.721208572387695,58.795433044433594,33.076507568359375,173.72740173339844
2015-02-17,20.54593849182129,26.434669494628906,16.13001251220703,46.81653594970703,18.697742462158203,36.72586441040039,15.707280158996582,59.219444274902344,33.00141143798828,174.00071716308594
2015-02-18,20.60179901123047,26.119863510131836,16.031291961669922,47.078216552734375,18.715272903442383,36.9261474609375,16.079694747924805,59.28593063354492,32.9837532043457,174.0172882080078
2015-02-19,20.657642364501953,25.997800827026367,15.965487480163574,47.15999984741211,18.78099822998047,36.68878173828125,15.898710250854492,59.38570022583008,33.085323333740234,173.89300537109375
2015-02-20,20.71749496459961,25.872512817382812,16.08393669128418,47.560699462890625,18.87740707397461,36.79261779785156,15.902192115783691,60.00925827026367,33.319419860839844,174.93649291992188
2015-02-23,20.693552017211914,25.766504287719727,16.044458389282227,47.35626983642578,18.890554428100586,36.8964729309082,16.01008415222168,60.283626556396484,33.28849411010742,174.91163635253906
2015-02-24,20.781320571899414,25.83717918395996,16.12342071533203,47.544334411621094,18.947519302368164,37.022579193115234,16.128421783447266,60.208778381347656,33.4474983215332,175.40853881835938
2015-02-25,20.72147560119629,25.978527069091797,16.12342071533203,47.44621276855469,18.829208374023438,36.8964729309082,15.863911628723145,60.183841705322266,33.70365905761719,175.2594757080078
2015-02-26,20.589824676513672,25.49666404724121,16.08393669128418,47.23359680175781,18.947519302368164,36.94839859008789,15.759492874145508,60.3501091003418,33.597660064697266,175.05239868164062
2015-02-27,20.541946411132812,25.384227752685547,16.024709701538086,47.012813568115234,18.881790161132812,37.09675216674805,15.742084503173828,60.05915069580078,33.55349349975586,174.4561767578125
2015-03-02,20.677593231201172,25.20755386352539,16.143169403076172,47.44621276855469,19.03077507019043,37.163509368896484,15.439290046691895,60.59953689575195,33.95539093017578,175.55755615234375
2015-03-03,20.565889358520508,25.30070686340332,16.097105026245117,47.14363479614258,18.903697967529297,37.022579193115234,15.5332670211792,60.050811767578125,33.86265563964844,174.83714294433594
2015-03-04,20.49407196044922,25.26537322998047,15.998390197753906,46.77565383911133,18.829208374023438,36.76294708251953,15.44625186920166,60.34180450439453,33.68598556518555,174.10011291503906
2015-03-05,20.406307220458984,25.114381790161133,16.064193725585938,46.808372497558594,18.807294845581055,36.889068603515625,15.568069458007812,60.55797576904297,33.70806884765625,174.29054260253906
2015-03-06,20.13103485107422,24.66465950012207,15.945735931396484,46.170509338378906,18.57505989074707,36.16952133178711,15.101686477661133,59.369083404541016,33.306156158447266,171.83924865722656
2015-03-09,20.158954620361328,24.487974166870117,16.018129348754883,46.60394287109375,18.662683486938477,36.36981201171875,15.129531860351562,59.7348747253418,33.496055603027344,172.55149841308594
2015-03-10,19.851764678955078,24.147464752197266,15.67591381072998,45.745277404785156,18.281465530395508,35.850555419921875,15.101686477661133,59.06977844238281,32.97490310668945,169.75233459472656
2015-03-11,19.82782554626465,24.2181453704834,15.774629592895508,45.696197509765625,18.16314697265625,35.57609558105469,15.004228591918945,59.03654098510742,32.793819427490234,169.35484313964844
2015-03-12,20.075176239013672,24.063940048217773,16.11684799194336,46.28498840332031,18.281465530395508,36.095340728759766,15.28963565826416,59.81804275512695,33.460731506347656,171.5080108642578
2015-03-13,19.883684158325195,23.973989486694336,16.004968643188477,45.85979080200195,18.180686950683594,35.81345748901367,15.13300895690918,59.701629638671875,33.195743560791016,170.4562225341797
2015-03-16,19.851764678955078,24.298450469970703,16.20240020751953,46.620269775390625,18.395389556884766,36.25112533569336,15.394042015075684,61.023529052734375,33.584407806396484,172.7336883544922
2015-03-17,19.632349014282227,24.205284118652344,16.16291046142578,46.43220138549805,18.399778366088867,35.991493225097656,15.369686126708984,60.848960876464844,33.39891052246094,172.2201690673828
2015-03-18,19.931560516357422,24.908802032470703,16.255046844482422,46.9801025390625,18.64954376220703,36.236289978027344,15.783856391906738,61.638763427734375,33.694828033447266,174.29054260253906
2015-03-19,19.588464736938477,24.513673782348633,16.103681564331055,46.661170959472656,18.596954345703125,36.073089599609375,15.637675285339355,61.99624252319336,33.646236419677734,173.4955291748047
2015-03-20,19.714599609375,24.874284744262695,16.322336196899414,46.92486572265625,18.71708106994629,36.525367736816406,15.77834701538086,62.44477081298828,34.02070617675781,175.02694702148438
2015-03-23,19.714599609375,24.786964416503906,16.229854583740234,46.530548095703125,18.71708106994629,36.5850715637207,15.788870811462402,62.26970672607422,33.963096618652344,174.68582153320312
2015-03-24,19.65053367614746,24.62202262878418,16.09774398803711,46.37445831298828,18.655479431152344,36.376094818115234,15.613471984863281,61.727779388427734,33.78583526611328,173.70436096191406
2015-03-25,19.43027687072754,24.94221305847168,15.840118408203125,45.58580780029297,18.17588996887207,36.28654098510742,15.43106460571289,60.602294921875,33.236324310302734,171.158935546875
2015-03-26,19.47433090209961,24.91309928894043,15.826908111572266,45.46257400512695,18.1890926361084,36.12980270385742,15.30127239227295,60.46053695678711,33.028053283691406,170.7512664794922
2015-03-27,19.4663143157959,24.709346771240234,15.80709171295166,45.635101318359375,18.202293395996094,36.35371017456055,15.392475128173828,60.89410400390625,33.19644546508789,171.1422882080078
2015-03-30,19.730619430541992,25.23974609375,16.038286209106445,46.275875091552734,18.422285079956055,36.71940612792969,15.581899642944336,61.511043548583984,33.53767395019531,173.23020935058594
2015-03-31,19.534399032592773,25.090986251831055,15.925997734069824,45.815818786621094,18.233095169067383,36.376094818115234,15.585412979125977,60.443878173828125,33.391422271728516,171.71620178222656
2015-04-01,19.590457916259766,25.084508895874023,15.91278076171875,45.51186752319336,18.206687927246094,36.420894622802734,15.599442481994629,59.83529281616211,33.24517822265625,171.1089630126953
2015-04-02,19.610483169555664,25.136260986328125,15.992051124572754,45.536521911621094,18.202293395996094,36.66716766357422,15.62750244140625,60.01868438720703,33.54209899902344,171.72451782226562
2015-04-06,19.76666259765625,25.589048385620117,16.01847267150879,45.88154983520508,18.378286361694336,36.9582405090332,15.844990730285645,60.11042785644531,33.701637268066406,172.88082885742188
2015-04-07,19.73462677001953,25.60521697998047,15.932599067687988,45.77474594116211,18.338687896728516,36.78658676147461,15.662579536437988,60.25213623046875,33.5155143737793,172.4232940673828
2015-04-08,19.790691375732422,25.398225784301758,15.992051124572754,45.930843353271484,18.395889282226562,36.8463020324707,15.61698055267334,60.76070022583008,33.830162048339844,173.00558471679688
2015-04-09,19.846755981445312,25.80575180053711,16.01847267150879,46.152645111083984,18.444286346435547,36.95077896118164,15.550332069396973,61.219242095947266,33.86117172241211,173.7708740234375
2015-04-10,19.902814865112305,25.9189395904541,16.01186752319336,46.80165100097656,18.51468276977539,37.01793670654297,15.666091918945312,61.74447250366211,33.97639846801758,174.7191925048828
2015-04-13,19.82272720336914,25.660198211669922,16.071317672729492,46.358028411865234,18.461881637573242,36.8463020324707,15.51174259185791,61.41099166870117,33.790260314941406,173.9289093017578
2015-04-14,19.90682601928711,26.122695922851562,16.071317672729492,46.41553497314453,18.40468978881836,36.928382873535156,15.588919639587402,61.511043548583984,33.77252960205078,174.26170349121094
2015-04-15,20.099044799804688,26.746889114379883,16.130769729614258,46.49767303466797,18.567476272583008,36.82390594482422,15.62750244140625,61.66944122314453,33.77252960205078,175.0435333251953
2015-04-16,20.054996490478516,26.68544578552246,16.157188415527344,46.399112701416016,18.501480102539062,36.9582405090332,15.525773048400879,61.6360969543457,33.83900451660156,174.99366760253906
2015-04-17,19.87078857421875,26.49139404296875,15.939207077026367,45.84046173095703,18.246292114257812,36.61492919921875,15.469647407531738,61.102508544921875,33.33824920654297,172.98065185546875
2015-04-20,20.014955520629883,26.591651916503906,16.005250930786133,46.37445831298828,18.558683395385742,36.74180221557617,15.70116901397705,61.47771453857422,33.7060661315918,174.56114196777344
2015-04-21,19.866785049438477,26.310277938842773,15.925997734069824,46.31695556640625,18.549880981445312,36.80898666381836,15.560856819152832,61.88623809814453,33.74151611328125,174.35316467285156
2015-04-22,19.90682601928711,26.48491859436035,16.038286209106445,46.514129638671875,18.73906898498535,36.83134841918945,15.592427253723145,61.986244201660156,33.77252960205078,175.20997619628906
2015-04-23,19.95888328552246,26.66604995727539,16.064708709716797,46.46482849121094,18.81388282775879,36.7044792175293,15.680122375488281,62.21969223022461,33.9409294128418,175.6508026123047
2015-04-24,20.127079010009766,26.51402473449707,16.038286209106445,46.267669677734375,18.97667121887207,36.711944580078125,15.837979316711426,62.019596099853516,34.401817321777344,176.05841064453125
2015-04-27,20.30328369140625,26.48491859436035,15.978840827941895,46.25123977661133,19.02946662902832,36.510433197021484,15.648550987243652,60.89410400390625,34.10047149658203,175.32640075683594
2015-04-28,20.331314086914062,26.61751937866211,16.071317672729492,46.33339309692383,19.09107780456543,36.54775619506836,15.760805130004883,61.1942253112793,33.98081588745117,175.88375854492188
2015-04-29,20.319299697875977,26.824514389038086,16.064708709716797,46.10335159301758,18.99867057800293,36.2193717956543,15.694158554077148,60.6356315612793,33.750389099121094,175.16004943847656
2015-04-30,20.19114875793457,26.740427017211914,15.939207077026367,45.7008171081543,18.734676361083984,36.09995651245117,15.51174259185791,59.78525161743164,33.37370681762695,173.40489196777344
2015-05-01,20.523530960083008,26.8018798828125,16.077919006347656,46.275875091552734,18.963476181030273,36.428348541259766,15.599442481994629,60.59394454956055,33.83457946777344,175.28480529785156
2015-05-04,20.467470169067383,26.73395538330078,16.236454010009766,46.34981155395508,18.98107147216797,36.48059844970703,15.715198516845703,60.97746276855469,33.90547561645508,175.783935546875
2015-05-05,20.23520278930664,26.40406608581543,16.091135025024414,45.72545623779297,18.686283111572266,36.189517974853516,15.36441421508789,60.21044158935547,33.550968170166016,173.7708740234375
2015-05-06,20.23921012878418,26.30057716369629,16.01186752319336,45.7008171081543,18.52787971496582,36.30146408081055,15.28022575378418,59.97700881958008,33.41358947753906,173.0554656982422
2015-05-07,20.327308654785156,26.015972137451172,16.124160766601562,45.939056396484375,18.66427993774414,36.39101791381836,15.336349487304688,60.26047897338867,33.586421966552734,173.7459259033203
2015-05-08,20.65167808532715,26.442886352539062,16.35536003112793,46.48125457763672,18.932676315307617,36.697021484375,15.44509506225586,61.235904693603516,33.945369720458984,176.03350830078125
2015-05-11,20.555570602416992,25.944805145263672,16.295907974243164,46.44016647338867,18.835880279541016,36.54775619506836,15.339858055114746,61.269256591796875,33.79469299316406,175.19332885742188
2015-05-12,20.339323043823242,26.064477920532227,16.236454010009766,46.39088439941406,18.734676361083984,36.46565628051758,15.322321891784668,60.87740707397461,33.7326545715332,174.66928100585938
2015-05-13,20.31529426574707,25.996553421020508,16.243064880371094,46.48946762084961,18.81388282775879,36.45074462890625,15.171483993530273,60.94410705566406,33.51995086669922,174.7025909423828
2015-05-14,20.52753448486328,25.98685646057129,16.388385772705078,46.95772933959961,19.117467880249023,37.01047897338867,15.346879959106445,61.786163330078125,33.67061996459961,176.52423095703125
2015-05-15,20.62765121459961,26.090349197387695,16.315723419189453,46.91666030883789,19.055870056152344,37.12989044189453,15.546820640563965,61.91122055053711,33.9409294128418,176.715576171875
2015-05-18,20.535545349121094,26.112987518310547,16.408201217651367,47.00702667236328,19.148271560668945,37.01047897338867,15.606459617614746,62.27804183959961,34.06944274902344,177.26458740234375
2015-05-19,20.435436248779297,25.74106216430664,16.50067901611328,46.875579833984375,19.099876403808594,36.913448333740234,15.641535758972168,62.56985855102539,34.06059265136719,177.20640563964844
2015-05-20,20.423419952392578,25.789562225341797,16.454431533813477,46.703067779541016,19.113073348999023,36.83134841918945,15.666091918945312,62.653228759765625,34.02070617675781,177.08160400390625
2015-05-21,20.495506286621094,26.03213882446289,16.4148006439209,46.95772933959961,19.196674346923828,36.913448333740234,15.659076690673828,62.66156768798828,34.15364074707031,177.5973358154297
2015-05-22,20.471467971801758,25.938337326049805,16.421409606933594,46.744144439697266,19.18346405029297,36.756736755371094,15.634520530700684,62.51148986816406,34.09605026245117,177.17312622070312
2015-05-26,20.21517562866211,25.527599334716797,16.236454010009766,46.23479461669922,18.906278610229492,36.46565628051758,15.536296844482422,61.877864837646484,33.85231018066406,175.26817321777344
2015-05-27,20.347332000732422,25.48232078552246,16.4148006439209,46.530548095703125,19.262657165527344,36.697021484375,15.599442481994629,62.59483337402344,34.10490798950195,176.93186950683594
2015-05-28,20.39938735961914,25.38206672668457,16.394989013671875,46.30873489379883,19.223058700561523,36.64478302001953,15.634520530700684,62.636531829833984,34.047298431396484,176.73220825195312
2015-05-29,20.267242431640625,25.352947235107422,16.249666213989258,45.84869384765625,19.08226776123047,36.41341781616211,15.609959602355957,62.47813415527344,33.812435150146484,175.63424682617188
2015-06-01,20.27524757385254,25.288267135620117,16.26287841796875,46.0540771484375,19.135066986083984,36.41341781616211,15.63101577758789,62.7282600402832,33.909915924072266,175.9918975830078
2015-06-02,20.339323043823242,25.462921142578125,16.28929901123047,46.14444351196289,19.09547233581543,36.31639862060547,15.424049377441406,62.319740295410156,33.985252380371094,175.81723022460938
2015-06-03,20.359344482421875,25.288267135620117,16.42801284790039,46.37445831298828,19.135066986083984,36.294010162353516,15.196037292480469,62.43647003173828,34.25113296508789,176.2830047607422
2015-06-04,20.11907196044922,24.945444107055664,16.282697677612305,45.856903076171875,18.959074020385742,36.03278732299805,15.1749849319458,62.002933502197266,34.00741195678711,174.7940673828125
2015-06-05,20.026966094970703,25.120088577270508,16.37516975402832,45.88978576660156,18.89747428894043,35.517818450927734,14.985569953918457,61.977935791015625,33.909915924072266,174.49461364746094
2015-06-08,19.95488166809082,24.977783203125,16.276090621948242,45.552940368652344,18.686283111572266,35.50288772583008,14.897873878479004,61.66944122314453,33.67061996459961,173.42147827148438
2015-06-09,19.966890335083008,24.97455406188965,16.315723419189453,45.54472351074219,18.64228057861328,35.67455291748047,14.862789154052734,61.65275573730469,33.63516616821289,173.39657592773438
2015-06-10,20.175132751464844,25.281795501708984,16.546916961669922,45.996559143066406,18.932676315307617,36.025333404541016,14.936456680297852,62.411441802978516,33.98081588745117,175.47618103027344
2015-06-11,20.223194122314453,25.168607711791992,16.612972259521484,46.25946044921875,18.94148063659668,36.010398864746094,15.055719375610352,62.836647033691406,34.09605026245117,176.04180908203125
2015-06-12,20.103052139282227,24.88722801208496,16.540311813354492,45.98834991455078,18.774274826049805,35.868595123291016,14.9224271774292,62.061279296875,33.9409294128418,174.69422912597656
2015-06-15,19.978906631469727,24.829010009765625,16.4676513671875,45.602237701416016,18.65988540649414,35.60737991333008,14.897873878479004,62.13632583618164,33.781394958496094,173.945556640625
2015-06-16,20.08302116394043,25.023067474365234,16.560131072998047,45.643314361572266,18.7830753326416,35.99547576904297,14.968027114868164,62.44477081298828,33.985252380371094,174.89389038085938
2015-06-17,20.16712760925293,24.961612701416016,16.540311813354492,45.76654815673828,18.7918758392334,36.189517974853516,15.094314575195312,62.50315856933594,34.14033889770508,175.17665100097656
2015-06-18,20.335315704345703,24.945444107055664,16.692243576049805,46.226585388183594,18.959074020385742,36.592533111572266,15.294256210327148,63.38690185546875,34.552486419677734,176.9984588623047
2015-06-19,20.198938369750977,24.71396255493164,16.41359519958496,46.00202560424805,18.801294326782227,36.54147720336914,15.146646499633789,63.3375244140625,34.431121826171875,176.21266174316406
2015-06-22,20.27537727355957,25.01675033569336,16.665700912475586,46.28273010253906,18.95598030090332,36.68414306640625,15.125406265258789,63.831111907958984,34.62228012084961,177.11541748046875
2015-06-23,20.21906089782715,25.098133087158203,16.698877334594727,46.167144775390625,18.969236373901367,36.526451110839844,14.920106887817383,63.95660400390625,34.760101318359375,177.24082946777344
2015-06-24,19.961591720581055,24.941858291625977,16.55954933166504,45.73783493041992,18.880842208862305,36.361244201660156,14.803287506103516,63.312416076660156,34.52003479003906,175.95359802246094
2015-06-25,19.94550323486328,24.687915802001953,16.460025787353516,45.38283157348633,18.83664321899414,36.29365921020508,14.704179763793945,63.663787841796875,34.493350982666016,175.41864013671875
2015-06-26,19.86906623840332,24.769309997558594,16.513107299804688,45.46537399291992,18.677539825439453,36.368751525878906,14.792669296264648,63.57175827026367,34.63116455078125,175.38516235351562
2015-06-29,19.406429290771484,24.30048942565918,16.115039825439453,44.606773376464844,18.279766082763672,35.80553436279297,14.714798927307129,62.0157470703125,33.8487434387207,171.70721435546875
2015-06-30,19.466779708862305,24.469783782958984,16.174755096435547,44.63153839111328,18.297447204589844,35.74546432495117,14.675857543945312,62.233238220214844,33.99989318847656,172.06671142578125
2015-07-01,19.575389862060547,24.15723991394043,16.420228958129883,44.85446548461914,18.42119598388672,36.20354461669922,14.764351844787598,62.90252685546875,34.38666915893555,173.4459228515625
2015-07-02,19.515045166015625,24.26467514038086,16.347251892089844,44.771888732910156,18.447721481323242,36.17350769042969,14.9484224319458,62.60968780517578,34.31996154785156,173.28707885742188
2015-07-06,19.354135513305664,23.945619583129883,16.28090476989746,44.59852600097656,18.37258529663086,36.14346694946289,15.008594512939453,62.584617614746094,34.25328826904297,172.79391479492188
2015-07-07,19.289770126342773,24.16374969482422,16.31407928466797,44.96177673339844,18.39909553527832,36.88690948486328,15.380270004272461,62.88576126098633,34.551143646240234,173.88059997558594
2015-07-08,18.867366790771484,23.67540168762207,16.028791427612305,44.1526985168457,18.098556518554688,36.47389221191406,15.298855781555176,61.80657958984375,33.89320373535156,170.96337890625
2015-07-09,18.923681259155273,23.795856475830078,16.154848098754883,44.26002883911133,18.027843475341797,36.50392150878906,15.128951072692871,62.14119338989258,34.035465240478516,171.2725830078125
2015-07-10,19.18920135498047,23.92608070373535,16.347251892089844,44.722347259521484,18.31513214111328,36.93195343017578,15.210365295410156,62.9777946472168,34.52892303466797,173.42919921875
2015-07-13,19.398386001586914,24.09537696838379,16.546276092529297,45.217708587646484,18.593568801879883,37.277408599853516,15.217450141906738,63.513221740722656,35.02682113647461,175.3433837890625
2015-07-14,19.507003784179688,24.267934799194336,16.58608627319336,45.34156036376953,18.66427993774414,37.33747863769531,15.196206092834473,64.1490249633789,35.0712890625,176.10401916503906
2015-07-15,19.354135513305664,23.841434478759766,16.72540855407715,45.15166473388672,18.668704986572266,37.2398567199707,15.270541191101074,64.2326431274414,35.03572463989258,176.0455322265625
2015-07-16,19.305864334106445,23.873994827270508,16.891273498535156,45.358055114746094,18.907363891601562,37.62285232543945,15.497088432312012,64.53384399414062,35.24910354614258,177.45814514160156
2015-07-17,19.17310333251953,23.5842342376709,16.844829559326172,45.34156036376953,19.199060440063477,37.60031509399414,15.34487533569336,64.39163208007812,35.18685531616211,177.6085968017578
2015-07-20,19.01218605041504,23.271692276000977,16.864734649658203,45.34980773925781,19.300710678100586,37.66789627075195,15.26700496673584,64.60074615478516,35.204654693603516,177.70053100585938
2015-07-21,18.895526885986328,23.281463623046875,16.844829559326172,44.86270523071289,19.17254066467285,37.57779312133789,15.128951072692871,64.31634521484375,35.093509674072266,176.99842834472656
2015-07-22,18.815067291259766,23.09262466430664,16.97088623046875,44.664573669433594,18.86316680908203,37.660396575927734,15.196206092834473,64.45854187011719,35.262454986572266,176.68080139160156
2015-07-23,18.541513442993164,23.073102951049805,16.824926376342773,44.25176239013672,18.823383331298828,37.51770782470703,14.969658851623535,64.22430419921875,35.053497314453125,175.6860809326172
2015-07-24,18.135204315185547,22.630319595336914,16.665700912475586,43.673858642578125,18.72173500061035,37.30743408203125,14.983823776245117,62.618072509765625,35.053497314453125,173.86387634277344
2015-07-27,17.934057235717773,22.304750442504883,16.546276092529297,43.45918655395508,18.553787231445312,37.28491973876953,15.174962043762207,62.55948257446289,34.79121017456055,172.85240173339844
2015-07-28,18.308177947998047,22.942861557006836,16.612632751464844,44.301307678222656,18.72173500061035,37.70545196533203,15.245762825012207,63.688873291015625,35.06239318847656,174.97560119628906
2015-07-29,18.440935134887695,23.255407333374023,16.778486251831055,44.84619903564453,18.845489501953125,37.83312225341797,15.302397727966309,63.797664642333984,35.4224853515625,176.17918395996094
2015-07-30,18.533458709716797,23.09262466430664,16.778486251831055,44.8049201965332,18.880842208862305,37.70545196533203,15.415671348571777,63.70563888549805,35.55141067504883,176.2210235595703
2015-07-31,18.485187530517578,22.587993621826172,16.72540855407715,44.763641357421875,18.818967819213867,37.780548095703125,15.571423530578613,64.07373046875,35.662559509277344,175.95359802246094
2015-08-03,18.340364456176758,22.1126708984375,16.70551109313965,44.54898452758789,18.717317581176758,37.83312225341797,15.65283489227295,64.02351379394531,35.542518615722656,175.36004638671875
2015-08-04,18.420825958251953,22.037784576416016,16.678972244262695,44.52421188354492,18.60682487487793,37.83312225341797,15.401515007019043,63.99006652832031,35.69367599487305,175.01734924316406
2015-08-05,18.513351440429688,21.871740341186523,16.74531364440918,44.771888732910156,18.78803253173828,38.163536071777344,15.440450668334961,64.52545928955078,35.30690383911133,175.5941619873047
2015-08-06,18.44898223876953,22.220094680786133,16.68560791015625,44.54072952270508,18.602397918701172,37.8781623840332,15.52186107635498,63.119991302490234,34.8267707824707,174.15640258789062
2015-08-07,18.191516876220703,21.822908401489258,16.718774795532227,44.32606887817383,18.615671157836914,37.66789627075195,15.71301555633545,63.01128005981445,34.80009460449219,173.82203674316406
2015-08-10,18.6380615234375,22.519622802734375,16.87800407409668,45.19293212890625,18.907363891601562,37.81058120727539,15.649298667907715,63.52156448364258,35.080169677734375,176.01210021972656
2015-08-11,18.29209327697754,22.56195068359375,16.72540855407715,44.63979721069336,18.624500274658203,37.675418853759766,15.727173805236816,62.98615646362305,34.76454162597656,174.42391967773438
2015-08-12,18.360483169555664,22.972166061401367,16.57281494140625,44.64806365966797,18.708480834960938,37.697940826416016,16.00680923461914,63.027992248535156,34.61338806152344,174.63282775878906
2015-08-13,18.308177947998047,22.623802185058594,16.632524490356445,44.615028381347656,18.65544891357422,37.54776382446289,16.010351181030273,62.88576126098633,34.81344223022461,174.41549682617188
2015-08-14,18.39266586303711,22.574966430664062,16.7519474029541,44.895729064941406,18.748254776000977,37.66789627075195,16.130701065063477,63.06144714355469,34.83567428588867,175.0508270263672
2015-08-17,18.497257232666016,22.623802185058594,16.785118103027344,45.11864471435547,18.854326248168945,37.70545196533203,16.208580017089844,63.697261810302734,35.1690673828125,176.02879333496094
2015-08-18,18.376569747924805,22.53916358947754,16.7718505859375,45.036075592041016,18.7570858001709,37.51770782470703,16.16964340209961,63.605224609375,35.2002067565918,175.51889038085938
2015-08-19,18.15128517150879,21.91732406616211,16.6192626953125,44.615028381347656,18.63334083557129,37.172271728515625,16.236896514892578,63.34591293334961,35.13796615600586,174.1313934326172
2015-08-20,17.80934715270996,21.422460556030273,16.267635345458984,43.690364837646484,18.178115844726562,36.8343505859375,16.141319274902344,61.873504638671875,34.15105056762695,170.4951934814453
2015-08-21,17.374868392944336,20.67364501953125,15.683805465698242,42.4849967956543,17.48423194885254,35.82806396484375,15.946638107299805,59.98284149169922,33.05742645263672,165.36288452148438
2015-08-24,16.646730422973633,19.563459396362305,15.013726234436035,40.974159240722656,16.794754028320312,34.58148193359375,15.348414421081543,57.431270599365234,31.737077713012695,158.39999389648438
2015-08-25,16.385244369506836,19.280214309692383,14.814698219299316,40.43754196166992,16.662172317504883,34.31864547729492,14.877625465393066,56.854026794433594,31.6081600189209,156.53599548339844
2015-08-26,16.827754974365234,19.944374084472656,15.371986389160156,41.7006950378418,17.501903533935547,35.33243942260742,15.143106460571289,59.255008697509766,32.8084716796875,162.54600524902344
2015-08-27,17.439233779907227,20.930845260620117,15.750152587890625,42.70791244506836,17.908525466918945,35.85060501098633,15.320100784301758,60.40950012207031,33.57756805419922,166.56655883789062
2015-08-28,17.539804458618164,21.40617561340332,15.677173614501953,42.724430084228516,17.943872451782227,35.77549362182617,15.274081230163574,60.066490173339844,33.59089660644531,166.57496643066406
2015-08-31,17.44325828552246,21.627565383911133,15.544485092163086,42.34465026855469,17.780351638793945,35.527687072753906,15.029834747314453,58.97057342529297,33.33305740356445,165.22914123535156
2015-09-01,16.912235260009766,20.86573600769043,15.040264129638672,41.22184371948242,17.210205078125,34.799251556396484,14.622766494750977,57.42290496826172,32.4884033203125,160.29745483398438
2015-09-02,17.15361213684082,21.057825088500977,15.245925903320312,42.138248443603516,17.62565803527832,35.272361755371094,14.633384704589844,58.602500915527344,33.17301940917969,163.34007263183594
2015-09-03,17.258209228515625,21.11642837524414,15.332181930541992,42.16301345825195,17.638916015625,35.512664794921875,14.700638771057129,58.184200286865234,33.18635177612305,163.4570770263672
2015-09-04,16.916261672973633,20.7680606842041,15.026994705200195,41.57685089111328,17.369312286376953,34.93442916870117,14.49886703491211,57.45637893676758,32.83070373535156,160.9828643798828
2015-09-08,17.338665008544922,21.093629837036133,15.411792755126953,42.724430084228516,17.855484008789062,35.662872314453125,14.80683422088623,59.06259536743164,33.59089660644531,165.02854919433594
2015-09-09,17.205913543701172,20.696434020996094,15.199488639831543,42.27034378051758,17.62123680114746,35.07711410522461,14.622766494750977,58.150718688964844,33.230804443359375,162.82179260253906
2015-09-10,17.246139526367188,20.816898345947266,15.272466659545898,42.29512405395508,17.798023223876953,35.13719940185547,14.59798526763916,58.71124267578125,33.32416534423828,163.70782470703125
2015-09-11,17.221994400024414,20.631330490112305,15.338812828063965,42.52627944946289,17.881994247436523,35.36997985839844,14.707721710205078,59.08769226074219,33.57310104370117,164.4518280029297
2015-09-14,17.01683235168457,20.452260971069336,15.305641174316406,42.31163024902344,17.837800979614258,35.257354736328125,14.743119239807129,58.90363311767578,33.395301818847656,163.84161376953125
2015-09-15,17.14154624938965,20.680166244506836,15.524579048156738,43.046390533447266,18.067626953125,35.67787170410156,14.820991516113281,59.74858474731445,33.746498107910156,165.8895263671875
2015-09-16,17.38694190979004,21.26618766784668,15.624090194702148,43.36012649536133,18.14276123046875,36.083396911621094,14.969658851623535,59.91592025756836,34.12881851196289,167.3272247314453
2015-09-17,17.306486129760742,21.253156661987305,15.405153274536133,43.17023849487305,18.01900863647461,36.083396911621094,15.174962043762207,60.45968246459961,34.21772384643555,166.9510955810547
2015-09-18,16.941600799560547,20.694961547851562,15.107146263122559,42.216514587402344,17.7850399017334,35.66618347167969,15.08957290649414,59.53694152832031,33.67288589477539,164.2228240966797
2015-09-21,16.99823570251465,20.813024520874023,15.280485153198242,42.42402648925781,17.962623596191406,35.93072509765625,15.150309562683105,58.74773025512695,33.9673957824707,165.0714569091797
2015-09-22,16.682701110839844,20.59328842163086,15.087145805358887,41.80978775024414,17.660734176635742,35.5377082824707,14.960938453674316,58.386680603027344,33.516700744628906,162.92886352539062
2015-09-23,16.326717376708984,20.3276309967041,15.0938138961792,41.519264221191406,17.70513343811035,35.59817123413086,15.00024127960205,58.32790756225586,33.42744827270508,162.66848754882812
2015-09-24,16.282217025756836,20.41618537902832,14.98714542388916,41.26194381713867,17.70513343811035,35.658626556396484,15.121726036071777,57.73179244995117,33.33819580078125,162.08026123046875
2015-09-25,16.261993408203125,20.45553970336914,15.207154273986816,41.34495544433594,17.674047470092773,35.885379791259766,15.268229484558105,56.1533317565918,33.33374786376953,162.0382843017578
2015-09-28,15.756336212158203,19.638891220092773,14.853805541992188,40.53150939941406,17.270051956176758,35.35630416870117,15.193193435668945,53.97869873046875,32.374332427978516,157.97158813476562
2015-09-29,15.817014694213867,19.609365463256836,14.880472183227539,40.797115325927734,17.194570541381836,35.34120178222656,15.19676399230957,54.47407150268555,32.26724624633789,158.06399536132812
2015-09-30,16.14872932434082,20.07181167602539,15.107146263122559,41.41136169433594,17.536422729492188,35.66618347167969,15.468324661254883,55.60757827758789,33.13740539550781,161.01316833496094
2015-10-01,16.33076286315918,20.111167907714844,15.113815307617188,41.32006072998047,17.545305252075195,35.66618347167969,15.286091804504395,56.17012023925781,33.3828239440918,161.43328857421875
2015-10-02,16.731243133544922,20.940927505493164,15.133813858032227,41.842979431152344,17.793920516967773,36.15745162963867,15.489763259887695,57.337154388427734,33.86030578613281,163.8447723388672
2015-10-05,17.168134689331055,21.573915481567383,15.453831672668457,43.02995300292969,18.144649505615234,36.7772102355957,15.68986988067627,57.48831558227539,34.360076904296875,166.76031494140625
2015-10-06,17.390625,22.052753448486328,15.380491256713867,42.988468170166016,18.166847229003906,36.527809143066406,15.582666397094727,56.13649368286133,34.105712890625,166.18899536132812
2015-10-07,17.621204376220703,22.331525802612305,15.500494003295898,43.55289840698242,18.251197814941406,36.860355377197266,15.529065132141113,57.034908294677734,34.22174835205078,167.5501708984375
2015-10-08,17.867965698242188,22.757888793945312,15.593832015991211,44.15884017944336,18.335552215576172,37.298709869384766,15.722024917602539,57.20282745361328,34.64120101928711,169.06256103515625
2015-10-09,17.85987663269043,22.610301971435547,15.493825912475586,44.308250427246094,18.415462493896484,37.38184356689453,15.64698600769043,57.4631233215332,34.681373596191406,169.16343688964844
2015-10-12,17.706153869628906,22.318410873413086,15.507163047790527,44.31654739379883,18.437660217285156,37.480106353759766,15.78633975982666,57.6142463684082,34.84647750854492,169.32310485839844
2015-10-13,17.63738441467285,22.085548400878906,15.387157440185547,43.843421936035156,18.3977108001709,37.25337219238281,15.750605583190918,56.89217758178711,34.65904998779297,168.2559814453125
2015-10-14,17.77897071838379,22.275774002075195,15.26048755645752,43.37028884887695,18.36219024658203,36.82256317138672,15.747037887573242,56.78302001953125,34.306522369384766,167.44931030273438
2015-10-15,17.8275146484375,22.675899505615234,15.60716724395752,43.843421936035156,18.59748649597168,37.15510940551758,15.979292869567871,58.050838470458984,34.752769470214844,170.02037048339844
2015-10-16,17.835603713989258,22.70541000366211,15.700496673583984,43.61930847167969,18.63300132751465,37.51032638549805,16.000734329223633,58.571407318115234,34.93572998046875,170.79344177246094
2015-10-19,17.7101993560791,22.2560977935791,15.687171936035156,43.677398681640625,18.70404624938965,37.676612854003906,16.011449813842773,58.78130340576172,35.100833892822266,170.87745666503906
2015-10-20,17.7385196685791,22.318410873413086,15.780502319335938,43.967926025390625,18.65520477294922,37.65394592285156,16.06505012512207,57.857723236083984,35.05620574951172,170.65904235839844
2015-10-21,17.580753326416016,22.04291534423828,15.667166709899902,43.97622299194336,18.513141632080078,37.661502838134766,16.03289031982422,57.337154388427734,34.900028228759766,169.60028076171875
2015-10-22,18.062137603759766,22.43975067138672,15.92050838470459,45.2047004699707,18.93045997619629,38.40974426269531,16.21868896484375,56.9929313659668,35.35962677001953,172.4655303955078
2015-10-23,18.21181297302246,22.387285232543945,16.093841552734375,45.370731353759766,19.45876693725586,38.34927749633789,15.932840347290039,58.21037673950195,35.53367233276367,174.3560333251953
2015-10-26,18.062137603759766,21.83957862854004,16.02717399597168,45.2711067199707,19.383302688598633,38.2736930847168,15.875672340393066,58.437049865722656,35.783573150634766,173.92750549316406
2015-10-27,17.985275268554688,21.57719612121582,15.933842658996582,44.773075103759766,19.27231216430664,38.32660675048828,15.81849479675293,59.511756896972656,35.61399459838867,173.59141540527344
2015-10-28,18.256311416625977,22.056034088134766,16.307186126708984,45.12999725341797,19.560884475708008,38.107425689697266,15.650557518005371,60.00712585449219,35.9531364440918,175.56597900390625
2015-10-29,18.292720794677734,22.16754150390625,16.287185668945312,45.10508346557617,19.507606506347656,38.12253189086914,15.561229705810547,60.27581787109375,36.05575942993164,175.46517944335938
2015-10-30,18.316987991333008,22.311845779418945,16.053850173950195,45.04698944091797,19.37885856628418,37.69929885864258,15.632694244384766,59.89798355102539,36.13163757324219,174.70889282226562
2015-11-02,18.43025779724121,22.83332061767578,16.273853302001953,45.569923400878906,19.552001953125,37.92604064941406,15.650557518005371,61.17421340942383,36.29673767089844,176.77587890625
2015-11-03,18.503074645996094,23.417118072509766,16.300514221191406,45.60311508178711,19.654111862182617,37.744632720947266,15.697010040283203,60.95588302612305,36.435062408447266,177.28843688964844
2015-11-04,18.3817138671875,23.20720672607422,16.253854751586914,45.4786376953125,19.676311492919922,37.58592224121094,15.779192924499512,60.68721008300781,36.198577880859375,176.7506561279297
2015-11-05,18.28867530822754,23.010433197021484,16.320520401000977,45.536720275878906,19.618593215942383,37.5783576965332,15.643415451049805,60.494136810302734,36.327980041503906,176.57424926757812
2015-11-06,18.337215423583984,22.892362594604492,16.487199783325195,45.536720275878906,19.685192108154297,37.170223236083984,15.096720695495605,60.242218017578125,36.332435607910156,176.48182678222656
2015-11-09,18.21181297302246,22.666059494018555,16.307186126708984,45.18809509277344,19.49428939819336,36.92081069946289,15.136024475097656,59.780426025390625,35.83264923095703,174.83489990234375
2015-11-10,18.078323364257812,22.715255737304688,16.38052749633789,45.1798210144043,19.36553955078125,37.019081115722656,15.271800994873047,60.18346405029297,36.17177963256836,175.23826599121094
2015-11-11,18.098543167114258,22.233135223388672,16.327186584472656,45.23789596557617,19.356651306152344,36.96616744995117,15.40400505065918,59.58732986450195,35.95759963989258,174.54925537109375
2015-11-12,17.73447036743164,21.728063583374023,16.080514907836914,44.62364959716797,19.18795394897461,36.467342376708984,15.257506370544434,58.55460739135742,35.6229362487793,172.11264038085938
2015-11-13,17.961002349853516,21.639507293701172,15.947175025939941,44.42445755004883,18.810583114624023,36.14991760253906,15.20034408569336,58.4118766784668,34.685829162597656,170.18006896972656
2015-11-16,18.191587448120117,22.361051559448242,16.14051628112793,44.99718475341797,19.09916877746582,36.769649505615234,15.457602500915527,59.1423454284668,35.10530471801758,172.76797485351562
2015-11-17,18.17136001586914,22.115066528320312,16.107177734375,44.90589141845703,19.103605270385742,36.75454330444336,15.178901672363281,59.39421081542969,35.17222595214844,172.64195251464844
2015-11-18,18.494985580444336,22.479116439819336,16.393857955932617,45.528438568115234,19.392179489135742,37.26091766357422,15.275369644165039,60.552860260009766,35.77463912963867,175.3811492919922
2015-11-19,18.474754333496094,22.177385330200195,16.420520782470703,45.72763442993164,19.480968475341797,37.35917663574219,15.439739227294922,59.53694152832031,35.81926345825195,175.22987365722656
2015-11-20,18.418119430541992,21.941246032714844,16.447195053100586,45.960044860839844,19.623037338256836,37.09465408325195,15.504059791564941,60.04913330078125,36.24766159057617,175.86843872070312
2015-11-23,18.4423885345459,22.09866714477539,16.38052749633789,45.72763442993164,19.507606506347656,37.419647216796875,15.361135482788086,59.89798355102539,36.38152313232422,175.66680908203125
2015-11-24,18.596115112304688,22.570945739746094,16.3338565826416,45.652923583984375,19.512042999267578,37.51789855957031,15.339692115783691,60.082698822021484,36.305667877197266,175.9020538330078
2015-11-25,18.478801727294922,22.387285232543945,16.347190856933594,45.652923583984375,19.449893951416016,37.616146087646484,15.246786117553711,60.41015625,36.488609313964844,175.8768310546875
2015-11-27,18.454530715942383,22.226579666137695,16.387187957763672,45.73593521118164,19.49428939819336,37.75975036621094,15.275369644165039,60.52768325805664,36.35475158691406,176.0785369873047
2015-11-30,18.499027252197266,22.308574676513672,16.373859405517578,45.4371223449707,19.5164852142334,37.35163116455078,15.300382614135742,59.70486068725586,36.046852111816406,175.3474884033203
2015-12-01,18.62847328186035,22.48567008972168,16.553861618041992,45.652923583984375,19.68962860107422,37.669063568115234,15.42187213897705,60.71239471435547,36.41722106933594,177.01954650878906
2015-12-02,18.377666473388672,21.79037857055664,16.360525131225586,45.18809509277344,19.56531524658203,37.480106353759766,15.078857421875,60.20025634765625,36.100399017333984,175.2130126953125
2015-12-03,18.21585464477539,21.354177474975586,16.093841552734375,44.62364959716797,19.312259674072266,37.283599853515625,14.964509010314941,58.882076263427734,35.55598449707031,172.75958251953125
2015-12-04,18.535436630249023,21.219703674316406,16.520526885986328,45.2877082824707,19.78729820251465,38.12253189086914,15.175326347351074,60.26742172241211,36.243194580078125,176.12890625
2015-12-07,18.203720092773438,20.412900924682617,16.367189407348633,45.06359100341797,19.68962860107422,38.22834777832031,15.243217468261719,59.931575775146484,36.09147262573242,175.06179809570312
2015-12-08,17.85987663269043,20.203004837036133,16.160520553588867,44.34144592285156,19.640798568725586,38.130096435546875,15.22177505493164,60.065921783447266,35.984378814697266,173.8854522705078
2015-12-09,18.39789390563965,20.468656539916992,15.973843574523926,44.20863723754883,19.35222053527832,37.76730728149414,15.225349426269531,59.461395263671875,35.52474594116211,172.53271484375
2015-12-10,18.260351181030273,20.5998477935791,15.987174987792969,44.41614532470703,19.405494689941406,37.81267547607422,14.975229263305664,59.906410217285156,35.645240783691406,172.9779815673828
2015-12-11,17.774921417236328,19.82910919189453,15.633831024169922,43.66910934448242,19.00148582458496,37.3969612121582,14.93234920501709,59.024803161621094,34.83308029174805,169.62554931640625
2015-12-14,17.540300369262695,19.934059143066406,15.667166709899902,43.82680892944336,19.148000717163086,37.76730728149414,15.00738525390625,59.41100311279297,35.01158142089844,170.4825439453125
2015-12-15,17.63738441467285,20.43585777282715,16.033849716186523,43.83512496948242,19.232349395751953,38.00917053222656,15.1253023147583,60.18346405029297,35.20345687866211,172.27224731445312
2015-12-16,17.81942367553711,20.301389694213867,16.293853759765625,44.61537551879883,19.49428939819336,38.742286682128906,15.507630348205566,60.96430969238281,35.792484283447266,174.79290771484375
2015-12-17,17.463438034057617,19.80287742614746,16.060516357421875,43.87662887573242,19.18795394897461,38.243465423583984,15.539799690246582,60.309383392333984,35.20345687866211,172.12942504882812
2015-12-18,17.227466583251953,19.456050872802734,15.631163597106934,43.207706451416016,18.815834045410156,37.56584930419922,15.34664535522461,59.435020446777344,34.650081634521484,169.06289672851562
2015-12-21,17.382333755493164,19.475908279418945,15.785462379455566,43.541748046875,19.007694244384766,37.99221420288086,15.335823059082031,59.97465133666992,34.8248405456543,170.45753479003906
2015-12-22,17.6024227142334,19.704252243041992,15.933051109313965,44.14302062988281,19.146015167236328,38.48710250854492,15.465779304504395,60.37939453125,35.08024597167969,172.00433349609375
2015-12-23,18.018123626708984,20.5613956451416,16.12088966369629,44.6607666015625,19.306642532348633,38.76880645751953,15.704052925109863,61.028621673583984,35.25947570800781,174.13430786132812
2015-12-24,17.977367401123047,20.376066207885742,16.107473373413086,44.6440544128418,19.297712326049805,38.73072814941406,15.693222999572754,61.08763885498047,35.165374755859375,173.84693908691406
2015-12-28,17.851024627685547,20.005407333374023,16.09405517578125,44.543853759765625,19.284330368041992,38.67744827270508,15.722101211547852,60.80098342895508,35.2549934387207,173.44961547851562
2015-12-29,18.018123626708984,20.1444034576416,16.261777877807617,44.969757080078125,19.54758071899414,39.01244354248047,15.808743476867676,61.54294204711914,35.662742614746094,175.30072021484375
2015-12-30,17.851024627685547,19.873031616210938,16.14772605895996,44.59395980834961,19.382488250732422,38.87540054321289,15.794303894042969,61.28155517578125,35.37596893310547,174.0581817626953
2015-12-31,17.696149826049805,19.962387084960938,15.986714363098145,44.268272399902344,19.110315322875977,38.44142532348633,15.62462329864502,60.73350143432617,35.02198791503906,172.3170623779297
2016-01-04,17.41901397705078,19.955764770507812,15.678117752075195,43.67536544799805,18.860454559326172,37.954139709472656,15.592131614685059,59.637386322021484,34.42156982421875,169.9081573486328
2016-01-05,17.410863876342773,20.03188705444336,15.73849868774414,43.792274475097656,18.811376571655273,38.19778060913086,15.704052925109863,59.9240837097168,34.37675094604492,170.19554138183594
2016-01-06,16.95440101623535,19.260793685913086,15.49698543548584,43.115848541259766,18.579349517822266,38.0683479309082,15.675169944763184,59.435020446777344,34.04069137573242,168.0486297607422
2016-01-07,16.493858337402344,18.790861129760742,15.060924530029297,41.94670486450195,18.030542373657227,37.61151885986328,15.570475578308105,58.22929000854492,33.3416748046875,164.01690673828125
2016-01-08,16.32676124572754,18.54926300048828,14.826119422912598,41.52082824707031,17.887754440307617,37.322208404541016,15.563253402709961,57.352386474609375,32.98322296142578,162.21652221679688
2016-01-11,16.04962158203125,18.15213966369629,14.846245765686035,41.545875549316406,18.003768920898438,37.672428131103516,15.646285057067871,56.66942596435547,33.243106842041016,162.37716674804688
2016-01-12,16.07407569885254,18.195159912109375,14.960296630859375,41.879913330078125,18.217941284179688,37.878013610839844,15.584914207458496,57.39455032348633,33.610538482666016,163.68724060058594
2016-01-13,15.703198432922363,17.758319854736328,14.571187019348145,40.869449615478516,17.727128982543945,37.18516540527344,15.577693939208984,55.691349029541016,32.47688674926758,159.6048583984375
2016-01-14,15.915125846862793,18.52278709411621,14.698653221130371,41.353797912597656,18.061767578125,37.36027908325195,15.81235122680664,57.18376541137695,32.70989227294922,162.22499084472656
2016-01-15,15.589083671569824,17.986663818359375,14.3699312210083,40.62726593017578,17.553110122680664,36.7740364074707,15.671564102172852,56.382755279541016,32.03776168823242,158.74266052246094
2016-01-19,15.397525787353516,17.599462509155273,14.363221168518066,40.618919372558594,17.570964813232422,37.21562576293945,15.906216621398926,56.37431335449219,32.158748626708984,158.95396423339844
2016-01-20,15.283413887023926,17.13283348083496,14.081463813781738,40.09282684326172,17.432647705078125,36.75119400024414,15.548811912536621,56.48393630981445,31.87645721435547,156.9169464111328
2016-01-21,15.41790771484375,17.665653228759766,14.02108383178711,40.26818084716797,17.530803680419922,36.895835876464844,15.534374237060547,56.315303802490234,32.28422164916992,157.79603576660156
2016-01-22,15.69504165649414,18.446678161621094,14.27601146697998,40.618919372558594,18.01715087890625,37.52779006958008,15.81235122680664,57.20905685424805,32.848793029785156,161.03326416015625
2016-01-25,15.193751335144043,17.586227416992188,13.98753833770752,40.11786651611328,17.80743980407715,37.192771911621094,15.678779602050781,56.6778564453125,32.4724006652832,158.5989532470703
2016-01-26,15.454586029052734,18.251426696777344,14.22234058380127,40.87779998779297,17.98145866394043,37.5353889465332,15.78708267211914,57.10787582397461,32.947383880615234,160.7627410888672
2016-01-27,15.332314491271973,18.165376663208008,14.168671607971191,40.41850662231445,17.61112403869629,37.49732971191406,15.8231840133667,56.45864486694336,32.43208694458008,159.0131378173828
2016-01-28,15.356773376464844,18.71805191040039,14.175379753112793,40.65231704711914,17.83867835998535,37.878013610839844,16.075895309448242,55.14330291748047,32.848793029785156,159.84146118164062
2016-01-29,15.801006317138672,19.264101028442383,14.571187019348145,41.74629592895508,18.40087890625,38.6469841003418,16.397193908691406,56.04547119140625,33.20725631713867,163.73794555664062
2016-02-01,15.86622142791748,18.943086624145508,14.51081657409668,41.646087646484375,18.467805862426758,38.77641677856445,16.55242919921875,56.129798889160156,33.40888977050781,163.67880249023438
2016-02-02,15.76025390625,18.310993194580078,14.108296394348145,40.81098937988281,18.137630462646484,38.28152847290039,16.624635696411133,55.32035827636719,32.75918197631836,160.7289581298828
2016-02-03,16.290084838867188,18.96294403076172,14.12171459197998,41.47071838378906,18.115310668945312,38.19778060913086,16.83041000366211,55.68291473388672,32.674034118652344,161.6925506591797
2016-02-04,16.742467880249023,18.953012466430664,14.242466926574707,42.18888473510742,18.133159637451172,37.84755325317383,16.758203506469727,55.379390716552734,32.48585510253906,161.9460906982422
2016-02-05,16.55092430114746,18.512859344482422,14.054627418518066,41.78804397583008,17.6245059967041,37.7866325378418,16.812360763549805,54.30012893676758,31.437347412109375,158.8610076904297
2016-02-08,16.11482810974121,18.41689682006836,13.699066162109375,41.437313079833984,17.370176315307617,37.68766784667969,16.754602432250977,53.558128356933594,30.827957153320312,156.72259521484375
2016-02-09,16.314529418945312,17.973432540893555,13.678942680358887,41.687835693359375,17.28986930847168,37.93892288208008,16.812360763549805,53.954429626464844,30.77866554260254,156.7310333251953
2016-02-10,16.1596622467041,17.900625228881836,13.605143547058105,41.47071838378906,17.316633224487305,37.89323425292969,16.79430389404297,54.43503189086914,30.724895477294922,156.59579467773438
2016-02-11,15.80916690826416,17.824508666992188,13.189208030700684,40.660667419433594,17.280935287475586,37.58869171142578,16.498281478881836,53.558128356933594,30.706972122192383,154.55882263183594
2016-02-12,16.277854919433594,18.29444122314453,13.746025085449219,41.479061126708984,17.521879196166992,38.121646881103516,16.447738647460938,54.27483367919922,31.27155113220215,157.74530029296875
2016-02-16,16.52646255493164,18.476457595825195,13.967411041259766,42.31416320800781,17.83421516418457,38.42619323730469,16.55242919921875,55.29505920410156,32.02880859375,160.4077606201172
2016-02-17,16.852506637573242,19.082082748413086,14.155251502990723,42.96553421020508,18.20009422302246,38.82210922241211,16.519941329956055,55.99489974975586,32.71885681152344,163.0279541015625
2016-02-18,16.80360221862793,18.843807220458984,14.074747085571289,42.94047546386719,18.12870216369629,38.6469841003418,16.79070281982422,55.64918518066406,32.5037727355957,162.3602294921875
2016-02-19,16.607980728149414,18.800783157348633,14.074747085571289,42.85696792602539,18.142086029052734,38.70790481567383,16.678791046142578,55.590171813964844,32.5933837890625,162.2841796875
2016-02-22,16.925870895385742,19.280649185180664,14.296136856079102,43.58349609375,18.38302230834961,38.898250579833984,16.873737335205078,56.382755279541016,33.22517776489258,164.63389587402344
2016-02-23,16.51015281677246,18.622074127197266,14.041210174560547,43.14924621582031,18.09300422668457,38.89061737060547,16.888174057006836,55.961181640625,33.04147720336914,162.5546875
2016-02-24,16.681337356567383,18.81071662902832,14.007667541503906,43.17429733276367,18.231319427490234,39.01244354248047,16.967594146728516,56.14665603637695,33.23414611816406,163.29849243164062
2016-02-25,16.897340774536133,18.827255249023438,14.202210426330566,43.74216842651367,18.458881378173828,39.454036712646484,17.14087677001953,56.84648132324219,33.56572723388672,165.2762451171875
2016-02-26,17.141878128051758,18.93977928161621,14.302845001220703,43.800621032714844,18.409801483154297,38.898250579833984,16.667957305908203,56.74533462524414,33.529876708984375,164.89593505859375
2016-02-29,17.035911560058594,18.72467041015625,14.148550033569336,43.52504348754883,18.280406951904297,38.76880645751953,16.714889526367188,55.843135833740234,33.355125427246094,163.6027374267578
2016-03-01,17.471994400024414,19.214462280273438,14.62486457824707,44.3768424987793,18.824756622314453,39.141876220703125,16.631853103637695,57.04043197631836,34.23785400390625,167.44850158691406
2016-03-02,17.402708053588867,19.68439483642578,14.785865783691406,44.410247802734375,18.8783016204834,39.25607681274414,16.718496322631836,57.1331787109375,34.20648193359375,168.2008056640625
2016-03-03,17.508676528930664,19.982242584228516,14.886499404907227,44.727577209472656,18.8783016204834,39.454036712646484,16.819580078125,56.972965240478516,34.40812301635742,168.86007690429688
2016-03-04,17.712461471557617,20.1741943359375,14.946876525878906,44.91129684448242,18.92738151550293,39.621551513671875,17.007305145263672,56.83806228637695,34.37675094604492,169.40945434570312
2016-03-07,17.91623306274414,20.64743423461914,14.940162658691406,45.0449104309082,18.811376571655273,39.37790298461914,17.101173400878906,57.293373107910156,34.228885650634766,169.54469299316406
2016-03-08,17.565738677978516,19.78036880493164,14.698653221130371,44.410247802734375,18.695362091064453,39.49210739135742,17.270851135253906,56.59355163574219,33.96004104614258,167.693603515625
2016-03-09,17.67577362060547,20.10138511657715,14.71878719329834,44.55220413208008,18.855987548828125,39.789039611816406,17.35026741027832,56.6947135925293,34.027244567871094,168.52198791503906
2016-03-10,17.76951789855957,20.117929458618164,14.705366134643555,44.48539352416992,18.8381404876709,39.80426025390625,17.364709854125977,56.728458404541016,34.11238479614258,168.65721130371094
2016-03-11,18.09556007385254,20.63750648498535,15.087761878967285,45.12842559814453,19.128164291381836,39.933712005615234,17.38276481628418,57.833011627197266,34.63663864135742,171.3788299560547
2016-03-14,17.973295211791992,20.50182342529297,15.040796279907227,45.1701774597168,19.15047264099121,39.91086959838867,17.404417037963867,57.58850860595703,34.76658630371094,171.15908813476562
2016-03-15,18.01404571533203,20.46210289001465,15.034092903137207,45.14512252807617,19.221860885620117,40.00984573364258,17.43691062927246,56.6947135925293,34.75762939453125,170.88015747070312
2016-03-16,18.164840698242188,20.81621742248535,15.000550270080566,45.303794860839844,19.44495964050293,40.1011962890625,17.704057693481445,56.55982971191406,35.039913177490234,171.86911010742188
2016-03-17,18.499042510986328,21.100828170776367,15.181678771972656,46.297542572021484,19.516345977783203,40.344844818115234,17.801532745361328,55.902156829833984,35.08920669555664,172.95945739746094
2016-03-18,18.575519561767578,21.161489486694336,15.316447257995605,46.694576263427734,19.54774284362793,40.29204177856445,17.68804931640625,56.55965042114258,35.134647369384766,173.63912963867188
2016-03-21,18.661407470703125,21.088167190551758,15.289491653442383,46.97157669067383,19.615005493164062,40.31499481201172,17.669862747192383,56.889652252197266,35.15264129638672,173.8854522705078
2016-03-22,18.4487361907959,20.971508026123047,15.242328643798828,46.70296096801758,19.61949348449707,40.077754974365234,17.61167335510254,57.45660400390625,35.094154357910156,173.79205322265625
2016-03-23,18.21971321105957,20.511547088623047,15.127771377563477,46.40079116821289,19.50738525390625,40.08542251586914,17.742612838745117,57.0504150390625,34.8466911315918,172.64508056640625
2016-03-24,18.21971321105957,20.611539840698242,15.033429145812988,46.266502380371094,19.56119728088379,40.03950119018555,17.78989601135254,57.02504348754883,34.89167404174805,172.56858825683594
2016-03-28,18.297414779663086,20.501550674438477,15.080602645874023,46.28328323364258,19.511865615844727,40.25376510620117,17.724424362182617,56.86427307128906,35.04915237426758,172.6705780029297
2016-03-29,18.39966583251953,20.59820556640625,15.10755443572998,46.585453033447266,19.816804885864258,40.5522346496582,17.986310958862305,57.52429962158203,35.404598236083984,174.26783752441406
2016-03-30,18.48145866394043,20.638200759887695,15.195155143737793,46.66939163208008,19.933406829833984,40.82008743286133,17.94266128540039,57.53275680541992,35.62957000732422,175.032470703125
2016-03-31,18.326047897338867,20.628198623657227,15.161463737487793,46.560272216796875,19.893037796020508,40.605804443359375,18.048137664794922,57.355072021484375,35.58907699584961,174.60765075683594
2016-04-01,18.50189971923828,20.3515625,15.296229362487793,46.77853012084961,20.04551887512207,41.034358978271484,18.117250442504883,58.006649017333984,35.737548828125,175.79702758789062
2016-04-04,18.260616302490234,20.201570510864258,15.222110748291016,46.24970626831055,19.969280242919922,41.0496711730957,18.040863037109375,58.70051956176758,35.458587646484375,175.22784423828125
2016-04-05,18.14609718322754,20.06491470336914,15.006478309631348,45.964324951171875,19.776447296142578,40.77415466308594,17.702598571777344,57.938961029052734,35.157142639160156,173.47764587402344
2016-04-06,18.35467529296875,20.498210906982422,15.0873441696167,46.190956115722656,19.969280242919922,41.0955810546875,17.680774688720703,59.495941162109375,35.490081787109375,175.3722686767578
2016-04-07,18.088842391967773,20.378225326538086,14.804332733154297,45.74606704711914,19.682281494140625,40.65171432495117,17.673500061035156,58.8443717956543,35.089656829833984,173.27377319335938
2016-04-08,18.207441329956055,20.788188934326172,14.858235359191895,45.92234802246094,19.682281494140625,40.873634338378906,17.76806640625,58.683589935302734,35.035675048828125,173.74102783203125
2016-04-11,18.289241790771484,20.701526641845703,14.918882369995117,45.939144134521484,19.628459930419922,40.58283996582031,17.691688537597656,58.235107421875,34.90518569946289,173.33322143554688
2016-04-12,18.542797088623047,21.318138122558594,15.10755443572998,46.207733154296875,19.762998580932617,40.835384368896484,17.815357208251953,58.708980560302734,35.17063522338867,174.9474639892578
2016-04-13,18.72684097290039,21.418136596679688,15.451214790344238,46.89601516723633,19.964797973632812,40.52162551879883,17.706241607666016,59.259002685546875,35.66556930541992,176.71463012695312
2016-04-14,18.739103317260742,21.4681339263916,15.484908103942871,46.979957580566406,19.96030616760254,40.33794403076172,17.684412002563477,59.29286575317383,35.66556930541992,176.7230987548828
2016-04-15,18.82499885559082,21.17815589904785,15.430997848510742,47.04710388183594,19.884075164794922,40.59049987792969,17.782615661621094,59.250553131103516,35.7645378112793,176.52769470214844
2016-04-18,18.91088104248047,21.528121948242188,15.545557975769043,47.089080810546875,19.969280242919922,40.82008743286133,17.85173225402832,59.80055618286133,36.10198974609375,177.76809692382812
2016-04-19,19.315759658813477,21.958086013793945,15.740965843200684,47.424835205078125,19.8571720123291,40.797122955322266,17.880826950073242,60.01211929321289,35.90401840209961,178.3287811279297
2016-04-20,19.258502960205078,22.15473747253418,15.86225700378418,47.34928894042969,19.897525787353516,40.33794403076172,17.433439254760742,60.33366394042969,35.94900894165039,178.4987335205078
2016-04-21,19.17262077331543,22.02474594116211,15.720752716064453,47.23177719116211,19.825777053833008,39.61859130859375,17.06971549987793,60.689064025878906,35.823028564453125,177.5387420654297
2016-04-22,19.30757713317871,22.344717025756836,15.869000434875488,47.34928894042969,19.480478286743164,39.76398468017578,17.22247886657715,60.81601333618164,35.75103759765625,177.5387420654297
2016-04-25,19.24214744567871,22.094741821289062,15.835307121276855,47.122657775878906,19.48496437072754,40.03950119018555,17.255216598510742,60.579063415527344,35.79153060913086,177.2328643798828
2016-04-26,19.397552490234375,22.44803810119629,15.936384201049805,47.5423469543457,19.39078712463379,39.878780364990234,17.280681610107422,60.3505973815918,35.877017974853516,177.4962615966797
2016-04-27,19.56114387512207,22.874671936035156,15.963334083557129,47.87810516357422,19.301090240478516,40.070098876953125,17.531648635864258,60.28290939331055,35.841026306152344,177.86158752441406
2016-04-28,19.37710952758789,22.53470230102539,15.794876098632812,47.416439056396484,19.058935165405273,40.10835647583008,17.506189346313477,59.99518966674805,35.45409393310547,176.2473602294922
2016-04-29,19.262590408325195,22.498035430908203,15.707269668579102,47.139442443847656,18.89301300048828,40.02417755126953,17.61167335510254,59.055904388427734,35.634056091308594,175.29580688476562
2016-05-02,19.332122802734375,22.474708557128906,15.848784446716309,47.38286590576172,19.032026290893555,40.483360290527344,17.753522872924805,59.3943977355957,36.133480072021484,176.68911743164062
2016-05-03,19.01312255859375,21.944747924804688,15.646626472473145,46.996761322021484,18.857133865356445,40.406829833984375,17.73897361755371,59.20822525024414,35.80052185058594,175.15138244628906
2016-05-04,18.820905685424805,21.628110885620117,15.525339126586914,46.41757583618164,18.798831939697266,40.529266357421875,17.946304321289062,58.64127731323242,35.6385612487793,174.1743621826172
2016-05-05,18.72684097290039,21.804763793945312,15.51860237121582,46.39240646362305,18.80780029296875,40.53691482543945,17.877187728881836,58.88667297363281,35.409088134765625,174.14039611816406
2016-05-06,18.87815284729004,21.754770278930664,15.585984230041504,46.70296096801758,18.94682502746582,40.743560791015625,17.760793685913086,58.53974151611328,35.6700439453125,174.7775421142578
2016-05-09,18.64913558959961,21.43813133239746,15.545557975769043,46.49311828613281,18.94682502746582,40.965484619140625,17.862638473510742,59.20822525024414,35.76903533935547,174.92198181152344
2016-05-10,18.95995330810547,21.81476402282715,15.767926216125488,47.290531158447266,19.193466186523438,41.3710823059082,17.880826950073242,59.707481384277344,36.22796630859375,177.09693908691406
2016-05-11,18.894521713256836,21.881427764892578,15.59946346282959,46.89601516723633,19.054447174072266,41.04200744628906,17.946304321289062,58.988216400146484,35.49908447265625,175.44017028808594
2016-05-12,18.976316452026367,21.941417694091797,15.606199264526367,46.79530334472656,19.00063705444336,41.26393508911133,18.051776885986328,58.64127731323242,35.56657791137695,175.49122619628906
2016-05-13,18.792278289794922,21.66144371032715,15.417521476745605,46.207733154296875,18.92888832092285,40.743560791015625,17.9644775390625,58.5058708190918,35.14364242553711,173.9619598388672
2016-05-16,19.115367889404297,22.028079986572266,15.498382568359375,46.77853012084961,19.193466186523438,41.00373840332031,17.986310958862305,59.30129623413086,35.364097595214844,175.6781463623047
2016-05-17,19.017215728759766,22.13140296936035,15.410784721374512,46.5518798828125,19.00063705444336,40.2002067565918,17.680774688720703,58.683589935302734,34.96367263793945,174.03839111328125
2016-05-18,18.72684097290039,21.918094635009766,15.68033218383789,46.39240646362305,19.03651237487793,39.73337173461914,17.34978485107422,58.92900085449219,34.7612190246582,174.08937072753906
2016-05-19,18.792278289794922,21.92142105102539,15.532074928283691,45.95591735839844,18.933374404907227,40.12367248535156,17.524370193481445,58.42972183227539,34.729713439941406,173.48617553710938
2016-05-20,18.92723846435547,22.05141258239746,15.639893531799316,46.190956115722656,19.16207504272461,39.91705322265625,17.564388275146484,58.971290588378906,34.959171295166016,174.5821533203125
2016-05-23,19.14808464050293,21.994752883911133,15.62641429901123,46.10700607299805,19.126203536987305,39.955318450927734,17.40798568725586,58.73436737060547,34.83768081665039,174.34425354003906
2016-05-24,19.274864196777344,22.10474395751953,15.86225700378418,46.585453033447266,19.48496437072754,40.29204177856445,17.58257293701172,59.58055114746094,35.25613021850586,176.6041259765625
2016-05-25,19.51207160949707,22.4547119140625,16.030717849731445,46.904422760009766,19.61949348449707,40.3532600402832,17.531648635864258,59.952880859375,35.44960021972656,177.8021240234375
2016-05-26,19.303491592407227,22.36138343811035,15.936384201049805,46.77012252807617,19.682281494140625,40.51396179199219,17.731693267822266,59.96133041381836,35.52157211303711,177.8530731201172
2016-05-27,19.295316696166992,22.37471580505371,16.044193267822266,46.94639205932617,19.776447296142578,40.55988311767578,17.760793685913086,60.23210525512695,35.68806838989258,178.61770629882812
2016-05-31,19.197154998779297,22.288055419921875,16.003767013549805,46.93798828125,19.816804885864258,40.299678802490234,17.877187728881836,60.375972747802734,35.65203857421875,178.27786254882812
2016-06-01,19.221696853637695,22.29472541809082,16.037458419799805,46.979957580566406,19.767478942871094,40.712928771972656,17.92447280883789,60.596004486083984,35.62957000732422,178.6431427001953
2016-06-02,19.328031539916992,22.264728546142578,16.071149826049805,47.038726806640625,19.749542236328125,40.728248596191406,17.931747436523438,61.37449645996094,35.82752990722656,179.18687438964844
2016-06-03,19.491622924804688,22.178062438964844,15.842040061950684,46.996761322021484,19.70469093322754,40.98844909667969,18.215450286865234,61.1713981628418,35.59356689453125,178.65162658691406
2016-06-06,19.6920166015625,22.668027877807617,15.936384201049805,47.44162368774414,19.74057388305664,41.034358978271484,18.18999481201172,61.50142288208008,35.68355941772461,179.56076049804688
2016-06-07,19.700197219848633,23.18131446838379,15.902688980102539,47.668251037597656,19.821287155151367,40.98844909667969,18.175439834594727,61.120643615722656,35.728546142578125,179.84107971191406
2016-06-08,19.8147029876709,23.12798309326172,15.916169166564941,47.97042465209961,19.861656188964844,41.23332214355469,18.284564971923828,61.33219528198242,35.76903533935547,180.42730712890625
2016-06-09,19.67156219482422,22.951335906982422,15.801608085632324,47.9620361328125,19.866140365600586,41.394046783447266,18.440969467163086,61.23064422607422,35.68806838989258,180.18093872070312
2016-06-10,19.524330139160156,22.4547119140625,15.606199264526367,47.399654388427734,19.713666915893555,41.42464065551758,18.3936824798584,60.739845275878906,35.31460189819336,178.4732666015625
2016-06-13,19.30757713317871,22.388051986694336,15.498382568359375,46.887638092041016,19.493925094604492,41.080265045166016,18.371862411499023,60.25749588012695,35.121131896972656,177.09693908691406
2016-06-14,19.164440155029297,22.37471580505371,15.269279479980469,46.89601516723633,19.538774490356445,41.24098587036133,18.470062255859375,60.3505973815918,35.03117370605469,176.7485809326172
2016-06-15,19.250316619873047,22.321388244628906,15.289491653442383,46.912803649902344,19.489444732666016,41.118534088134766,18.35367202758789,59.93598175048828,35.130149841308594,176.50221252441406
2016-06-16,19.315759658813477,22.214731216430664,15.329928398132324,46.996761322021484,19.529804229736328,41.33281707763672,18.470062255859375,60.14750289916992,35.24263000488281,177.02891540527344
2016-06-17,19.400022506713867,22.4415283203125,15.317049026489258,47.03643035888672,19.399580001831055,41.16575622558594,18.536806106567383,59.52304458618164,35.18708801269531,176.36965942382812
2016-06-20,19.5109920501709,22.63611602783203,15.405122756958008,47.46686935424805,19.48068618774414,41.2966423034668,18.46712875366211,59.89689636230469,35.5031623840332,177.5054931640625
2016-06-21,19.457565307617188,22.904516220092773,15.49319076538086,47.43309783935547,19.615873336791992,41.404415130615234,18.492795944213867,59.69295883178711,35.421878814697266,178.00933837890625
2016-06-22,19.478107452392578,22.77702522277832,15.479645729064941,47.298057556152344,19.54827880859375,41.42750549316406,18.40479278564453,59.86289978027344,35.372215270996094,177.718994140625
2016-06-23,19.77815055847168,23.152782440185547,15.804813385009766,47.8466682434082,19.814149856567383,41.68156814575195,18.45612907409668,60.6445198059082,35.71987533569336,180.03334045410156
2016-06-24,18.91501808166504,22.404621124267578,14.958003997802734,45.89701843261719,19.052587509155273,40.88089370727539,18.485469818115234,58.88584518432617,34.39241409301758,173.56851196289062
2016-06-27,18.277942657470703,21.686656951904297,14.531213760375977,44.816688537597656,18.669553756713867,40.79621124267578,18.71282196044922,58.095726013183594,33.76028060913086,170.45997619628906
2016-06-28,18.43412971496582,22.290552139282227,14.903812408447266,45.5762939453125,19.03907012939453,41.05026626586914,18.782499313354492,59.225685119628906,34.433040618896484,173.5343475341797
2016-06-29,18.746505737304688,22.71328353881836,15.242532730102539,46.386531829833984,19.331979751586914,41.5275993347168,18.833833694458008,60.35566329956055,34.9884147644043,176.48924255371094
2016-06-30,19.046546936035156,22.894451141357422,15.486417770385742,47.27275085449219,19.543773651123047,42.45915603637695,19.240875244140625,60.924903869628906,35.24577713012695,178.89755249023438
2016-07-01,19.054758071899414,23.015230178833008,15.405122756958008,47.42466354370117,19.58883285522461,42.25898742675781,19.24454116821289,61.30724334716797,35.611515045166016,179.27325439453125
2016-07-05,18.709510803222656,22.552244186401367,15.174782752990723,46.99422073364258,19.44463348388672,42.497657775878906,19.387557983398438,61.247745513916016,35.32255172729492,177.9837646484375
2016-07-06,18.783491134643555,22.649534225463867,15.215435981750488,47.23054885864258,19.5798282623291,42.5361442565918,19.427892684936523,61.93592071533203,35.625064849853516,179.05125427246094
2016-07-07,18.83281135559082,22.418041229248047,15.235763549804688,47.357147216796875,19.5798282623291,42.451446533203125,19.068523406982422,61.84248352050781,35.778587341308594,178.94021606445312
2016-07-08,19.30137062072754,22.716632843017578,15.527061462402344,48.30243682861328,19.88625144958496,42.87489318847656,19.266544342041016,62.607093811035156,36.40169143676758,181.604736328125
2016-07-11,19.39590835571289,22.76024627685547,15.615130424499512,48.60627365112305,20.0034122467041,42.88258743286133,19.25187110900879,62.437191009521484,36.61389923095703,182.24525451660156
2016-07-12,19.749387741088867,23.323890686035156,15.8115873336792,49.05359649658203,20.1656436920166,42.65163040161133,18.98784828186035,62.74304962158203,36.75837707519531,183.56893920898438
2016-07-13,19.802812576293945,23.12258529663086,15.8115873336792,49.171756744384766,20.170150756835938,42.89029312133789,19.138198852539062,62.717586517333984,36.57777786254883,183.5432891845703
2016-07-14,19.97956085205078,23.240015029907227,15.960627555847168,49.543121337890625,20.300832748413086,42.88258743286133,19.013519287109375,62.98941421508789,36.726768493652344,184.56814575195312
2016-07-15,20.04943084716797,23.226598739624023,15.93352222442627,49.534664154052734,20.28280258178711,42.88258743286133,19.068523406982422,62.938446044921875,36.56424331665039,184.32046508789062
2016-07-18,20.180952072143555,23.243364334106445,15.987724304199219,49.49247360229492,20.417993545532227,42.83639144897461,19.123533248901367,62.96391296386719,36.704219818115234,184.81578063964844
2016-07-19,20.061758041381836,23.11252212524414,15.994499206542969,49.51780319213867,20.372936248779297,42.80562210083008,19.09052276611328,62.82798767089844,36.636474609375,184.6279296875
2016-07-20,20.069976806640625,23.0789737701416,16.02159881591797,49.610626220703125,20.638797760009766,42.65163040161133,18.98050880432129,63.39725112915039,36.78999328613281,185.3965301513672
2016-07-21,19.946674346923828,22.8508358001709,15.940305709838867,49.10422897338867,20.530649185180664,42.52845764160156,19.094192504882812,63.58415222167969,36.69066619873047,184.69625854492188
2016-07-22,20.00009536743164,22.921289443969727,16.041919708251953,49.19709014892578,20.65232276916504,42.72862243652344,19.347213745117188,63.71158981323242,36.844173431396484,185.524658203125
2016-07-25,19.967226028442383,22.465007781982422,16.008052825927734,48.9354362487793,20.625280380249023,42.68242263793945,19.31421661376953,63.64363479614258,36.902862548828125,185.020751953125
2016-07-26,20.119298934936523,22.59585189819336,16.02159881591797,49.340538024902344,20.670347213745117,42.35136795043945,19.145526885986328,63.53315353393555,36.85771179199219,185.1061553955078
2016-07-27,20.143964767456055,22.374427795410156,16.014820098876953,49.14643096923828,20.841581344604492,41.720069885253906,18.92550277709961,63.82202911376953,36.744842529296875,184.9097137451172
2016-07-28,20.115190505981445,22.377777099609375,16.048696517944336,49.12955856323242,20.855106353759766,41.90483856201172,18.998849868774414,63.762577056884766,36.81257629394531,185.12326049804688
2016-07-29,20.012434005737305,22.60591697692871,16.02159881591797,48.98607635498047,20.931718826293945,42.11271667480469,19.112524032592773,63.88999557495117,36.853214263916016,185.42213439941406
2016-08-01,19.901460647583008,21.861116409301758,15.980952262878418,48.92698669433594,20.97226905822754,42.158905029296875,19.123533248901367,64.29781341552734,36.91189956665039,185.26844787597656
2016-08-02,19.8480224609375,22.059051513671875,15.845460891723633,48.471214294433594,20.814544677734375,42.09731674194336,18.998849868774414,64.0514144897461,36.36103820800781,184.0813446044922
2016-08-03,19.897348403930664,22.485139846801758,16.008052825927734,48.70754623413086,20.886640548706055,41.866355895996094,18.885173797607422,63.87301254272461,36.464900970458984,184.6193389892578
2016-08-04,19.97956085205078,22.451589584350586,15.967400550842285,48.72443389892578,20.999305725097656,41.958736419677734,18.874164581298828,63.7795524597168,36.446842193603516,184.81578063964844
2016-08-05,20.04531478881836,22.6562442779541,16.272249221801758,49.213958740234375,21.202085494995117,42.02802658081055,18.60280418395996,63.93247985839844,36.830631256103516,186.327392578125
2016-08-08,20.08641242980957,22.95819664001465,16.292577743530273,49.28147888183594,21.197587966918945,41.98182678222656,18.595478057861328,63.38872146606445,36.708717346191406,186.2163543701172
2016-08-09,20.024761199951172,22.83741569519043,16.306127548217773,49.26459503173828,21.242643356323242,42.11271667480469,18.59181785583496,63.54167938232422,36.600337982177734,186.327392578125
2016-08-10,20.02888298034668,22.589149475097656,16.17740821838379,49.23927307128906,21.175045013427734,42.26668930053711,18.595478057861328,63.32926559448242,36.67711639404297,185.8662567138672
2016-08-11,20.115190505981445,22.921289443969727,16.21128273010254,49.55999755859375,21.25165367126465,42.26668930053711,18.639480590820312,63.694583892822266,37.042842864990234,186.7288055419922
2016-08-12,19.901460647583008,23.04877471923828,16.163856506347656,49.424957275390625,21.229129791259766,42.4129638671875,18.665151596069336,63.53315353393555,37.024784088134766,186.56651306152344
2016-08-15,20.102855682373047,23.23329734802246,16.272249221801758,49.75411605834961,21.332765579223633,42.30519104003906,18.379119873046875,63.64363479614258,37.0970344543457,187.10455322265625
2016-08-16,19.99599266052246,23.270212173461914,16.231611251831055,49.534664154052734,21.175045013427734,42.12040328979492,18.16276741027832,63.07438659667969,36.884822845458984,186.13946533203125
2016-08-17,19.97956085205078,23.34066390991211,16.285797119140625,49.678157806396484,21.166040420532227,42.235897064208984,18.434133529663086,63.20183181762695,36.79901885986328,186.4896697998047
2016-08-18,20.106969833374023,23.820432662963867,16.272249221801758,49.83007049560547,21.175045013427734,42.382179260253906,18.661479949951172,63.22734069824219,36.77643966674805,186.90817260742188
2016-08-19,20.135746002197266,23.622486114501953,16.265480041503906,49.813201904296875,21.188560485839844,42.282073974609375,18.434133529663086,63.176334381103516,36.79901885986328,186.63482666015625
2016-08-22,20.106969833374023,23.35072898864746,16.265480041503906,49.770999908447266,21.188560485839844,42.34367370605469,18.481800079345703,63.30378341674805,36.76289749145508,186.62632751464844
2016-08-23,20.27959632873535,23.515117645263672,16.285797119140625,49.813201904296875,21.265165328979492,42.25898742675781,18.401126861572266,63.363258361816406,36.94802474975586,187.0020751953125
2016-08-24,20.04531478881836,23.42118263244629,16.279027938842773,49.66127014160156,21.148006439208984,42.189693450927734,18.393795013427734,62.36921691894531,36.771934509277344,186.04554748535156
2016-08-25,20.143964767456055,23.357437133789062,16.312896728515625,49.65284729003906,21.19307518005371,42.02802658081055,18.40479278564453,61.84248352050781,36.6500244140625,185.91746520996094
2016-08-26,20.02888298034668,23.276920318603516,16.333227157592773,49.50935363769531,21.202085494995117,41.81245040893555,18.023418426513672,62.08033752441406,36.54617691040039,185.5673370361328
2016-08-29,20.209720611572266,23.434600830078125,16.47548484802246,49.86384963989258,21.283206939697266,42.05882263183594,18.170108795166016,62.21629333496094,36.67259216308594,186.48110961914062
2016-08-30,20.160404205322266,23.35407829284668,16.624523162841797,49.72880172729492,21.211103439331055,41.81245040893555,17.979419708251953,62.00389099121094,36.46941375732422,186.1737060546875
2016-08-31,19.959003448486328,22.985036849975586,16.638071060180664,49.450279235839844,21.175045013427734,41.866355895996094,18.052759170532227,61.81697463989258,36.37459945678711,185.64422607421875
2016-09-01,20.041202545166016,22.917932510375977,16.570329666137695,49.49247360229492,21.242643356323242,41.88173294067383,17.961082458496094,61.655540466308594,36.446842193603516,185.6527557373047
2016-09-02,20.242605209350586,23.176273345947266,16.644847869873047,49.73725128173828,21.33727264404297,42.20509719848633,18.199440002441406,61.723533630371094,36.51907730102539,186.4896697998047
2016-09-06,20.197397232055664,23.525182723999023,16.617752075195312,49.59375,21.4454288482666,42.2974853515625,18.3974552154541,61.94442367553711,36.58681106567383,187.0533447265625
2016-09-07,20.168624877929688,23.659385681152344,16.610971450805664,49.65284729003906,21.49949836730957,41.927940368652344,18.401126861572266,61.94442367553711,36.6048698425293,187.0362548828125
2016-09-08,20.082305908203125,24.10224723815918,16.597427368164062,49.610626220703125,21.32375717163086,41.69697570800781,18.463464736938477,61.99538040161133,36.28879928588867,186.6092987060547
2016-09-09,19.49866485595703,23.38427734375,16.285797119140625,48.2095832824707,20.8010311126709,40.56524658203125,17.770401000976562,60.75495910644531,35.412837982177734,182.14273071289062
2016-09-12,19.683626174926758,23.61577033996582,16.468711853027344,48.825706481933594,21.148006439208984,41.327430725097656,18.085763931274414,61.655540466308594,35.90951919555664,184.7560272216797
2016-09-13,19.317808151245117,22.941421508789062,16.17740821838379,48.10831069946289,20.994808197021484,40.81929397583008,17.836400985717773,60.831424713134766,35.3993034362793,182.1000518798828
2016-09-14,19.272600173950195,22.669662475585938,16.136762619018555,48.06610870361328,21.093931198120117,40.696128845214844,17.90608024597168,60.831424713134766,35.403831481933594,182.03175354003906
2016-09-15,19.39590835571289,22.951480865478516,16.231611251831055,48.44590377807617,21.4409236907959,41.02717208862305,18.04175567626953,61.46015167236328,35.661197662353516,183.85076904296875
2016-09-16,19.318241119384766,22.766176223754883,16.077770233154297,48.04026412963867,21.3621883392334,40.89392852783203,18.217796325683594,61.50193786621094,35.584144592285156,183.1400909423828
2016-09-19,19.34715461730957,22.752683639526367,16.1802921295166,48.25242614746094,21.321462631225586,40.80872344970703,18.399009704589844,61.280174255371094,35.55693817138672,183.17440795898438
2016-09-20,19.28931427001953,22.587289810180664,16.188661575317383,48.29484558105469,21.307889938354492,40.917171478271484,18.365724563598633,61.46780014038086,35.584144592285156,183.18299865722656
2016-09-21,19.582643508911133,23.110456466674805,16.289215087890625,48.92283630371094,21.547710418701172,41.14182662963867,18.7392520904541,62.081878662109375,35.9286003112793,185.2429962158203
2016-09-22,19.64461326599121,23.13746452331543,16.322731018066406,49.27076721191406,21.67893409729004,41.50591278076172,18.853899002075195,62.550968170166016,36.19148254394531,186.4102783203125
2016-09-23,19.545467376708984,22.8303165435791,16.238943099975586,48.982234954833984,21.4888858795166,41.31999588012695,18.839109420776367,62.35482406616211,36.10990524291992,185.38890075683594
2016-09-26,19.454578399658203,22.72905158996582,15.979178428649902,48.77008056640625,21.3621883392334,40.971397399902344,18.79102897644043,61.6298713684082,35.71104049682617,183.88682556152344
2016-09-27,19.51241683959961,22.577167510986328,16.104875564575195,49.10953903198242,21.597490310668945,41.14182662963867,18.54694175720215,62.06483459472656,36.07362747192383,185.02841186523438
2016-09-28,19.73550796508789,23.552616119384766,16.1802921295166,49.49141311645508,21.638208389282227,41.2115364074707,18.52105140686035,61.97102355957031,36.17335510253906,185.94677734375
2016-09-29,19.582643508911133,23.51211929321289,15.954049110412598,49.101036071777344,21.50698471069336,40.80872344970703,18.243684768676758,60.87931823730469,35.987525939941406,184.26446533203125
2016-09-30,19.727249145507812,23.832765579223633,16.171905517578125,49.542327880859375,21.620107650756836,41.219295501708984,18.117937088012695,61.50193786621094,36.2775993347168,185.6549072265625
2016-10-03,19.702455520629883,23.815889358520508,16.096498489379883,49.584747314453125,21.556760787963867,40.955909729003906,17.862760543823242,61.450740814208984,36.254940032958984,185.2086639404297
2016-10-04,19.433914184570312,23.5728702545166,16.16353416442871,49.16892623901367,21.479833602905273,40.6073112487793,17.489234924316406,61.331336975097656,36.12802505493164,184.26446533203125
2016-10-05,19.56612205505371,23.934024810791016,16.42328643798828,49.48291778564453,21.556760787963867,40.568572998046875,17.452247619628906,61.570159912109375,36.2775993347168,185.0799102783203
2016-10-06,19.727249145507812,23.971153259277344,16.44841957092285,49.48291778564453,21.606538772583008,40.64604568481445,17.44855308532715,61.33988571166992,36.304779052734375,185.2086639404297
2016-10-07,19.35955810546875,23.832765579223633,16.440048217773438,48.846458435058594,21.547710418701172,40.53759765625,17.42636489868164,61.297237396240234,36.14161682128906,184.5734405517578
2016-10-10,19.475229263305664,24.20741844177246,16.523834228515625,48.897377014160156,21.697032928466797,40.53759765625,17.570592880249023,61.57868576049805,36.20054626464844,185.53482055664062
2016-10-11,19.210830688476562,23.930648803710938,16.373010635375977,48.38820266723633,21.45269012451172,40.32844924926758,17.370885848999023,60.03495407104492,35.76091384887695,183.19158935546875
2016-10-12,19.17364501953125,23.829387664794922,16.356252670288086,48.48154830932617,21.4888858795166,40.55308151245117,17.5410099029541,59.75349426269531,35.9286003112793,183.43191528320312
2016-10-13,19.074485778808594,23.6977596282959,16.19704246520996,48.46458435058594,21.353134155273438,40.56083679199219,17.759206771850586,59.77909851074219,35.797149658203125,182.8310546875
2016-10-14,19.136463165283203,23.559375762939453,16.2724609375,48.56642150878906,21.434593200683594,40.568572998046875,17.659347534179688,59.37822723388672,35.756370544433594,182.9254608154297
2016-10-17,19.152978897094727,23.444612503051758,16.19704246520996,48.439125061035156,21.389341354370117,40.374916076660156,17.755508422851562,59.182064056396484,35.461753845214844,182.2903289794922
2016-10-18,19.326501846313477,23.539113998413086,16.331113815307617,48.540950775146484,21.50698471069336,40.49885940551758,17.907136917114258,59.88996887207031,35.69744873046875,183.43191528320312
2016-10-19,19.46696662902832,23.87327003479004,16.47356414794922,48.693702697753906,21.547710418701172,40.26646041870117,17.866456985473633,59.66822052001953,35.8560791015625,183.92115783691406
2016-10-20,19.450437545776367,23.846269607543945,16.47356414794922,48.43062973022461,21.448162078857422,40.24323272705078,17.855365753173828,59.94967269897461,35.7880859375,183.5778350830078
2016-10-21,19.442180633544922,23.691009521484375,16.465185165405273,48.36274337768555,21.50698471069336,40.460121154785156,17.751808166503906,59.454994201660156,36.07362747192383,183.66366577148438
2016-10-24,19.487627029418945,23.620121002197266,16.515453338623047,48.456092834472656,21.715131759643555,40.723514556884766,17.81838035583496,59.34413528442383,36.33198165893555,184.4447021484375
2016-10-25,19.30997085571289,23.51211929321289,16.498703002929688,48.32879638671875,21.638208389282227,40.87068557739258,17.929332733154297,59.173519134521484,35.905941009521484,183.8267059326172
2016-10-26,19.281057357788086,23.56611442565918,16.5992488861084,48.4985237121582,21.516035079956055,40.81646728515625,17.973711013793945,58.815345764160156,35.7518424987793,183.4576416015625
2016-10-27,19.256269454956055,23.478361129760742,16.641151428222656,48.167564392089844,21.4888858795166,40.630558013916016,17.866456985473633,59.088253021240234,35.45269775390625,182.9684600830078
2016-10-28,19.305845260620117,23.414234161376953,16.565731048583984,48.456092834472656,21.46626091003418,40.80098342895508,17.92193603515625,57.808921813964844,35.37112045288086,182.4276580810547
2016-10-31,19.314109802246094,23.161088943481445,16.54059410095215,48.5494384765625,21.457210540771484,40.901676177978516,18.28066635131836,57.45070266723633,35.39830017089844,182.43624877929688
2016-11-01,19.202566146850586,23.16446304321289,16.47356414794922,48.13362503051758,21.27169418334961,40.723514556884766,17.94782066345215,57.14365768432617,35.149009704589844,181.1144256591797
2016-11-02,19.099279403686523,22.907949447631836,16.36463165283203,47.955406188964844,21.135936737060547,40.622798919677734,17.72222900390625,56.84514617919922,34.93599319458008,180.02438354492188
2016-11-03,19.103408813476562,22.999073028564453,16.38138771057129,47.8790283203125,20.93231201171875,40.343929290771484,17.788787841796875,56.307830810546875,34.84534454345703,179.2003936767578
2016-11-04,19.169513702392578,22.874187469482422,16.331113815307617,47.92147445678711,20.896121978759766,39.97984313964844,17.733320236206055,56.70015335083008,34.77736282348633,179.00299072265625
2016-11-07,19.46283531188965,23.366985321044922,16.741695404052734,49.101036071777344,21.348613739013672,40.65379333496094,18.043977737426758,58.15007400512695,35.57960891723633,182.95127868652344
2016-11-08,19.524812698364258,23.397356033325195,16.75007438659668,49.39806365966797,21.45269012451172,40.824214935302734,18.184507369995117,58.31210708618164,35.724632263183594,183.77520751953125
2016-11-09,19.937942504882812,23.778759002685547,17.46231460571289,50.63703536987305,21.425533294677734,40.26646041870117,17.515113830566406,60.367584228515625,35.797149658203125,185.7236328125
2016-11-10,20.169296264648438,23.880022048950195,18.107515335083008,51.714786529541016,21.081642150878906,39.189697265625,17.09351348876953,61.032833099365234,35.9286003112793,186.18710327148438
2016-11-11,19.89250373840332,23.444612503051758,18.15778923034668,51.80813217163086,21.14499282836914,39.15095138549805,17.023239135742188,60.1202507019043,36.13255310058594,185.75794982910156
2016-11-14,19.937942504882812,23.576250076293945,18.601882934570312,52.028785705566406,20.823720932006836,39.081241607666016,17.012149810791016,59.932613372802734,36.1370849609375,185.90390014648438
2016-11-15,20.020566940307617,24.241168975830078,18.585124969482422,52.22395706176758,21.11784553527832,39.321380615234375,17.285829544067383,60.10318374633789,36.2775993347168,187.3544464111328
2016-11-16,19.983383178710938,24.07240867614746,18.316993713378906,51.92694091796875,21.31241226196289,39.32914352416992,17.167478561401367,59.84732437133789,36.47703170776367,187.0024871826172
2016-11-17,19.991649627685547,23.9103946685791,18.568370819091797,52.037269592285156,21.448162078857422,39.25940704345703,17.171180725097656,60.08613967895508,36.91667175292969,187.9638214111328
2016-11-18,19.962736129760742,24.008283615112305,18.568370819091797,52.02029037475586,21.4300594329834,39.119964599609375,17.11939811706543,59.44645690917969,36.803367614746094,187.5432586669922
2016-11-21,20.198223114013672,24.578699111938477,18.635400772094727,52.30034637451172,21.647253036499023,39.383358001708984,17.30061912536621,59.65968322753906,37.04357147216797,188.95950317382812
2016-11-22,20.322158813476562,24.565196990966797,18.643781661987305,52.53794860839844,21.715131759643555,39.584774017333984,17.367183685302734,58.798274993896484,37.48323059082031,189.32858276367188
2016-11-23,20.413049697875977,24.666460037231445,18.75271224975586,52.92831039428711,21.6291561126709,39.36787414550781,17.19337272644043,59.028541564941406,37.51948928833008,189.4315948486328
2016-11-25,20.475021362304688,24.54494857788086,18.777843475341797,53.21684646606445,21.719654083251953,39.67772674560547,17.441152572631836,59.25882339477539,37.61014938354492,190.1353759765625
2016-11-28,20.39238929748535,24.204044342041016,18.55998992919922,52.85194396972656,21.737764358520508,39.762935638427734,17.777692794799805,58.815345764160156,37.310977935791016,189.24278259277344
2016-11-29,20.413049697875977,23.90702247619629,18.610265731811523,52.89436721801758,21.75133514404297,39.81716537475586,17.851667404174805,59.19914245605469,37.41069793701172,189.6117706298828
2016-11-30,20.63201332092285,25.12211799621582,18.861642837524414,52.96225357055664,21.493410110473633,39.18195724487305,17.289522171020508,58.63621520996094,37.097965240478516,189.15695190429688
2016-12-01,20.640274047851562,25.182878494262695,19.188432693481445,53.31019592285156,21.04996681213379,38.92631149291992,17.152685165405273,58.209781646728516,37.1161003112793,188.4617156982422
2016-12-02,20.64853858947754,25.257125854492188,18.97895050048828,53.30170440673828,21.126882553100586,39.174198150634766,17.30801010131836,58.34624481201172,36.91213607788086,188.55604553222656
2016-12-05,20.809663772583008,25.479900360107422,19.205196380615234,53.25926971435547,21.33051300048828,39.22068405151367,17.3302059173584,58.243896484375,37.315521240234375,189.68905639648438
2016-12-06,20.834449768066406,25.432645797729492,19.372772216796875,53.361114501953125,21.393863677978516,39.33688735961914,17.29692268371582,58.40596008300781,37.401641845703125,190.28990173339844
2016-12-07,21.13190269470215,25.63515853881836,19.67442512512207,54.35398864746094,21.80110740661621,39.90238571166992,17.522512435913086,57.90273666381836,38.1268310546875,192.77902221679688
2016-12-08,21.272375106811523,25.773540496826172,19.858774185180664,54.048492431640625,21.855405807495117,39.73970031738281,17.552099227905273,58.013607025146484,38.1268310546875,193.25111389160156
2016-12-09,21.276506423950195,25.854549407958984,19.900667190551758,54.294593811035156,22.013784408569336,40.312950134277344,17.73701286315918,58.721500396728516,38.212947845458984,194.41839599609375
2016-12-12,21.181486129760742,25.976064682006836,19.707942962646484,54.09939956665039,21.94590950012207,40.47563171386719,17.92193603515625,59.002967834472656,37.89567565917969,194.19528198242188
2016-12-13,21.148426055908203,26.269710540771484,19.758224487304688,54.02302169799805,22.221927642822266,40.66153335571289,18.106842041015625,59.48058319091797,38.23560333251953,195.4913330078125
2016-12-14,20.89641571044922,25.743175506591797,19.666046142578125,53.47990417480469,22.145002365112305,40.21997833251953,17.733320236206055,59.173519134521484,37.97726058959961,193.87767028808594
2016-12-15,21.03275489807129,25.800548553466797,19.833635330200195,53.539310455322266,22.24454689025879,40.390411376953125,17.85905647277832,59.55733871459961,37.88660430908203,194.6759490966797
2016-12-16,20.967878341674805,25.960708618164062,19.66275978088379,53.431724548339844,22.083663940429688,40.62141418457031,18.07676124572754,59.604454040527344,37.70059585571289,194.29522705078125
2016-12-19,20.926294326782227,25.841949462890625,19.671178817749023,53.730567932128906,22.242733001708984,40.699466705322266,18.14397621154785,59.356048583984375,37.800899505615234,194.7181854248047
2016-12-20,20.94292640686035,25.784257888793945,19.915285110473633,54.037940979003906,22.32453155517578,40.62141418457031,18.1663761138916,59.31321334838867,38.101806640625,195.46937561035156
2016-12-21,20.951244354248047,25.824979782104492,19.864774703979492,53.833030700683594,22.279090881347656,40.61362075805664,18.091693878173828,58.97911071777344,38.083580017089844,194.92544555664062
2016-12-22,20.86391258239746,25.930164337158203,19.814273834228516,53.730567932128906,22.233638763427734,40.55118179321289,18.155170440673828,59.05624008178711,37.6732292175293,194.5886993408203
2016-12-23,20.905500411987305,25.906410217285156,19.847942352294922,53.78179931640625,22.25636863708496,40.62922668457031,18.151439666748047,59.501644134521484,37.59115982055664,194.87364196777344
2016-12-27,21.017784118652344,25.964094161987305,19.873193740844727,53.892791748046875,22.347265243530273,40.62141418457031,18.1663761138916,59.6215934753418,37.73706817626953,195.3571319580078
2016-12-28,20.805692672729492,25.682470321655273,19.671178817749023,53.32927322387695,22.147287368774414,40.371673583984375,17.994604110717773,59.16758346557617,37.47718048095703,193.7425994873047
2016-12-29,20.805692672729492,25.631572723388672,19.52808952331543,53.31220245361328,22.15183448791504,40.55896759033203,18.23733139038086,59.27037048339844,37.427040100097656,193.699462890625
2016-12-30,20.668458938598633,25.556921005249023,19.570171356201172,53.124351501464844,21.9791259765625,40.3560676574707,18.136499404907227,59.05624008178711,37.11244583129883,192.99148559570312
2017-01-03,20.789060592651367,25.845340728759766,19.789020538330078,53.44028091430664,22.174556732177734,40.50434875488281,18.091693878173828,59.82715606689453,37.33129119873047,194.46786499023438
2017-01-04,21.09264373779297,25.79104995727539,19.948949813842773,53.75617980957031,22.251821517944336,40.50434875488281,18.15890121459961,60.29832077026367,37.8282470703125,195.62478637695312
2017-01-05,21.030258178710938,25.72658348083496,19.746936798095703,53.60249710083008,22.28818130493164,40.63701629638672,18.177576065063477,60.606727600097656,37.800899505615234,195.46937561035156
2017-01-06,21.051055908203125,25.750328063964844,19.814273834228516,53.90987014770508,22.451801300048828,40.67604446411133,18.233591079711914,60.77803039550781,37.98782730102539,196.16867065429688
2017-01-09,21.046892166137695,25.377094268798828,19.679595947265625,53.49150085449219,22.44725227355957,40.34825897216797,17.994604110717773,61.0350227355957,37.95592498779297,195.5211944580078
2017-01-10,21.05936622619629,25.146358489990234,19.7216854095459,53.71349334716797,22.451801300048828,40.145362854003906,17.938600540161133,61.249176025390625,38.092689514160156,195.5211944580078
2017-01-11,21.229869842529297,25.417808532714844,19.847942352294922,53.9952507019043,22.55632781982422,40.22340393066406,18.12529945373535,60.63241195678711,38.17475891113281,196.07374572753906
2017-01-12,21.188289642333984,25.3126220703125,19.679595947265625,53.77326202392578,22.501787185668945,40.18437576293945,18.140241622924805,60.6923828125,38.138301849365234,195.58157348632812
2017-01-13,21.155025482177734,25.237974166870117,19.789020538330078,53.978179931640625,22.56996726989746,40.207801818847656,18.114099502563477,60.752342224121094,38.27961730957031,196.0305633544922
2017-01-17,21.05936622619629,25.394062042236328,19.317649841308594,53.55980682373047,22.483610153198242,40.77751541137695,18.312007904052734,60.4439582824707,38.34346008300781,195.33987426757812
2017-01-18,21.19244956970215,25.33637046813965,19.477582931518555,53.764732360839844,22.54269790649414,40.91798400878906,18.28960418701172,60.36684036254883,38.27506637573242,195.7715606689453
2017-01-19,21.05936622619629,25.197254180908203,19.393413543701172,54.15747833251953,22.510879516601562,40.769691467285156,18.12903594970703,59.98137664794922,38.15652847290039,195.04632568359375
2017-01-20,21.246505737304688,25.292261123657227,19.48599624633789,54.16602325439453,22.633596420288086,41.03505325317383,18.162639617919922,59.82715606689453,38.26593017578125,195.76295471191406
2017-01-23,21.288097381591797,25.024208068847656,19.3597412109375,53.8671760559082,22.674503326416016,41.019447326660156,18.06928253173828,59.57876205444336,38.293312072753906,195.25350952148438
2017-01-24,21.837038040161133,25.29904556274414,19.60383415222168,54.40508270263672,22.81539535522461,41.29258346557617,18.0655517578125,59.16758346557617,38.60788345336914,196.50543212890625
2017-01-25,21.982589721679688,25.431373596191406,19.93211555480957,54.977134704589844,23.033536911010742,41.2847785949707,18.0655517578125,59.724403381347656,38.844974517822266,198.206298828125
2017-01-26,22.040803909301758,25.451740264892578,19.982616424560547,55.10520935058594,22.969913482666016,41.105289459228516,18.073026657104492,59.26179885864258,38.90425491333008,197.9990997314453
2017-01-27,21.961795806884766,25.187074661254883,19.906858444213867,55.062522888183594,23.06081771850586,40.87896728515625,18.06928253173828,59.75007247924805,38.78114318847656,197.68824768066406
2017-01-30,21.737232208251953,24.725614547729492,19.746936798095703,54.59291458129883,22.874479293823242,40.847747802734375,18.084224700927734,59.45883560180664,38.73555374145508,196.46226501464844
2017-01-31,21.60831069946289,24.73579216003418,19.62067413330078,54.114784240722656,22.76085090637207,41.0428466796875,18.364280700683594,60.40968322753906,38.67628860473633,196.44500732421875
2017-02-01,21.716434478759766,24.552560806274414,19.645923614501953,54.0208625793457,22.933555603027344,40.722869873046875,18.04688262939453,60.9322395324707,38.60333251953125,196.522705078125
2017-02-02,21.620784759521484,24.691679000854492,19.570171356201172,53.91841506958008,22.88810920715332,41.09748840332031,18.23733139038086,60.91510009765625,38.57140350341797,196.6522216796875
2017-02-03,21.658214569091797,24.905447006225586,19.965784072875977,54.319705963134766,23.038084030151367,41.36281967163086,18.25973129272461,61.1806640625,38.521263122558594,198.0076904296875
2017-02-06,21.59999656677246,24.695068359375,19.873193740844727,54.39654541015625,23.05172348022461,41.13649368286133,18.222393035888672,61.249176025390625,38.40727233886719,197.6537322998047
2017-02-07,21.429487228393555,24.3455810546875,19.822690963745117,54.4904670715332,23.142616271972656,41.47208786010742,18.267196655273438,61.309173583984375,38.37080383300781,197.66236877441406
2017-02-08,21.479394912719727,24.403261184692383,19.688013076782227,54.41361618041992,23.183528900146484,41.643775939941406,18.44643211364746,61.21493911743164,38.60788345336914,197.92137145996094
2017-02-09,21.4710750579834,24.6781063079834,19.95737075805664,54.831993103027344,23.256244659423828,41.81547927856445,18.28960418701172,61.43764877319336,38.84953308105469,199.0955047607422
2017-02-10,21.666536331176758,24.864727020263672,20.016286849975586,55.2674446105957,23.324411392211914,41.8466911315918,18.405353546142578,61.557559967041016,39.086612701416016,199.88125610351562
2017-02-13,21.845348358154297,24.912235260009766,20.243555068969727,55.8223991394043,23.42894744873047,41.8466911315918,18.494977951049805,61.93449020385742,39.13220977783203,200.96910095214844
2017-02-14,21.84119415283203,24.99366569519043,20.479236602783203,55.84804153442383,23.506216049194336,41.85449981689453,18.360544204711914,62.422786712646484,39.3556022644043,201.77203369140625
2017-02-15,21.812084197998047,24.895273208618164,20.63916778564453,56.1468620300293,23.583471298217773,42.236907958984375,18.315736770629883,63.09952163696289,39.560760498046875,202.82533264160156
2017-02-16,21.812084197998047,24.555957794189453,20.588659286499023,56.163944244384766,23.638010025024414,42.29153060913086,18.49871253967285,63.01385498046875,39.36015701293945,202.65267944335938
2017-02-17,21.74970245361328,24.42023277282715,20.597078323364258,56.25786209106445,23.719823837280273,42.50225067138672,18.509910583496094,63.09952163696289,39.48782730102539,202.97215270996094
2017-02-21,21.820404052734375,24.58649444580078,20.698083877563477,56.53962707519531,23.842538833618164,42.88466262817383,18.70408821105957,63.382205963134766,39.71580123901367,204.18087768554688
2017-02-22,21.878618240356445,24.213254928588867,20.714923858642578,56.38593292236328,23.869808197021484,42.89247131347656,18.782503128051758,63.28794860839844,39.71580123901367,203.9995880126953
2017-02-23,21.758024215698242,24.315044403076172,20.714923858642578,56.01879119873047,23.865253448486328,42.993927001953125,18.976675033569336,63.75058364868164,39.44679260253906,204.13772583007812
2017-02-24,21.803768157958984,24.08769989013672,20.554990768432617,56.25786209106445,23.9197998046875,43.142208099365234,19.264202117919922,64.0589370727539,39.629154205322266,204.3967742919922
2017-02-27,21.74970245361328,24.294687271118164,20.664424896240234,56.46277618408203,23.906158447265625,42.947105407714844,19.155908584594727,64.36734771728516,39.67475128173828,204.71615600585938
2017-02-28,21.728910446166992,24.220035552978516,20.6560001373291,56.232242584228516,23.792537689208984,43.00172805786133,19.331417083740234,64.23883056640625,39.378414154052734,204.1636505126953
2017-03-01,22.153091430664062,24.70524787902832,21.245214462280273,57.17997741699219,24.12886619567871,43.204647064208984,19.159645080566406,64.88131713867188,39.82063674926758,207.02142333984375
2017-03-02,21.916051864624023,24.471128463745117,20.91693878173828,56.56523895263672,23.969791412353516,43.19683837890625,19.297807693481445,64.67572021484375,39.72490692138672,205.71771240234375
2017-03-03,21.899415969848633,24.427013397216797,21.017942428588867,56.62499237060547,24.024335861206055,43.0329475402832,19.238065719604492,64.93272399902344,39.665645599365234,205.84718322753906
2017-03-06,21.758024215698242,24.481307983398438,20.858015060424805,56.4883918762207,23.987972259521484,42.84564208984375,19.20071792602539,64.68427276611328,39.537986755371094,205.23423767089844
2017-03-07,21.637420654296875,24.264150619506836,20.799089431762695,56.32617950439453,23.987972259521484,42.791015625,19.189516067504883,64.23027801513672,39.41032409667969,204.6212158203125
2017-03-08,21.637420654296875,23.633028030395508,20.80750846862793,56.129783630371094,24.015241622924805,42.697364807128906,18.913196563720703,64.48727416992188,39.57447052001953,204.24134826660156
2017-03-09,21.570880889892578,23.78911018371582,20.88326072692871,55.87364196777344,24.010700225830078,42.76759719848633,18.87211799621582,64.8385009765625,39.537986755371094,204.50039672851562
2017-03-10,21.670692443847656,23.75518226623535,20.866437911987305,56.21516799926758,24.137956619262695,42.96270751953125,19.028953552246094,65.08690643310547,39.59724044799805,205.21694946289062
2017-03-13,21.73307228088379,23.758563995361328,20.91693878173828,56.181026458740234,24.16068458557129,42.993927001953125,19.084964752197266,65.0354995727539,39.702117919921875,205.32054138183594
2017-03-14,21.545930862426758,23.490524291992188,20.858015060424805,55.65166473388672,24.106142044067383,42.86905288696289,19.06629180908203,64.79564666748047,39.6929931640625,204.5348663330078
2017-03-15,21.891096115112305,24.01305389404297,20.8243465423584,56.283470153808594,24.26975440979004,43.18904113769531,19.37248992919922,65.60945129394531,39.90271759033203,206.3048095703125
2017-03-16,21.741384506225586,23.843402862548828,20.858015060424805,56.02733612060547,24.28339385986328,43.25146484375,19.159645080566406,64.97554779052734,39.89816665649414,205.89903259277344
2017-03-17,21.83483123779297,23.82599639892578,20.65359115600586,56.333534240722656,24.33586311340332,43.133785247802734,19.27515411376953,64.61788940429688,39.948909759521484,205.53741455078125
2017-03-20,21.955812454223633,23.791858673095703,20.48464584350586,56.23060607910156,24.358671188354492,43.220088958740234,19.147228240966797,64.52332305908203,39.8528938293457,205.3119659423828
2017-03-21,21.588699340820312,23.624601364135742,19.910228729248047,55.37291717529297,24.002805709838867,43.18085861206055,19.41813087463379,64.01605987548828,39.34987258911133,202.6758575439453
2017-03-22,21.651277542114258,23.59046745300293,19.867990493774414,55.57018280029297,24.153364181518555,43.09455108642578,19.512187957763672,64.03325653076172,39.39560317993164,203.1527557373047
2017-03-23,21.743053436279297,23.494888305664062,19.910228729248047,55.49296951293945,24.08949089050293,43.00041580200195,19.45199203491211,63.835514068603516,39.48705291748047,202.9359588623047
2017-03-24,21.5511531829834,23.402729034423828,19.884889602661133,55.3471794128418,24.10773468017578,42.91411590576172,19.523473739624023,63.86991882324219,39.583091735839844,202.78858947753906
2017-03-27,21.5970458984375,23.29349136352539,19.80886459350586,55.1499137878418,24.10773468017578,42.874881744384766,19.448225021362305,64.04183959960938,39.56937026977539,202.58045959472656
2017-03-28,21.84734344482422,23.624601364135742,20.07917594909668,55.7331428527832,24.281112670898438,42.95335006713867,19.433181762695312,64.0848617553711,39.87118911743164,204.0546112060547
2017-03-29,21.864036560058594,23.94887924194336,19.952468872070312,55.72456741333008,24.322175979614258,43.03178787231445,19.38050079345703,64.10204315185547,40.108978271484375,204.24537658691406
2017-03-30,21.868206024169922,23.942049026489258,20.214326858520508,56.0333366394043,24.367799758911133,42.94549560546875,19.230009078979492,64.11064147949219,40.21414566040039,204.89576721191406
2017-03-31,21.864036560058594,23.860124588012695,20.045392990112305,55.8017578125,24.322175979614258,42.81996154785156,19.305253982543945,63.93010330200195,40.218719482421875,204.4188232421875
2017-04-03,21.780607223510742,23.819164276123047,20.003150939941406,55.68166732788086,24.299362182617188,42.749359130859375,19.301485061645508,63.98167419433594,40.05867004394531,204.06326293945312
2017-04-04,21.859859466552734,23.99325180053711,19.97780418395996,55.82749938964844,24.317609786987305,42.874881744384766,19.361692428588867,63.9472770690918,39.99464416503906,204.19337463378906
2017-04-05,21.84317398071289,23.91815948486328,19.825754165649414,55.64735412597656,24.217239379882812,42.79643249511719,19.47080421447754,63.74953079223633,39.89862060546875,203.5863494873047
2017-04-06,21.959985733032227,24.109310150146484,19.952468872070312,55.8017578125,24.221799850463867,42.79643249511719,19.421886444091797,63.86130142211914,40.022071838378906,204.1586456298828
2017-04-07,21.939125061035156,24.01714324951172,19.867990493774414,55.86179733276367,24.208114624023438,42.91411590576172,19.339115142822266,63.973079681396484,39.9031867980957,203.95050048828125
2017-04-10,21.943296432495117,24.198062896728516,19.817312240600586,55.999019622802734,24.16248321533203,43.039642333984375,19.37297821044922,63.852725982666016,40.049537658691406,204.07192993164062
2017-04-11,21.8848934173584,24.20147132873535,19.7581787109375,56.076210021972656,24.07124137878418,43.055328369140625,19.36545753479004,63.76673889160156,40.01751708984375,203.8291473388672
2017-04-12,21.613733291625977,24.099071502685547,19.597684860229492,55.304298400878906,23.989118576049805,43.220088958740234,19.508424758911133,63.76673889160156,39.85746383666992,202.9359588623047
2017-04-13,21.4051456451416,23.65873146057129,19.34426498413086,54.909751892089844,23.8933048248291,43.023948669433594,19.444461822509766,63.60340118408203,39.578521728515625,201.6179656982422
2017-04-17,21.55950355529785,23.709938049316406,19.682157516479492,55.5101432800293,24.1122989654541,43.329917907714844,19.531002044677734,63.835514068603516,39.98551559448242,203.4042510986328
2017-04-18,21.534475326538086,23.488056182861328,19.496309280395508,55.33002853393555,24.10773468017578,43.526058197021484,19.57615089416504,63.13914489746094,39.990074157714844,202.7972869873047
2017-04-19,21.563671112060547,23.1433048248291,19.437183380126953,55.38148880004883,24.08949089050293,43.36130142211914,19.440702438354492,63.328269958496094,40.02666091918945,202.42442321777344
2017-04-20,21.80145835876465,23.255945205688477,19.766626358032227,56.05049514770508,24.30848503112793,43.27500915527344,19.36545753479004,63.72373962402344,40.44736862182617,204.07192993164062
2017-04-21,21.776430130004883,23.13988494873047,19.56389808654785,56.10196304321289,24.258296966552734,43.149478912353516,19.463274002075195,63.34547424316406,40.35591506958008,203.42166137695312
2017-04-24,22.026729583740234,23.276424407958984,20.003150939941406,56.899593353271484,24.54572868347168,43.541744232177734,19.564863204956055,63.973079681396484,40.616573333740234,205.65879821777344
2017-04-25,22.381330490112305,23.474409103393555,20.180540084838867,57.174076080322266,24.673479080200195,43.714351654052734,19.53852653503418,64.2481918334961,40.936676025390625,206.85546875
2017-04-26,22.377155303955078,23.395904541015625,20.16364860534668,57.182647705078125,24.64610481262207,43.36130142211914,19.47832679748535,64.60070037841797,41.128726959228516,206.72535705566406
2017-04-27,22.32710075378418,23.13988494873047,20.070730209350586,57.165496826171875,24.74648094177246,43.30638885498047,19.54604721069336,64.73826599121094,41.34823226928711,206.89878845214844
2017-04-28,22.139366149902344,23.156951904296875,19.876440048217773,56.899593353271484,24.81035041809082,43.29069137573242,19.45199203491211,64.91020202636719,41.1836051940918,206.44793701171875
2017-05-01,22.15188217163086,23.092090606689453,20.003150939941406,56.72806167602539,24.997406005859375,43.12594223022461,19.335350036621094,65.05636596679688,41.23847961425781,206.96817016601562
2017-05-02,22.18942642211914,22.976037979125977,19.97780418395996,57.002525329589844,25.052156448364258,42.83566665649414,19.357929229736328,65.23689270019531,41.28420639038086,207.04624938964844
2017-05-03,21.972496032714844,23.0408935546875,20.1383113861084,57.0454216003418,25.006528854370117,42.874881744384766,19.290203094482422,64.91881561279297,41.04185104370117,206.79476928710938
2017-05-04,21.997529983520508,22.61762809753418,20.172094345092773,57.10545349121094,24.9882755279541,43.20439910888672,19.357929229736328,65.34866333007812,40.97782897949219,207.0375518798828
2017-05-05,22.310407638549805,22.976037979125977,20.1383113861084,57.39707946777344,25.079530715942383,43.322078704833984,19.463274002075195,65.31427764892578,41.23390579223633,207.85263061523438
2017-05-08,22.131027221679688,23.13988494873047,20.121410369873047,57.242698669433594,25.18902587890625,43.30638885498047,19.455747604370117,64.91020202636719,41.3116569519043,207.8179931640625
2017-05-09,21.96415901184082,22.948732376098633,20.045392990112305,57.31988525390625,25.22096061706543,43.149478912353516,19.312774658203125,64.98756408691406,41.549434661865234,207.62722778320312
2017-05-10,22.035072326660156,23.252534866333008,20.11296272277832,57.199798583984375,25.316781997680664,43.18085861206055,19.342876434326172,64.79844665527344,41.40768814086914,208.00009155273438
2017-05-11,22.00170135498047,23.204742431640625,19.98626136779785,57.182647705078125,25.28483772277832,43.24362564086914,19.369205474853516,64.83284759521484,41.16073989868164,207.57521057128906
2017-05-12,21.947465896606445,23.126232147216797,19.901792526245117,56.865299224853516,25.348709106445312,43.11809539794922,19.463274002075195,64.7210464477539,41.101287841796875,207.2283477783203
2017-05-15,22.139366149902344,23.307144165039062,20.0538330078125,57.13119125366211,25.49015235900879,43.259315490722656,19.54604721069336,65.14230346679688,41.11043930053711,208.3730010986328
2017-05-16,22.14354133605957,23.191091537475586,20.11296272277832,57.071144104003906,25.6087703704834,43.220088958740234,19.403076171875,64.89301300048828,40.96867752075195,208.1821746826172
2017-05-17,21.676307678222656,22.962385177612305,19.47942352294922,55.93042755126953,24.91071891784668,43.157318115234375,19.45199203491211,64.04183959960938,40.305599212646484,204.4881591796875
2017-05-18,21.68881607055664,22.95555877685547,19.555442810058594,56.00761413574219,25.056711196899414,43.18870162963867,19.519716262817383,64.3255844116211,40.5388298034668,205.3119659423828
2017-05-19,21.876556396484375,23.238876342773438,19.72438621520996,56.7452278137207,25.202720642089844,43.42406463623047,19.594968795776367,64.50611877441406,40.81319808959961,206.64736938476562
2017-05-22,21.901580810546875,23.187673568725586,19.775074005126953,57.182647705078125,25.403461456298828,43.667274475097656,19.7642765045166,64.6780776977539,41.01898193359375,207.69659423828125
2017-05-23,21.91827392578125,23.242292404174805,19.927125930786133,57.3027229309082,25.449085235595703,43.714351654052734,19.81694984436035,64.89301300048828,40.86349868774414,208.15615844726562
2017-05-24,22.064281463623047,23.119407653808594,19.918678283691406,57.3713493347168,25.55402374267578,43.886940002441406,19.929824829101562,65.05636596679688,41.00983810424805,208.64175415039062
2017-05-25,22.03925132751465,22.69955062866211,19.952468872070312,57.74873733520508,25.736513137817383,44.16152572631836,20.09161376953125,65.3658447265625,41.37111282348633,209.6389923095703
2017-05-26,22.080974578857422,22.73709487915039,19.944019317626953,57.817352294921875,25.722827911376953,44.326290130615234,20.09161376953125,65.24549865722656,41.494571685791016,209.59564208984375
2017-05-30,22.076791763305664,22.433298110961914,19.80886459350586,57.80018997192383,25.832326889038086,44.31059646606445,20.155574798583984,65.15091705322266,41.52657699584961,209.41355895996094
2017-05-31,22.14354133605957,22.337722778320312,19.639917373657227,57.91169738769531,25.7912654876709,44.436126708984375,20.257160186767578,65.40884399414062,41.63633346557617,209.36148071289062
2017-06-01,22.41053009033203,22.477672576904297,19.884889602661133,58.27193832397461,25.855134963989258,44.797000885009766,20.40013885498047,66.13101959228516,42.02958679199219,211.02633666992188
2017-06-02,22.46476173400879,22.218252182006836,19.80886459350586,58.503509521484375,26.09238624572754,44.93037033081055,20.422704696655273,66.56088256835938,42.18049621582031,211.728759765625
2017-06-05,22.393848419189453,22.25921058654785,19.842655181884766,58.297664642333984,26.115198135375977,44.977447509765625,20.358741760253906,66.37175750732422,42.06618118286133,211.57272338867188
2017-06-06,22.40635871887207,22.522048950195312,19.7581787109375,57.90312194824219,26.06501007080078,44.86761474609375,20.313596725463867,66.2083740234375,41.70491409301758,210.89634704589844
2017-06-07,22.435565948486328,22.204601287841797,19.910228729248047,57.83449172973633,26.147130966186523,44.85192108154297,20.381319046020508,66.3889389038086,41.778079986572266,211.2865447998047
2017-06-08,22.502317428588867,22.139739990234375,20.1383113861084,58.0231819152832,26.206439971923828,44.51456832885742,20.21201515197754,66.19979858398438,41.50828552246094,211.39056396484375
2017-06-09,22.790157318115234,22.672237396240234,20.5184326171875,58.24619674682617,25.558582305908203,44.45966339111328,20.19318962097168,66.64686584472656,41.32536697387695,211.0697479248047
2017-06-12,22.702552795410156,22.832674026489258,20.560670852661133,58.46061706542969,25.40802574157715,44.45180130004883,20.155574798583984,66.56088256835938,41.302494049072266,211.02633666992188
2017-06-13,22.986228942871094,23.003345489501953,20.67048454284668,58.700782775878906,25.59051513671875,44.52240753173828,20.20448112487793,66.69844818115234,41.55857467651367,212.05824279785156
2017-06-14,22.74427032470703,22.58690643310547,20.70427894592285,58.640743255615234,25.46733283996582,44.804847717285156,20.313596725463867,67.01654815673828,41.535709381103516,211.7894744873047
2017-06-15,22.544029235839844,22.416229248046875,20.619800567626953,58.99238586425781,25.353271484375,44.70284652709961,20.430227279663086,66.94779968261719,41.36195755004883,211.3819122314453
2017-06-16,22.641267776489258,22.787084579467773,20.596906661987305,59.185420989990234,25.308835983276367,44.233253479003906,20.52391815185547,67.05825805664062,41.35048294067383,211.4280548095703
2017-06-19,22.82148551940918,22.642728805541992,20.80889320373535,59.54736328125,25.68446922302246,44.446720123291016,20.455650329589844,67.75740051269531,41.66697311401367,213.188232421875
2017-06-20,22.69574737548828,22.354021072387695,20.630821228027344,58.90966796875,25.478322982788086,44.27277755737305,20.46702766418457,67.9818344116211,41.14408493041992,211.75045776367188
2017-06-21,22.456851959228516,21.993141174316406,20.461238861083984,58.51324462890625,25.620330810546875,44.146278381347656,20.345643997192383,68.8449935913086,41.20829391479492,211.6981964111328
2017-06-22,22.48199462890625,21.97939109802246,20.334043502807617,58.39262390136719,25.629497528076172,43.85377502441406,20.250823974609375,69.5614013671875,41.11196517944336,211.60238647460938
2017-06-23,22.570009231567383,22.12718391418457,20.257719039916992,58.60806655883789,25.78982162475586,43.869590759277344,20.18255043029785,69.45780944824219,41.06151580810547,211.85504150390625
2017-06-26,22.63707160949707,22.079069137573242,20.367956161499023,58.62528610229492,25.65239715576172,44.043514251708984,20.3190975189209,69.38876342773438,41.20829391479492,211.99447631835938
2017-06-27,22.49876594543457,22.04469108581543,20.469711303710938,58.18578338623047,25.230972290039062,43.66401672363281,20.091520309448242,68.75868225097656,40.882625579833984,210.28660583496094
2017-06-28,22.704137802124023,22.164989471435547,20.791942596435547,58.71145248413086,25.547042846679688,43.8221435546875,19.898073196411133,69.12120056152344,41.295448303222656,212.16879272460938
2017-06-29,22.431703567504883,22.213106155395508,20.936092376708984,58.21166229248047,25.088958740234375,43.355690002441406,19.738767623901367,68.4911117553711,40.89638900756836,210.30404663085938
2017-06-30,22.553247451782227,22.31277847290039,20.91913414001465,58.694236755371094,25.066059112548828,43.43476104736328,19.70842933654785,68.39616394042969,41.11196517944336,210.69615173339844
2017-07-03,22.75023651123047,22.742399215698242,21.224393844604492,59.05615997314453,24.89198875427246,43.39522933959961,19.617399215698242,68.5169677734375,41.07069778442383,211.05343627929688
2017-07-05,22.67479705810547,22.28184700012207,21.258317947387695,59.228519439697266,25.13934898376465,43.363609313964844,19.522573471069336,68.92267608642578,40.96977996826172,211.54132080078125
2017-07-06,22.574207305908203,22.03438377380371,21.09720230102539,58.71145248413086,24.91031265258789,43.11851119995117,19.514982223510742,68.03362274169922,40.55237579345703,209.6069793701172
2017-07-07,22.69156265258789,22.000011444091797,21.241355895996094,59.16819763183594,25.19890022277832,43.09480667114258,19.530153274536133,68.37892150878906,40.91473388671875,210.96624755859375
2017-07-10,22.834068298339844,22.07219123840332,21.215919494628906,59.34053421020508,25.38213348388672,42.79438018798828,19.514982223510742,68.2494125366211,41.00187301635742,211.1928253173828
2017-07-11,22.800537109375,22.192485809326172,21.029367446899414,59.288841247558594,25.43709945678711,42.67580032348633,19.50359535217285,68.17171478271484,40.9193229675293,211.0359649658203
2017-07-12,23.0645809173584,22.254350662231445,21.09720230102539,59.61629104614258,25.766918182373047,42.91297912597656,19.670494079589844,68.63782501220703,41.23122787475586,212.6218719482422
2017-07-13,23.03943634033203,22.34371566772461,21.224393844604492,59.573204040527344,25.817306518554688,42.920875549316406,19.602218627929688,68.6982650756836,41.235816955566406,212.97911071777344
2017-07-14,23.156795501708984,22.477754592895508,21.131122589111328,59.83173751831055,26.046344757080078,43.260826110839844,19.693254470825195,69.16435241699219,41.368831634521484,213.97250366210938
2017-07-17,23.202896118164062,22.450258255004883,21.06328582763672,59.797279357910156,26.05093002319336,43.30826950073242,19.784290313720703,68.91403198242188,41.469730377197266,213.94639587402344
2017-07-18,23.106496810913086,22.34371566772461,21.029367446899414,59.65939712524414,26.170028686523438,43.30826950073242,19.841184616088867,68.96581268310547,41.657806396484375,214.05960083007812
2017-07-19,23.328632354736328,22.670225143432617,21.037843704223633,59.71971130371094,26.302873611450195,43.46638870239258,19.92462730407715,69.52687072753906,41.8596305847168,215.2185821533203
2017-07-20,23.156795501708984,22.601484298706055,21.029367446899414,59.38362121582031,26.357839584350586,43.47429656982422,20.068756103515625,69.98432922363281,41.77248001098633,215.31439208984375
2017-07-21,23.160980224609375,22.378080368041992,21.029367446899414,59.27159881591797,26.325773239135742,43.545440673828125,20.212890625,69.90666198730469,41.79998779296875,215.12271118164062
2017-07-24,23.140024185180664,22.33683967590332,21.12264060974121,59.1423225402832,26.389904022216797,43.40313720703125,20.023242950439453,69.88077545166016,41.657806396484375,215.07044982910156
2017-07-25,23.387311935424805,22.618663787841797,21.38550567626953,59.06476974487305,26.339515686035156,43.70355987548828,19.909452438354492,69.38016510009766,41.95136642456055,215.5932159423828
2017-07-26,23.24481201171875,22.642728805541992,21.241355895996094,59.1423225402832,26.440292358398438,43.69564437866211,20.099105834960938,69.14707946777344,41.933013916015625,215.6019744873047
2017-07-27,23.160980224609375,22.87300682067871,21.12264060974121,58.80625915527344,26.339515686035156,44.12257385253906,20.14841079711914,68.67234802246094,42.24032974243164,215.40151977539062
2017-07-28,23.07715606689453,22.84550666809082,21.12264060974121,58.944149017333984,26.312028884887695,43.75098419189453,20.11806297302246,69.01761627197266,41.919254302978516,215.14878845214844
2017-07-31,22.901121139526367,22.89706039428711,21.275272369384766,58.86656188964844,26.183773040771484,43.73517608642578,20.186342239379883,68.95719146728516,41.905494689941406,215.02685546875
2017-08-01,22.91788673400879,22.89362907409668,21.427906036376953,58.694236755371094,26.316614151000977,43.687744140625,20.300132751464844,68.80182647705078,41.9788818359375,215.50608825683594
2017-08-02,22.9388427734375,22.80770492553711,21.461820602416992,58.95277404785156,26.389904022216797,43.65612030029297,20.387374877929688,68.6464614868164,41.86421585083008,215.61065673828125
2017-08-03,22.767004013061523,22.48806381225586,21.38550567626953,59.24574279785156,26.33036231994629,43.61659240722656,20.489782333374023,68.75868225097656,41.74953079223633,215.19236755371094
2017-08-04,22.8759765625,22.560239791870117,21.5296573638916,59.35776901245117,26.389904022216797,43.49800491333008,20.39874839782715,68.60331726074219,41.754119873046875,215.5845489501953
2017-08-07,22.888551712036133,22.388391494750977,21.495742797851562,59.35776901245117,26.550235748291016,43.8221435546875,20.463233947753906,68.75006103515625,41.8504524230957,215.98529052734375
2017-08-08,22.70832633972168,22.33683967590332,21.436386108398438,59.17680740356445,26.513587951660156,43.65612030029297,20.546676635742188,68.43064880371094,41.87338638305664,215.45384216308594
2017-08-09,22.729278564453125,22.35746192932129,21.436386108398438,59.19404602050781,26.499847412109375,43.7272834777832,20.440475463867188,68.50836944580078,41.630287170410156,215.44505310058594
2017-08-10,22.469425201416016,22.12030601501465,21.0548038482666,58.444305419921875,25.977632522583008,43.545440673828125,20.50495719909668,67.65384674072266,41.006473541259766,212.40403747558594
2017-08-11,22.414934158325195,21.975955963134766,20.97000503540039,58.478782653808594,26.15628433227539,43.57706832885742,20.383577346801758,67.84374237060547,41.21746826171875,212.71775817871094
2017-08-14,22.62450408935547,21.91065788269043,21.258317947387695,59.09064483642578,26.573139190673828,43.79051208496094,20.501161575317383,68.30118560791016,41.511024475097656,214.8264617919922
2017-08-15,22.628690719604492,21.82816505432129,21.275272369384766,58.96137237548828,26.614362716674805,44.01188278198242,20.614952087402344,68.30118560791016,41.13031768798828,214.8002471923828
2017-08-16,22.850830078125,21.61850929260254,21.232873916625977,59.1251220703125,26.692235946655273,44.1620979309082,20.698400497436523,68.4911117553711,41.34130096435547,215.1749725341797
2017-08-17,22.50295066833496,21.312618255615234,20.868257522583008,58.0995979309082,26.170028686523438,43.7588996887207,20.55046844482422,67.63655853271484,40.68079376220703,211.82020568847656
2017-08-18,22.511335372924805,21.419166564941406,20.87672996520996,57.86693572998047,26.142539978027344,43.64030838012695,20.67184829711914,67.32583618164062,40.47897720336914,211.48910522460938
2017-08-21,22.53229522705078,21.309179306030273,20.81737518310547,57.961727142333984,26.133378982543945,43.798431396484375,20.74770736694336,67.62793731689453,40.55237579345703,211.65467834472656
2017-08-22,22.825679779052734,21.450096130371094,21.046321868896484,58.62528610229492,26.522750854492188,43.80633544921875,20.793222427368164,68.44795227050781,40.988121032714844,213.86795043945312
2017-08-23,22.78376579284668,21.542896270751953,20.97848892211914,58.07375717163086,26.458616256713867,43.679840087890625,20.861501693725586,67.9300308227539,40.6395149230957,213.10113525390625
2017-08-24,22.74184799194336,21.5566463470459,20.97848892211914,57.89279556274414,26.43571662902832,43.07898712158203,20.846323013305664,68.12854766845703,40.55237579345703,212.60447692871094
2017-08-25,22.813106536865234,21.65287971496582,21.037843704223633,58.1685676574707,26.431135177612305,43.221290588378906,20.91459846496582,68.14584350585938,40.65328598022461,213.10113525390625
2017-08-28,22.84663963317871,21.5566463470459,20.902175903320312,58.13408660888672,26.481525421142578,43.09480667114258,20.952529907226562,68.50836944580078,40.67621994018555,213.10986328125
2017-08-29,22.737661361694336,21.529150009155273,20.83433723449707,58.556358337402344,26.59604263305664,43.245025634765625,20.90700912475586,68.63782501220703,40.6395149230957,213.35386657714844
2017-08-30,22.905319213867188,21.539461135864258,20.91913414001465,58.79763412475586,26.788434982299805,43.23711013793945,20.846323013305664,68.99169921875,40.933067321777344,214.36460876464844
2017-08-31,23.08134651184082,21.6425724029541,20.944564819335938,58.99584197998047,26.948768615722656,43.252925872802734,20.85011863708496,70.16559600830078,41.12574005126953,215.6542205810547
2017-09-01,23.23223876953125,21.85222816467285,21.00392723083496,59.04754638671875,26.925853729248047,43.45848083496094,20.7856388092041,70.11383056640625,41.31378173828125,215.9591827392578
2017-09-05,22.968189239501953,21.972524642944336,20.554506301879883,58.45292663574219,26.687654495239258,43.52172088623047,20.8387393951416,69.81171417236328,41.14408493041992,214.40814208984375
2017-09-06,23.02686309814453,22.329965591430664,20.60538101196289,58.51324462890625,26.710559844970703,43.70355987548828,20.743911743164062,70.14833068847656,41.40093994140625,215.1400909423828
2017-09-07,23.0645809173584,22.37120819091797,20.24924087524414,58.63389205932617,26.802181243896484,43.76681137084961,20.899425506591797,70.9251708984375,41.043155670166016,215.11390686035156
2017-09-08,23.05620002746582,22.13405990600586,20.435794830322266,58.832096099853516,26.582305908203125,43.5533447265625,20.998046875,71.24454498291016,40.90095901489258,214.86131286621094
2017-09-11,23.35797691345215,22.34371566772461,20.791942596435547,59.34053421020508,26.957923889160156,43.8221435546875,21.17631721496582,71.79698181152344,41.11654281616211,217.15298461914062
2017-09-12,23.554960250854492,22.48118782043457,21.037843704223633,59.624935150146484,27.022056579589844,43.917015075683594,20.82356834411621,71.95234680175781,41.30002975463867,217.8848876953125
2017-09-13,23.546581268310547,22.763019561767578,21.071765899658203,59.53874969482422,26.985408782958984,43.94072723388672,20.721153259277344,71.68476867675781,41.598175048828125,217.9894561767578
2017-09-14,23.626216888427734,22.87300682067871,21.029367446899414,59.82313537597656,26.893789291381836,43.85377502441406,20.89564323425293,71.77970123291016,41.373409271240234,217.91978454589844
2017-09-15,23.627056121826172,22.926973342895508,21.09152603149414,60.07072067260742,27.003664016723633,43.930145263671875,20.925064086914062,71.55010986328125,41.257415771484375,218.213134765625
2017-09-18,23.7576847076416,23.02448272705078,21.338462829589844,60.408329010009766,27.02665138244629,43.9937858581543,20.711030960083008,71.53282165527344,41.11472702026367,218.67723083496094
2017-09-19,23.879886627197266,23.118501663208008,21.500246047973633,60.468929290771484,27.14617156982422,43.85853958129883,20.668991088867188,70.96967315673828,41.0778923034668,218.89617919921875
2017-09-20,23.964170455932617,23.27519989013672,21.627967834472656,60.91043472290039,27.03584861755371,43.4369010925293,20.51611328125,71.03899383544922,41.215999603271484,218.97496032714844
2017-09-21,23.91359519958496,23.282169342041016,21.67905616760254,61.09222412109375,26.888736724853516,43.023223876953125,20.512290954589844,70.67512512207031,41.14694595336914,218.38824462890625
2017-09-22,23.829326629638672,23.400558471679688,21.653505325317383,61.248069763183594,26.902524948120117,42.895931243896484,20.344127655029297,70.67512512207031,41.215999603271484,218.4320526123047
2017-09-25,23.871456146240234,23.73833465576172,21.627967834472656,61.248069763183594,26.585323333740234,43.206199645996094,20.531404495239258,70.46720886230469,41.128536224365234,217.98545837402344
2017-09-26,23.766115188598633,23.72789192199707,21.61944580078125,61.248069763183594,26.681859970092773,43.30961608886719,20.49318504333496,70.35460662841797,41.13313293457031,218.11679077148438
2017-09-27,23.766115188598633,23.82887077331543,21.8834171295166,61.317325592041016,26.95309066772461,42.97549057006836,20.218002319335938,70.32860565185547,41.35869216918945,218.9662322998047
2017-09-28,23.93467140197754,23.849767684936523,21.91748046875,61.28269958496094,26.985275268554688,42.97549057006836,20.290624618530273,70.38926696777344,41.30804443359375,219.22897338867188
2017-09-29,23.93467140197754,23.846288681030273,22.019649505615234,61.46449279785156,27.169157028198242,42.943668365478516,20.27533531188965,70.80509948730469,41.46456527709961,219.99957275390625
2017-10-02,24.195926666259766,23.83932113647461,22.206987380981445,61.88867950439453,27.210533142089844,42.86410903930664,20.309736251831055,71.52413177490234,41.54281234741211,220.9540252685547
2017-10-03,24.29705810546875,23.814943313598633,22.28361701965332,62.157047271728516,27.2748966217041,42.91183853149414,20.252399444580078,71.50680541992188,41.71772003173828,221.42694091796875
2017-10-04,24.30548667907715,23.797536849975586,22.181442260742188,62.13972473144531,27.256505966186523,43.04708480834961,20.45496368408203,71.85334777832031,41.93408203125,221.68960571289062
2017-10-05,24.452974319458008,23.905481338500977,22.411340713500977,62.28691482543945,27.5185489654541,43.238014221191406,20.435853958129883,71.9052963256836,42.16884994506836,223.0032196044922
2017-10-06,24.398195266723633,23.70351219177246,22.436885833740234,62.27825927734375,27.559925079345703,42.808414459228516,20.420568466186523,71.80999755859375,42.21946334838867,222.74923706054688
2017-10-09,24.39397621154785,23.752269744873047,22.35173797607422,62.10508346557617,27.62887954711914,42.689090728759766,20.447328567504883,71.35955810546875,42.085975646972656,222.3814239501953
2017-10-10,24.410831451416016,23.773160934448242,22.453916549682617,62.200340270996094,27.656461715698242,43.06298828125,20.64606475830078,71.52413177490234,42.044532775878906,222.96810913085938
2017-10-11,24.42347526550293,23.82887077331543,22.411340713500977,62.16570281982422,27.748401641845703,43.15050506591797,20.733964920043945,71.66272735595703,42.06755828857422,223.31842041015625
2017-10-12,24.469823837280273,23.741817474365234,22.241043090820312,62.494651794433594,27.679452896118164,43.3334846496582,20.840980529785156,71.58477783203125,41.78676223754883,222.98565673828125
2017-10-13,24.587818145751953,23.72789192199707,22.24955940246582,62.382144927978516,27.812759399414062,43.41303253173828,20.695751190185547,71.40287017822266,41.98930740356445,223.2571258544922
2017-10-16,24.57095718383789,23.780128479003906,22.39430809020996,62.451385498046875,27.913896560668945,43.42894744873047,20.649885177612305,71.0909652709961,42.044532775878906,223.55482482910156
2017-10-17,24.50775718688965,23.794050216674805,22.28361701965332,62.28691482543945,27.913896560668945,43.26983642578125,20.772188186645508,72.04393005371094,42.06755828857422,223.71249389648438
2017-10-18,24.448759078979492,23.626907348632812,22.40283203125,62.31288146972656,27.98285484313965,43.21414566040039,20.733964920043945,72.14791107177734,41.952491760253906,223.9313507080078
2017-10-19,24.541471481323242,23.553775787353516,22.41985511779785,62.48600769042969,27.90011215209961,42.98344039916992,20.95181655883789,72.5897216796875,41.952491760253906,223.99266052246094
2017-10-20,24.752159118652344,23.59904670715332,22.683818817138672,63.161258697509766,28.088590621948242,42.880027770996094,20.967103958129883,72.66768646240234,42.05375671386719,225.14857482910156
2017-10-23,24.705806732177734,23.477170944213867,22.66678810119629,62.763023376464844,27.95527458190918,42.84818649291992,20.978567123413086,72.48575592041016,41.76837158203125,224.27285766601562
2017-10-24,24.844860076904297,23.522441864013672,22.82857322692871,63.117977142333984,28.03342628479004,42.69704818725586,20.997676849365234,72.00059509277344,41.86962890625,224.6669921875
2017-10-25,24.714235305786133,23.358774185180664,22.692337036132812,62.494651794433594,27.88172149658203,42.57771682739258,20.905954360961914,71.89665222167969,41.70853042602539,223.55482482910156
2017-10-26,25.042909622192383,23.407529830932617,22.82006072998047,62.58123016357422,27.996652603149414,42.609527587890625,20.909774780273438,71.1776123046875,41.85581588745117,223.84381103515625
2017-10-27,24.91227912902832,23.449308395385742,22.80302619934082,62.60720443725586,28.750581741333008,42.24357223510742,21.039718627929688,71.16029357910156,42.532470703125,225.67396545410156
2017-10-30,24.794296264648438,23.57118797302246,22.709369659423828,62.17435836791992,28.814939498901367,41.88557434082031,21.043540954589844,70.39789581298828,42.33914566040039,224.8333740234375
2017-10-31,24.861719131469727,23.647798538208008,22.649761199951172,61.923309326171875,28.939067840576172,42.235618591308594,21.066471099853516,70.26795959472656,42.343746185302734,225.1836395263672
2017-11-01,24.983915328979492,23.915931701660156,22.683818817138672,61.88867950439453,28.94365882873535,42.37086868286133,20.94799041748047,70.44123840332031,42.3575439453125,225.48135375976562
2017-11-02,24.802722930908203,23.846288681030273,22.896690368652344,62.24362564086914,28.957456588745117,42.267459869384766,21.024431228637695,70.12069702148438,42.03995132446289,225.56890869140625
2017-11-03,24.79007911682129,23.915931701660156,22.80302619934082,62.18301773071289,29.18731117248535,42.2754020690918,21.100873947143555,70.70111846923828,42.21025848388672,226.32208251953125
2017-11-06,24.68474006652832,24.462636947631836,22.777484893798828,62.217628479003906,29.25167465209961,41.82194137573242,21.020610809326172,70.48453521728516,42.51866149902344,226.67230224609375
2017-11-07,24.71001434326172,24.43130111694336,22.462432861328125,62.31288146972656,29.265459060668945,42.29130935668945,21.27286148071289,70.63182067871094,42.265499114990234,226.51467895507812
2017-11-08,24.735301971435547,24.31290054321289,22.35173797607422,62.2089729309082,29.426362991333008,42.752723693847656,21.288148880004883,70.79642486572266,42.311527252197266,226.89996337890625
2017-11-09,24.52460289001465,24.386035919189453,22.275094985961914,61.429847717285156,29.191909790039062,42.744773864746094,21.314895629882812,70.80509948730469,42.3759651184082,226.0768280029297
2017-11-10,24.486684799194336,24.25718879699707,22.206987380981445,61.51641845703125,29.191909790039062,43.18232727050781,21.21552276611328,70.3459243774414,42.51866149902344,226.00677490234375
2017-11-13,24.61309814453125,24.117900848388672,22.241043090820312,61.30867385864258,29.182714462280273,43.42894744873047,21.467777252197266,70.41522216796875,42.66136169433594,226.2169189453125
2017-11-14,24.38976287841797,23.72789192199707,22.23253059387207,61.14418029785156,29.122949600219727,43.58009338378906,21.73531150817871,70.12933349609375,42.69817352294922,225.69155883789062
2017-11-15,24.242273330688477,23.45975685119629,22.29212760925293,60.79791259765625,28.90688705444336,43.118682861328125,21.54803466796875,69.93008422851562,42.514060974121094,224.56187438964844
2017-11-16,24.537246704101562,23.365734100341797,22.300643920898438,61.369266510009766,29.311431884765625,43.71535110473633,21.47924041748047,70.65778350830078,42.868507385253906,226.47085571289062
2017-11-17,24.57095718383789,23.48065185546875,22.275094985961914,61.03163528442383,29.122949600219727,43.56419372558594,21.330184936523438,70.38056182861328,43.05722427368164,225.8053436279297
2017-11-20,24.60466766357422,23.424942016601562,22.377281188964844,61.30867385864258,29.233278274536133,43.51646423339844,21.265214920043945,70.08606719970703,43.140079498291016,226.190673828125
2017-11-21,24.735301971435547,23.477170944213867,22.44540023803711,61.75016784667969,29.541292190551758,43.6596565246582,21.322546005249023,70.70111846923828,43.40705490112305,227.67056274414062
2017-11-22,24.667877197265625,23.57118797302246,22.334707260131836,61.819427490234375,29.486125946044922,43.60396957397461,21.322546005249023,70.67512512207031,43.4484748840332,227.46917724609375
2017-11-24,24.794296264648438,23.637359619140625,22.32619285583496,61.819427490234375,29.65162467956543,43.57215118408203,21.356943130493164,70.83972930908203,43.5589599609375,227.9945831298828
2017-11-27,24.646808624267578,23.39708137512207,22.30916404724121,61.923309326171875,29.65162467956543,43.596004486083984,21.448657989501953,70.90038299560547,43.5911750793457,227.8807830810547
2017-11-28,24.92070960998535,23.578155517578125,22.8881778717041,62.866912841796875,29.7481689453125,43.954010009765625,21.54803466796875,71.42019653320312,44.07449722290039,230.19256591796875
2017-11-29,24.958635330200195,23.706998825073242,23.279865264892578,63.42095184326172,29.090770721435547,44.184715270996094,21.55950164794922,71.77536010742188,44.26323699951172,230.0524444580078
2017-11-30,25.097692489624023,24.062179565429688,23.433135986328125,64.50309753417969,29.348215103149414,44.5904426574707,21.63211441040039,72.31249237060547,44.488792419433594,232.06654357910156
2017-12-01,24.891218185424805,24.26415252685547,23.484228134155273,63.70661926269531,29.196504592895508,44.70182800292969,21.55950164794922,72.16521453857422,44.470367431640625,231.5849151611328
2017-12-04,25.148256301879883,24.253707885742188,23.84185028076172,64.24337005615234,28.727596282958984,45.123470306396484,21.43720054626465,71.28157043457031,44.985923767089844,231.30470275878906
2017-12-05,25.0218448638916,24.14923858642578,23.71413230895996,63.69797897338867,28.73678970336914,45.05186080932617,21.165843963623047,71.16029357910156,44.728145599365234,230.47280883789062
2017-12-06,24.874357223510742,23.83584213256836,23.628986358642578,63.79322052001953,28.920677185058594,45.3382682800293,21.24610710144043,71.09963989257812,44.438148498535156,230.5166015625
2017-12-07,25.042909622192383,23.905481338500977,23.705608367919922,64.38188934326172,29.099964141845703,44.90070724487305,21.284318923950195,71.11695098876953,44.55321502685547,231.24337768554688
2017-12-08,25.042909622192383,24.12486457824707,23.850366592407227,64.65890502929688,29.23788070678711,45.02003860473633,21.35311508178711,71.91400146484375,44.76496505737305,232.50445556640625
2017-12-11,25.07662582397461,24.298967361450195,23.7907657623291,64.52906036376953,29.49072265625,45.012088775634766,21.48306655883789,72.21721649169922,44.86162185668945,233.2049560546875
2017-12-12,25.080833435058594,24.232803344726562,24.02918243408203,64.59832000732422,29.48153305053711,45.02003860473633,21.11615753173828,72.50309753417969,44.88004684448242,233.61647033691406
2017-12-13,25.148256301879883,24.197986602783203,23.731157302856445,64.849365234375,29.49072265625,45.27460861206055,21.17348861694336,72.75432586669922,44.91686248779297,233.59024047851562
2017-12-14,24.870141983032227,24.110931396484375,23.5778865814209,64.4078598022461,29.453947067260742,45.07572555541992,21.146732330322266,72.0179443359375,45.054962158203125,232.6357421875
2017-12-15,25.017507553100586,24.08919906616211,23.790042877197266,64.86221313476562,29.78986358642578,45.58707046508789,21.22426986694336,72.81034851074219,45.2498664855957,234.572998046875
2017-12-18,25.385906219482422,24.27498435974121,24.00389862060547,65.32353210449219,30.052885055541992,45.563018798828125,20.98895835876465,72.8364028930664,45.65631103515625,236.06051635742188
2017-12-19,25.35626983642578,24.310041427612305,23.901248931884766,65.34093475341797,29.868310928344727,45.619117736816406,20.60706329345703,72.74942779541016,45.596275329589844,235.1539306640625
2017-12-20,25.364734649658203,24.653573989868164,23.858476638793945,65.55852508544922,29.859085083007812,45.53897476196289,20.44504737854004,72.51458740234375,45.5085334777832,235.0306396484375
2017-12-21,25.45366096496582,25.175878524780273,24.06377601623535,65.61075592041016,29.799091339111328,45.50691223144531,20.202016830444336,72.3493423461914,45.804115295410156,235.51467895507812
2017-12-22,25.551057815551758,25.228456497192383,23.995342254638672,65.628173828125,29.7806453704834,45.57904815673828,20.232877731323242,72.1144790649414,45.71636962890625,235.45315551757812
2017-12-26,25.52988052368164,25.449298858642578,23.926908493041992,65.69779968261719,29.582223892211914,45.68323516845703,20.11329460144043,72.13188934326172,45.8179817199707,235.17153930664062
2017-12-27,25.563758850097656,25.36517333984375,23.95257568359375,65.8544692993164,29.61452293395996,45.675228118896484,20.198163986206055,72.253662109375,45.725608825683594,235.28590393066406
2017-12-28,25.67808723449707,25.403736114501953,24.046672821044922,65.98501586914062,29.665287017822266,45.603084564208984,20.310029983520508,72.35803985595703,45.85029983520508,235.7699737548828
2017-12-29,25.63150978088379,25.33011817932129,23.87558364868164,65.86317443847656,29.508394241333008,45.5950813293457,20.321603775024414,71.91443634033203,45.58241271972656,234.8809814453125
2018-01-02,25.995677947998047,25.747264862060547,23.884140014648438,66.25483703613281,29.8729248046875,45.31456756591797,20.132585525512695,72.72335052490234,46.275238037109375,236.5621795654297
2018-01-03,26.17776107788086,26.132858276367188,24.012454986572266,66.61170959472656,30.12209701538086,45.29853820800781,19.97442626953125,73.41918182373047,46.48770523071289,238.05850219726562
2018-01-04,26.406431198120117,26.29060935974121,24.234867095947266,67.09912109375,30.274364471435547,45.42677688598633,19.80855369567871,73.5235366821289,46.64012145996094,239.06185913085938
2018-01-05,26.618146896362305,26.280088424682617,24.303312301635742,67.56046295166016,30.59276008605957,45.62712860107422,19.80082893371582,74.14981842041016,47.00962448120117,240.6549530029297
2018-01-08,26.656267166137695,26.437828063964844,24.269088745117188,67.83895111083984,30.70811653137207,45.73933029174805,19.985994338989258,73.88017272949219,47.06503677368164,241.0950469970703
2018-01-09,26.613922119140625,26.371231079101562,24.457286834716797,68.27417755126953,30.629674911499023,45.675228118896484,19.789257049560547,74.74993896484375,47.15741729736328,241.64073181152344
2018-01-10,26.453006744384766,26.339677810668945,24.662599563598633,68.26546478271484,30.523542404174805,45.4508171081543,19.573240280151367,74.61947631835938,47.125091552734375,241.2710418701172
2018-01-11,26.800235748291016,26.8795108795166,24.78236961364746,69.13587951660156,30.64812660217285,45.38669967651367,19.49994468688965,74.9413070678711,47.89179611206055,243.03143310546875
2018-01-12,26.842586517333984,27.138906478881836,25.004777908325195,69.77995300292969,30.828075408935547,45.402732849121094,19.388071060180664,75.51536560058594,48.51070785522461,244.61566162109375
2018-01-16,26.52923011779785,26.795381546020508,24.93634033203125,69.15325164794922,30.70811653137207,45.6110954284668,19.34564208984375,75.8893814086914,48.1642951965332,243.77952575683594
2018-01-17,26.652027130126953,27.03024673461914,25.12454605102539,69.5362319946289,31.16954803466797,46.132057189941406,19.46522331237793,76.6200180053711,48.39523696899414,246.10321044921875
2018-01-18,26.635095596313477,26.809402465820312,25.09032440185547,69.1620101928711,31.22490692138672,45.995819091796875,19.341785430908203,76.63740539550781,48.353675842285156,245.68951416015625
2018-01-19,26.79599952697754,26.77434730529785,25.269968032836914,69.36217498779297,31.2849063873291,46.50874328613281,19.283926010131836,76.92445373535156,48.77396774291992,246.8073272705078
2018-01-22,26.73248291015625,27.35273551940918,25.47528076171875,69.36217498779297,31.589441299438477,46.86138153076172,19.310922622680664,77.42891693115234,49.31437301635742,248.81411743164062
2018-01-23,26.72824478149414,27.31068229675293,25.50093650817871,69.3969955444336,31.72786521911621,46.7091064453125,19.496089935302734,77.05491638183594,49.730064392089844,249.34222412109375
2018-01-24,26.842586517333984,27.2370548248291,25.672029495239258,69.33607482910156,31.483306884765625,46.80527877807617,19.37649917602539,77.28104400634766,49.942508697509766,249.24537658691406
2018-01-25,27.020427703857422,27.02324104309082,25.620708465576172,69.40569305419922,31.427940368652344,46.829322814941406,19.67739486694336,77.9421157836914,49.85477066040039,249.35098266601562
2018-01-26,27.13899040222168,27.170454025268555,25.80889892578125,70.20646667480469,31.926292419433594,47.053733825683594,19.68896484375,79.62079620361328,50.34434509277344,252.2378692626953
2018-01-29,26.82987403869629,26.76032257080078,25.70624542236328,69.73645782470703,31.635581970214844,46.86939239501953,19.438222885131836,79.40337371826172,50.20579147338867,250.56565856933594
2018-01-30,26.635095596313477,26.220495223999023,25.372623443603516,69.18807983398438,31.34950065612793,46.55683135986328,19.472942352294922,77.73336029052734,49.956382751464844,247.99554443359375
2018-01-31,26.656267166137695,26.238018035888672,25.441059112548828,69.3969955444336,31.584821701049805,46.34043884277344,19.68896484375,76.62869262695312,49.79471969604492,248.11875915527344
2018-02-01,26.29209327697754,26.507938385009766,25.68058204650879,69.27513122558594,31.612512588500977,46.14007568359375,19.38035774230957,76.65479278564453,49.240478515625,247.8370819091797
2018-02-02,25.60186195373535,25.400230407714844,25.11598777770996,67.88247680664062,30.675804138183594,45.258460998535156,19.24148941040039,75.57625579833984,48.76936340332031,242.4417266845703
2018-02-05,24.62369728088379,24.334575653076172,23.849916458129883,64.80128479003906,29.393043518066406,43.6154670715332,18.9251651763916,72.22755432128906,47.125091552734375,232.3021240234375
2018-02-06,25.42825698852539,24.52737808227539,24.28620147705078,65.98501586914062,30.237443923950195,44.096343994140625,18.64356231689453,73.02777862548828,48.33058547973633,236.8789825439453
2018-02-07,25.1995849609375,24.117246627807617,24.303312301635742,66.10689544677734,29.849853515625,43.903987884521484,18.554841995239258,72.9408187866211,48.18277359008789,235.59410095214844
2018-02-08,24.314577102661133,23.38811683654785,23.233997344970703,63.55659866333008,28.613222122192383,42.958274841308594,18.346540451049805,70.40970611572266,46.26138687133789,226.75717163085938
2018-02-09,24.738027572631836,23.37059211730957,23.6788272857666,64.24421691894531,29.31459617614746,43.04642868041992,18.732290267944336,71.40995025634766,46.57084274291992,230.1633758544922
2018-02-12,25.237693786621094,23.752687454223633,24.012454986572266,65.28001403808594,29.840625762939453,43.48722839355469,18.87502098083496,72.07970428466797,47.20359420776367,233.54319763183594
2018-02-13,25.174184799194336,23.65453338623047,24.115108489990234,65.42797088623047,29.91444969177246,43.68759536743164,18.959888458251953,72.13188934326172,47.448402404785156,234.12411499023438
2018-02-14,25.512943267822266,23.99806022644043,24.688262939453125,66.25483703613281,30.463550567626953,43.66355514526367,18.747722625732422,72.94950103759766,48.205867767333984,237.2838897705078
2018-02-15,25.7034912109375,23.938474655151367,24.82513427734375,67.25579833984375,31.044954299926758,44.384864807128906,19.164335250854492,73.75839233398438,48.63541793823242,240.31167602539062
2018-02-16,25.610332489013672,23.87887954711914,24.790916442871094,67.2732162475586,30.99880599975586,44.56119918823242,19.334064483642578,74.28897094726562,48.39986038208008,240.382080078125
2018-02-20,25.496002197265625,23.749174118041992,24.713930130004883,66.59429168701172,31.02649688720703,43.55134582519531,19.083330154418945,73.47136688232422,48.25205993652344,238.87696838378906
2018-02-21,25.407085418701172,23.349559783935547,24.74814224243164,66.61170959472656,30.828075408935547,43.03040313720703,18.83258628845215,73.16693878173828,48.18277359008789,237.68882751464844
2018-02-22,25.57646369934082,23.605453491210938,24.542837142944336,67.05560302734375,30.864990234375,43.14262008666992,18.92902374267578,73.05387115478516,48.242820739746094,237.996826171875
2018-02-23,25.953332901000977,24.117246627807617,24.91067886352539,67.61266326904297,31.51100730895996,43.55936813354492,19.42279052734375,74.21939849853516,48.91716766357422,241.7903289794922
2018-02-26,26.06766128540039,24.260967254638672,25.287078857421875,68.54399871826172,32.00472640991211,43.83186340332031,19.364931106567383,75.15876770019531,49.32822799682617,244.59805297851562
2018-02-27,25.70772933959961,23.945480346679688,25.04755210876465,67.68228912353516,31.681724548339844,43.25480651855469,19.05632781982422,74.37596130371094,48.28438949584961,241.54388427734375
2018-02-28,25.250408172607422,23.395124435424805,24.696821212768555,66.71617126464844,31.455625534057617,42.805999755859375,18.9251651763916,73.184326171875,48.06730651855469,239.09706115722656
2018-03-01,24.99209976196289,23.36007308959961,24.269088745117188,65.4105453491211,30.9342098236084,42.70981979370117,18.92902374267578,72.01882934570312,47.550010681152344,235.6204071044922
2018-03-02,24.966690063476562,23.4687442779541,24.32897186279297,65.39314270019531,31.229524612426758,43.07046890258789,18.878873825073242,72.74942779541016,47.59620666503906,236.8350830078125
2018-03-05,25.296985626220703,23.71763038635254,24.671161651611328,66.17650604248047,31.547916412353516,43.44715881347656,19.264631271362305,73.41050720214844,48.1642951965332,239.57232666015625
2018-03-06,25.57646369934082,23.731647491455078,24.77381706237793,66.47242736816406,31.61713409423828,43.479217529296875,19.006181716918945,73.30609893798828,48.49686050415039,240.1796417236328
2018-03-07,25.48330307006836,23.552875518798828,24.731033325195312,66.46373748779297,31.79248046875,43.086517333984375,18.863449096679688,73.68011474609375,48.16892623901367,240.09161376953125
2018-03-08,25.50447654724121,23.54586410522461,24.808029174804688,66.8119125366211,31.930898666381836,43.479217529296875,19.0023193359375,74.17591094970703,48.321353912353516,241.25344848632812
2018-03-09,25.96603775024414,23.994558334350586,25.40683364868164,68.28289794921875,32.535369873046875,43.75973129272461,19.05632781982422,75.24574279785156,49.069583892822266,245.45187377929688
2018-03-12,25.90251350402832,23.98754119873047,25.321290969848633,67.43860626220703,32.636871337890625,43.67958068847656,19.137332916259766,74.92393493652344,49.23123550415039,245.14373779296875
2018-03-13,25.796655654907227,23.815776824951172,25.03899574279785,67.10781860351562,32.26312255859375,43.64752197265625,19.179763793945312,75.01959991455078,48.88483810424805,243.55943298339844
2018-03-14,25.479066848754883,23.67555809020996,24.756702423095703,66.37670135498047,32.235443115234375,43.20673370361328,19.37649917602539,74.6542739868164,48.82478713989258,242.30958557128906
2018-03-15,25.14454460144043,23.552875518798828,24.76525115966797,66.56819915771484,32.253910064697266,42.90217208862305,19.364931106567383,74.53253173828125,48.77396774291992,242.0456085205078
2018-03-16,25.142841339111328,23.76293182373047,24.786714553833008,66.92388153076172,32.22057342529297,42.91748809814453,19.534812927246094,74.53250885009766,48.72301483154297,242.30804443359375
2018-03-19,24.781532287597656,23.395776748657227,24.606414794921875,66.40828704833984,31.58180809020996,42.49839401245117,19.414302825927734,73.3280029296875,48.11619186401367,239.02955627441406
2018-03-20,24.756031036376953,23.593473434448242,24.666515350341797,66.635498046875,31.567930221557617,42.37749481201172,19.324888229370117,73.43270874023438,48.40340042114258,239.4360809326172
2018-03-21,25.036575317382812,24.211292266845703,24.657934188842773,66.71411895751953,31.378145217895508,41.85361099243164,19.258798599243164,73.11849212646484,48.366336822509766,238.9765625
2018-03-22,24.288454055786133,23.717039108276367,23.747848510742188,64.5118637084961,30.56812286376953,41.50706100463867,19.344327926635742,71.01493835449219,47.33795166015625,233.00282287597656
2018-03-23,23.812368392944336,23.572290420532227,23.026662826538086,63.56806564331055,29.753456115722656,40.99123001098633,19.072200775146484,69.5398178100586,46.40685272216797,228.03648376464844
2018-03-26,24.30120277404785,23.995935440063477,23.773605346679688,65.10613250732422,30.882877349853516,41.57958221435547,19.270462036132812,70.9800033569336,47.77803039550781,234.2753143310547
2018-03-27,24.05466079711914,23.769994735717773,23.30998992919922,64.20602416992188,29.89232063293457,41.55540084838867,19.54647445678711,70.14208221435547,46.8422966003418,230.2898712158203
2018-03-28,23.748613357543945,23.307512283325195,23.352916717529297,63.98752212524414,29.69328498840332,42.12764358520508,19.5386962890625,70.51740264892578,46.27251052856445,229.60939025878906
2018-03-29,24.203433990478516,23.798233032226562,23.670583724975586,64.92261505126953,30.281139373779297,42.417789459228516,19.64366340637207,71.04984283447266,46.92103958129883,232.5432586669922
2018-04-02,23.67635154724121,23.321636199951172,23.14685821533203,63.58554458618164,29.559049606323242,41.37810134887695,19.49205207824707,69.43509674072266,45.596187591552734,227.52391052246094
2018-04-03,24.012163162231445,23.819416046142578,23.464527130126953,64.46819305419922,29.850656509399414,41.92615509033203,19.558143615722656,70.49121856689453,46.175228118896484,230.44007873535156
2018-04-04,24.16943359375,23.787643432617188,23.713516235351562,64.74783325195312,30.267248153686523,42.5789794921875,19.60089874267578,71.49500274658203,47.02295684814453,232.9055633544922
2018-04-05,24.62000274658203,24.214818954467773,23.90239715576172,65.40325164794922,30.39222526550293,42.68375015258789,19.75640296936035,71.44263458251953,47.6529426574707,234.74365234375
2018-04-06,24.02065658569336,23.777055740356445,23.32716178894043,63.59427261352539,29.647001266479492,42.24852752685547,19.60089874267578,69.7231216430664,46.63846206665039,229.51222229003906
2018-04-09,24.15243148803711,23.890026092529297,23.455944061279297,63.40202713012695,29.878437042236328,42.22435760498047,19.63977813720703,70.41265106201172,46.52729797363281,230.6433563232422
2018-04-10,24.649757385253906,24.68082618713379,23.80795669555664,64.3720703125,30.614402770996094,42.321075439453125,19.48816680908203,71.59976196289062,47.09243392944336,234.3106231689453
2018-04-11,24.466981887817383,24.93854331970215,23.524627685546875,63.90016555786133,30.433881759643555,42.2404670715332,19.460952758789062,71.01493835449219,46.948829650878906,233.08230590820312
2018-04-12,24.726272583007812,24.935012817382812,23.93674087524414,64.81774139404297,30.799545288085938,42.17600631713867,19.204376220703125,71.49500274658203,47.15266418457031,234.99996948242188
2018-04-13,24.700769424438477,25.210390090942383,23.576141357421875,64.66045379638672,30.697717666625977,42.385562896728516,19.355989456176758,71.46009826660156,46.888607025146484,234.3106231689453
2018-04-16,25.032320022583008,25.46810531616211,23.679170608520508,65.30713653564453,30.933778762817383,42.84494400024414,19.620338439941406,72.02743530273438,47.24067687988281,236.23715209960938
2018-04-17,25.317119598388672,25.566953659057617,23.679170608520508,65.85769653320312,31.507736206054688,42.94166564941406,19.818603515625,72.58605194091797,48.120826721191406,238.7644805908203
2018-04-18,25.499893188476562,25.969417572021484,23.567556381225586,66.53934478759766,31.424436569213867,42.619285583496094,19.744741439819336,72.64717102050781,48.347801208496094,238.94117736816406
2018-04-19,25.215099334716797,26.001190185546875,23.92815399169922,66.3558120727539,31.077272415161133,41.38616180419922,19.733076095581055,72.0361557006836,48.19493865966797,237.61572265625
2018-04-20,25.07908058166504,25.877626419067383,23.93674087524414,66.06742095947266,30.646804809570312,40.69303512573242,19.55425262451172,71.65210723876953,47.703895568847656,235.600830078125
2018-04-23,25.00681495666504,26.0364933013916,23.910982131958008,65.98876953125,30.535717010498047,40.644676208496094,19.565914154052734,71.93143463134766,47.80582046508789,235.5655059814453
2018-04-24,24.33095359802246,25.757585525512695,23.756439208984375,64.14486694335938,30.00341033935547,40.38676452636719,19.698087692260742,71.3902587890625,47.05075454711914,232.39303588867188
2018-04-25,24.462726593017578,25.962356567382812,23.739273071289062,64.328369140625,30.008037567138672,40.459293365478516,19.701974868774414,71.71321105957031,47.245304107666016,232.96743774414062
2018-04-26,24.615753173828125,26.340103149414062,23.747848510742188,64.09239959716797,30.55423355102539,40.701087951660156,19.90023422241211,72.6209716796875,48.009639739990234,235.33575439453125
2018-04-27,24.551992416381836,26.061199188232422,23.78219985961914,63.96134948730469,30.498693466186523,40.918704986572266,20.102392196655273,72.9177474975586,48.22736740112305,235.55665588378906
2018-04-30,24.233192443847656,26.05767822265625,23.567556381225586,63.113643646240234,30.29964828491211,40.660789489746094,20.044076919555664,71.80050659179688,48.03743362426758,233.7451171875
2018-05-01,24.211938858032227,25.898805618286133,23.576141357421875,62.82525634765625,30.679203033447266,40.30616760253906,19.98188018798828,71.76557922363281,48.102291107177734,234.160400390625
2018-05-02,24.15667724609375,26.004718780517578,23.30998992919922,62.27467727661133,30.646804809570312,39.516319274902344,19.962448120117188,70.77926635742188,47.77338409423828,232.5874786376953
2018-05-03,24.26719856262207,25.9447078704834,23.112516403198242,62.4232292175293,30.71623992919922,39.47603225708008,19.935226440429688,70.14208221435547,47.560302734375,232.07496643066406
2018-05-04,24.568998336791992,26.071796417236328,23.413015365600586,63.14860153198242,31.299463272094727,40.04826354980469,20.024639129638672,70.70072174072266,48.18567657470703,235.0794677734375
2018-05-07,24.56049346923828,26.10708999633789,23.567556381225586,63.56806564331055,31.516996383666992,39.798423767089844,19.919677734375,70.59596252441406,48.347801208496094,235.874755859375
2018-05-08,24.50948715209961,26.311857223510742,23.73068618774414,64.02249908447266,31.586442947387695,39.6372184753418,19.42207908630371,70.06351470947266,48.143985748291016,235.874755859375
2018-05-09,24.862295150756836,26.848472595214844,24.082691192626953,64.71287536621094,31.975242614746094,39.693634033203125,19.286008834838867,70.46503448486328,48.31074142456055,238.1547088623047
2018-05-10,25.040828704833984,27.049707412719727,24.280166625976562,65.14982604980469,32.391841888427734,39.9273681640625,19.558143615722656,71.40769958496094,48.48677444458008,240.38160705566406
2018-05-11,25.032320022583008,27.088544845581055,24.262990951538086,65.28965759277344,32.34553909301758,39.9273681640625,19.585355758666992,72.47257995605469,48.58867645263672,241.11509704589844
2018-05-14,25.130090713500977,27.275659561157227,24.245820999145508,65.17605590820312,32.340919494628906,39.91124725341797,19.511489868164062,72.95265197753906,48.68133544921875,241.22996520996094
2018-05-15,25.05357551574707,27.282712936401367,24.202892303466797,64.95757293701172,32.03541946411133,39.75811004638672,19.34821891784668,72.00997161865234,48.39876937866211,239.5686798095703
2018-05-16,25.351119995117188,27.37803077697754,24.245820999145508,65.19354248046875,32.17891311645508,40.04020309448242,19.19660186767578,72.41144561767578,48.8017692565918,240.57608032226562
2018-05-17,25.410634994506836,27.79109001159668,24.194307327270508,65.44696044921875,32.01228713989258,40.177215576171875,19.04109764099121,72.43766784667969,48.6396484375,240.37274169921875
2018-05-18,25.44464111328125,27.575735092163086,23.996843338012695,65.83149719238281,31.878055572509766,39.9273681640625,19.04498863220215,72.6209716796875,48.57942581176758,239.77178955078125
2018-05-21,25.580657958984375,27.8581600189209,24.168554306030273,66.82772827148438,32.155765533447266,40.09661102294922,19.142169952392578,72.6908187866211,48.84808349609375,241.5746307373047
2018-05-22,25.368125915527344,27.487478256225586,24.331676483154297,66.00627136230469,32.10948181152344,40.02408218383789,19.21214485168457,72.55115509033203,48.6303825378418,240.90293884277344
2018-05-23,25.308616638183594,27.483936309814453,24.17713737487793,65.94509887695312,32.34553909301758,40.16914749145508,19.387083053588867,72.78681182861328,48.98244857788086,241.5657958984375
2018-05-24,25.21935272216797,27.032054901123047,23.988248825073242,66.2684326171875,32.30852508544922,40.13690948486328,19.54647445678711,72.49878692626953,49.0889778137207,241.07089233398438
2018-05-25,25.083332061767578,26.32951545715332,23.910982131958008,66.14608764648438,32.28537368774414,40.20139694213867,19.632003784179688,72.3940200805664,49.1630859375,240.49647521972656
2018-05-29,24.649757385253906,26.24831199645996,23.112516403198242,65.0886459350586,32.10948181152344,40.11274719238281,19.632003784179688,71.65210723876953,48.78324508666992,237.7305145263672
2018-05-30,24.938810348510742,27.042644500732422,23.533214569091797,66.00627136230469,32.34553909301758,40.67691421508789,19.791391372680664,72.7257308959961,49.22794723510742,240.90293884277344
2018-05-31,24.73052215576172,26.837890625,23.33574676513672,65.0536880493164,32.354801177978516,40.02408218383789,19.822492599487305,71.93143463134766,48.991703033447266,239.42724609375
2018-06-01,25.108829498291016,26.96497917175293,23.59331512451172,65.77032470703125,32.90560531616211,40.02408218383789,19.519262313842773,72.76063537597656,49.35301971435547,241.77784729003906
2018-06-04,25.253360748291016,26.731979370117188,23.670583724975586,65.6741714477539,33.16946029663086,40.354530334472656,19.36376190185547,73.03121185302734,49.90427780151367,242.92665100097656
2018-06-05,25.44464111328125,26.668428421020508,23.567556381225586,65.75283813476562,33.28518295288086,40.16914749145508,19.262683868408203,72.88282012939453,50.19611740112305,243.1033935546875
2018-06-06,25.916465759277344,26.7955265045166,23.996843338012695,66.30339813232422,33.50272750854492,40.217506408691406,18.803958892822266,73.70330047607422,50.66395950317383,245.13592529296875
2018-06-07,25.784690856933594,27.201509475708008,24.074106216430664,66.58305358886719,33.23426818847656,40.46735382080078,18.936134338378906,73.79930877685547,50.81220626831055,245.109375
2018-06-08,25.856962203979492,27.148555755615234,24.108449935913086,66.801513671875,33.178714752197266,40.96705627441406,18.928356170654297,74.22702026367188,50.91874694824219,245.83396911621094
2018-06-11,25.89520835876465,27.28977394104004,24.05694007873535,66.93260955810547,33.215755462646484,41.30556869506836,18.889484405517578,74.3666763305664,51.122589111328125,246.160888671875
2018-06-12,25.929216384887695,27.081483840942383,23.996843338012695,66.8626937866211,33.37775421142578,41.38616180419922,19.107189178466797,74.32302856445312,51.368106842041016,246.47914123535156
2018-06-13,25.648672103881836,26.979097366333008,23.910982131958008,66.32960510253906,33.20648193359375,41.257198333740234,19.056644439697266,74.3404769897461,51.44684982299805,245.69256591796875
2018-06-14,25.68692970275879,26.940258026123047,23.687759399414062,66.07615661621094,33.44254684448242,41.32975387573242,19.293790817260742,74.72452545166016,51.98418426513672,246.31124877929688
2018-06-15,25.507566452026367,26.36164093017578,23.68689727783203,65.9112319946289,33.314815521240234,41.860923767089844,19.431062698364258,74.86997985839844,52.06964874267578,245.99696350097656
2018-06-18,25.443513870239258,26.624658584594727,23.643779754638672,65.63920593261719,33.35197830200195,41.251773834228516,19.49382209777832,74.1515884399414,51.98141860961914,245.49095153808594
2018-06-19,24.9780330657959,26.564224243164062,23.583419799804688,64.25292205810547,33.18010330200195,41.4710693359375,19.686012268066406,74.3443374633789,51.916378021240234,244.55007934570312
2018-06-20,24.89689064025879,26.681522369384766,23.5230655670166,64.29678344726562,33.24979019165039,41.51166915893555,19.701705932617188,74.50200653076172,52.16254806518555,244.96728515625
2018-06-21,24.632122039794922,26.187480926513672,23.45408058166504,63.48956298828125,32.99430465698242,41.5928955078125,19.768388748168945,74.0727310180664,51.79098892211914,243.43161010742188
2018-06-22,24.99083709716797,26.709945678710938,23.341978073120117,63.70891571044922,32.8874626159668,41.93401336669922,19.90566635131836,74.40563201904297,51.70273208618164,243.87542724609375
2018-06-25,24.60222625732422,26.173261642456055,23.0919246673584,62.901710510253906,32.20463562011719,42.145179748535156,20.235139846801758,73.72228240966797,50.57876205444336,240.55563354492188
2018-06-26,24.696178436279297,26.503814697265625,23.014310836791992,63.13859176635742,32.3347053527832,41.96650314331055,20.2586727142334,73.49452209472656,50.941036224365234,241.08810424804688
2018-06-27,24.619312286376953,26.859222412109375,22.729759216308594,62.62968826293945,31.893402099609375,41.87715530395508,20.356733322143555,72.87251281738281,50.28152084350586,239.09100341796875
2018-06-28,24.713258743286133,26.823678970336914,22.928085327148438,62.71745300292969,32.283607482910156,41.87715530395508,20.348886489868164,72.9688720703125,50.676292419433594,240.45799255371094
2018-06-29,24.798664093017578,26.990741729736328,22.928085327148438,62.84906768798828,32.269657135009766,41.85279846191406,20.380264282226562,73.11778259277344,50.764549255371094,240.8041229248047
2018-07-02,24.666282653808594,26.592660903930664,23.040184020996094,62.98944091796875,32.55766677856445,41.609134674072266,20.525390625,73.34557342529297,50.83422088623047,241.31895446777344
2018-07-03,24.623577117919922,26.759719848632812,22.833236694335938,62.787628173828125,32.172119140625,41.70660400390625,20.5842227935791,73.52082061767578,50.57876205444336,240.46682739257812
2018-07-05,24.837100982666016,26.731281280517578,22.884977340698242,63.094722747802734,32.62733840942383,42.28327178955078,20.694047927856445,74.28298950195312,50.82957077026367,242.4286346435547
2018-07-06,24.9609432220459,26.8947696685791,22.997068405151367,63.3140869140625,33.00823211669922,42.41322326660156,20.85486602783203,75.35181427001953,51.2289924621582,244.47914123535156
2018-07-09,25.183012008666992,27.296401977539062,23.5230655670166,64.48980712890625,33.25907897949219,42.25078201293945,20.211606979370117,75.90374755859375,51.842063903808594,246.6804962158203
2018-07-10,25.396533966064453,27.49898910522461,23.436840057373047,64.69161224365234,33.33802032470703,42.75434112548828,20.40379524230957,76.1928482055664,51.953548431396484,247.56808471679688
2018-07-11,24.96949005126953,26.91610336303711,23.324735641479492,63.62996292114258,33.20797348022461,42.616275787353516,20.588144302368164,75.58836364746094,51.832786560058594,245.75733947753906
2018-07-12,25.029285430908203,26.962303161621094,23.367855072021484,64.37576293945312,33.73288345336914,42.559417724609375,20.603837966918945,76.42938232421875,52.176475524902344,247.98536682128906
2018-07-13,25.016462326049805,27.104476928710938,23.264373779296875,64.70916748046875,33.695716857910156,42.83557891845703,20.607757568359375,76.56956481933594,52.2925910949707,248.1806182861328
2018-07-16,24.81574821472168,26.79169464111328,23.67827033996582,64.44593811035156,33.61674880981445,42.63250732421875,20.588144302368164,76.1052474975586,52.42264938354492,247.95870971679688
2018-07-17,25.140304565429688,26.68507194519043,23.704143524169922,64.70040130615234,33.867591857910156,42.99799346923828,20.57245635986328,76.52577209472656,52.47372817993164,248.96176147460938
2018-07-18,24.905437469482422,26.702836990356445,24.08354377746582,65.4111099243164,33.81184005737305,42.64875793457031,20.466556549072266,76.58709716796875,52.441219329833984,249.48538208007812
2018-07-19,24.9951114654541,26.709945678710938,23.72138214111328,65.3847885131836,33.69106674194336,42.673118591308594,20.654827117919922,76.15782165527344,52.32046127319336,248.5445556640625
2018-07-20,24.892621994018555,26.617544174194336,23.76449966430664,65.31455993652344,33.70035934448242,42.93303680419922,20.50970458984375,76.00887298583984,52.08823776245117,248.26043701171875
2018-07-23,24.755964279174805,26.500253677368164,24.0921630859375,64.91098022460938,33.87222671508789,42.66499710083008,20.364574432373047,76.16658020019531,52.03248977661133,248.7220458984375
2018-07-24,25.07625389099121,26.834352493286133,24.161148071289062,65.1829605102539,34.058040618896484,42.7462272644043,20.4351749420166,76.85867309570312,51.87922668457031,249.97366333007812
2018-07-25,25.272689819335938,27.05826759338379,24.212888717651367,66.1744384765625,34.485389709472656,43.071102142333984,20.494009017944336,77.83987426757812,52.260074615478516,252.10406494140625
2018-07-26,25.417888641357422,27.3532657623291,24.20426368713379,66.68333435058594,33.955841064453125,43.298519134521484,20.713659286499023,77.62089538574219,51.986053466796875,251.5093231201172
2018-07-27,25.323932647705078,27.23596954345703,24.256000518798828,66.69213104248047,33.37520217895508,43.355377197265625,20.64698600769043,77.06018829345703,51.85136795043945,249.80494689941406
2018-07-30,25.276966094970703,27.459896087646484,24.27324676513672,66.0340805053711,32.854949951171875,43.30663299560547,20.521465301513672,77.1039810180664,51.4379997253418,248.50013732910156
2018-07-31,25.507566452026367,27.410133361816406,24.100791931152344,67.49056243896484,32.94320297241211,43.50969314575195,20.7058162689209,77.90996551513672,51.67952346801758,249.72500610351562
2018-08-01,25.2470703125,27.029830932617188,24.100791931152344,66.57805633544922,33.240478515625,43.14419937133789,20.57245635986328,77.92750549316406,51.424072265625,249.3079376220703
2018-08-02,25.08051872253418,26.88054847717285,24.109413146972656,66.49034118652344,33.65855026245117,43.582786560058594,20.674436569213867,78.2165756225586,51.777061462402344,250.6660614013672
2018-08-03,25.31966781616211,26.741945266723633,24.24737548828125,66.55172729492188,33.77932357788086,44.094482421875,20.905853271484375,78.68094635009766,51.953548431396484,251.74017333984375
2018-08-06,25.31113052368164,26.841459274291992,24.376720428466797,66.64823913574219,33.96049499511719,44.13508987426758,20.921541213989258,78.82109069824219,52.301876068115234,252.663330078125
2018-08-07,25.396533966064453,27.040496826171875,24.488821029663086,67.12203979492188,34.090545654296875,43.86705017089844,20.89015769958496,78.82987213134766,52.54338836669922,253.49766540527344
2018-08-08,25.289777755737305,26.845016479492188,24.549177169799805,66.82373046875,34.18345260620117,43.534053802490234,20.78034019470215,78.9525146484375,52.59911346435547,253.3911590576172
2018-08-09,25.42642593383789,26.59621238708496,24.402587890625,66.45524597167969,34.19739532470703,43.40410614013672,20.87447738647461,78.86492919921875,52.794189453125,253.04486083984375
2018-08-10,25.05916976928711,26.759719848632812,24.11803436279297,65.86735534667969,33.923336029052734,43.24167251586914,20.784265518188477,78.52320861816406,52.352970123291016,251.34959411621094
2018-08-13,24.80721664428711,26.41851234436035,23.88521957397461,65.55148315429688,33.87686538696289,43.24167251586914,20.811717987060547,78.54953002929688,52.08823776245117,250.40855407714844
2018-08-14,25.016462326049805,26.482484817504883,24.109413146972656,66.00775146484375,34.085906982421875,43.542171478271484,20.85486602783203,78.9174575805664,52.594482421875,252.00640869140625
2018-08-15,24.619312286376953,25.558382034301758,23.919710159301758,65.69188690185547,33.77932357788086,43.72087097167969,21.047056198120117,78.78607940673828,51.953548431396484,250.12457275390625
2018-08-16,24.768774032592773,25.74321174621582,24.238752365112305,66.52544403076172,33.927978515625,44.346256256103516,21.274547576904297,79.5569839477539,52.2089958190918,252.1484832763672
2018-08-17,24.952402114868164,25.807178497314453,24.290489196777344,66.92903900146484,33.979061126708984,44.68738555908203,21.384374618530273,79.80229949951172,52.255435943603516,253.0361328125
2018-08-20,25.12750244140625,25.981340408325195,24.368099212646484,67.37648010253906,33.927978515625,44.66303253173828,21.309852600097656,80.06513214111328,52.62700653076172,253.57757568359375
2018-08-21,25.2257137298584,26.112844467163086,24.46294593811035,67.87662506103516,33.98372268676758,44.346256256103516,21.156875610351562,80.06513214111328,53.04500198364258,254.17225646972656
2018-08-22,25.09760093688965,26.425615310668945,24.376720428466797,67.21856689453125,34.085906982421875,44.070098876953125,20.99998664855957,80.14398956298828,53.10073471069336,254.0214080810547
2018-08-23,24.92678451538086,26.301219940185547,24.26462173461914,67.0255355834961,34.160221099853516,43.96452331542969,20.984302520751953,80.11768341064453,53.04963684082031,253.68414306640625
2018-08-24,25.251340866088867,26.493139266967773,24.35085105895996,67.3150634765625,34.50395965576172,43.90768051147461,21.074506759643555,80.50316619873047,53.3608283996582,255.21090698242188
2018-08-27,25.59724998474121,26.68862533569336,24.67852020263672,68.16617584228516,34.819828033447266,43.93204116821289,20.94507598876953,80.79227447509766,53.704532623291016,257.2257995605469
2018-08-28,25.499027252197266,26.574892044067383,24.652647018432617,68.0257797241211,34.880218505859375,43.785850524902344,20.901927947998047,80.8360824584961,53.81134033203125,257.3501281738281
2018-08-29,25.691204071044922,26.73838233947754,24.644025802612305,68.07842254638672,35.19609069824219,43.83457565307617,21.054899215698242,81.36174774169922,54.415138244628906,258.7349548339844
2018-08-30,25.38799476623535,26.66374397277832,24.454322814941406,67.60464477539062,35.0892448425293,43.69649124145508,21.062742233276367,81.30042266845703,54.10395050048828,257.6873779296875
2018-08-31,25.31113052368164,26.457609176635742,24.42845344543457,67.64849090576172,35.117122650146484,43.68025588989258,20.97252655029297,81.28289794921875,54.31759262084961,257.6963195800781
2018-09-04,25.13603401184082,26.40073013305664,24.549177169799805,67.5958480834961,34.9824104309082,43.623390197753906,21.066665649414062,80.63457489013672,54.419776916503906,257.2524108886719
2018-09-05,25.30258560180664,26.36519432067871,24.56641960144043,68.07842254638672,34.5457763671875,44.12696838378906,21.360837936401367,80.95874786376953,53.834571838378906,256.56005859375
2018-09-06,25.353830337524414,25.878265380859375,24.454322814941406,68.28900146484375,34.29494094848633,44.24878692626953,21.48242950439453,80.95874786376953,53.685943603515625,255.7877960205078
2018-09-07,25.187284469604492,25.874710083007812,24.42845344543457,68.07842254638672,34.17881393432617,44.15945053100586,21.219635009765625,81.0813980102539,53.681297302246094,255.29078674316406
2018-09-10,25.21717643737793,25.864046096801758,24.402587890625,68.42938995361328,34.28564453125,44.313777923583984,21.32554054260254,80.8711166381836,53.881019592285156,255.7345733642578
2018-09-11,25.268423080444336,26.109289169311523,24.42845344543457,68.41187286376953,34.57829284667969,44.15133285522461,21.270626068115234,80.80104064941406,54.31295394897461,256.5778503417969
2018-09-12,25.28123664855957,26.244348526000977,24.20426368713379,68.62242126464844,34.434295654296875,44.66303253173828,21.251018524169922,81.20404815673828,54.415138244628906,256.6400451660156
2018-09-13,25.379451751708984,26.25501823425293,24.169776916503906,69.03482818603516,34.838417053222656,44.59803771972656,21.411823272705078,82.21153259277344,54.50801467895508,258.15789794921875
2018-09-14,25.37091636657715,26.39362907409668,24.34223175048828,69.37700653076172,34.8105583190918,44.476219177246094,21.29808235168457,81.93994903564453,54.30366516113281,258.2022705078125
2018-09-17,25.46059226989746,26.43627166748047,24.238752365112305,69.4033203125,34.3739013671875,44.6386604309082,21.368680953979492,81.64208221435547,53.63020706176758,256.8353271484375
2018-09-18,25.48621368408203,26.610435485839844,24.35947608947754,70.03507232666016,34.59222412109375,44.451847076416016,21.32946014404297,82.11516571044922,54.31295394897461,258.2288818359375
2018-09-19,25.763795852661133,26.692188262939453,24.77336883544922,69.9736328125,34.50395965576172,44.3706169128418,20.86663246154785,82.00125122070312,54.3361701965332,258.5040588378906
2018-09-20,26.041378021240234,26.69928741455078,24.98893928527832,70.07894134521484,34.912742614746094,44.93103790283203,20.909780502319336,82.79853057861328,54.707740783691406,260.5989685058594
2018-09-21,25.98516845703125,26.875722885131836,24.891931533813477,70.5321044921875,34.774776458740234,45.00302505493164,20.99881935119629,82.91019439697266,54.46595764160156,260.3608703613281
2018-09-24,25.620450973510742,27.269363403320312,24.614784240722656,69.32423400878906,34.947227478027344,44.315948486328125,20.81281280517578,83.07731628417969,54.11193084716797,259.4959411621094
2018-09-25,25.487438201904297,27.444726943969727,24.51951026916504,69.11265563964844,34.905277252197266,44.05421829223633,20.527868270874023,82.82225036621094,54.34018325805664,259.2552490234375
2018-09-26,25.23427391052246,27.179906845092773,24.22503089904785,69.06856536865234,34.774776458740234,44.10329055786133,20.326032638549805,83.0069580078125,54.46595764160156,258.47943115234375
2018-09-27,25.015445709228516,27.179906845092773,24.1384220123291,69.16553497314453,34.97985076904297,44.04603576660156,20.535781860351562,83.4291000366211,54.65230178833008,259.20172119140625
2018-09-28,24.8566837310791,27.10474967956543,23.88725471496582,69.12146759033203,35.110355377197266,44.11146926879883,20.836565017700195,83.68416595458984,54.6057243347168,259.2284851074219
2018-10-01,25.105548858642578,27.480510711669922,23.982519149780273,69.72979736328125,35.27815628051758,44.07875442504883,20.76532554626465,84.0975341796875,54.43800735473633,260.1289978027344
2018-10-02,25.212827682495117,27.509138107299805,23.982519149780273,69.88850402832031,35.282806396484375,44.332305908203125,21.04631233215332,84.00078582763672,53.701995849609375,259.9773864746094
2018-10-03,25.032608032226562,27.73102378845215,24.20771026611328,70.17943572998047,35.390018463134766,43.85791015625,20.793027877807617,83.84248352050781,53.520320892333984,260.1200866699219
2018-10-04,24.91675567626953,27.616498947143555,24.372268676757812,69.95020294189453,34.751468658447266,43.75157928466797,20.903841018676758,83.02452850341797,52.681800842285156,258.0871276855469
2018-10-05,24.732250213623047,27.61292266845703,24.25101089477539,69.5887451171875,34.31334686279297,43.7106819152832,21.224401473999023,82.92778778076172,52.285831451416016,256.64251708984375
2018-10-08,24.719379425048828,27.59144401550293,24.415578842163086,69.76507568359375,33.9265022277832,44.315948486328125,21.40249252319336,82.89263153076172,52.42092514038086,256.64251708984375
2018-10-09,23.89983367919922,27.838375091552734,24.32030487060547,68.68946075439453,34.04768371582031,44.217803955078125,21.48955535888672,83.03337860107422,52.267208099365234,256.26800537109375
2018-10-10,23.273378372192383,26.965177536010742,23.566789627075195,66.47651672363281,32.397735595703125,43.68613052368164,21.370830535888672,81.07205963134766,50.50632858276367,248.15377807617188
2018-10-11,23.0030574798584,26.052627563476562,22.8652400970459,64.7220230102539,31.987571716308594,42.606468200683594,20.979032516479492,78.88212585449219,49.6165771484375,242.68783569335938
2018-10-12,23.067413330078125,26.124189376831055,22.891225814819336,65.15401458740234,33.01296615600586,42.84366226196289,20.955289840698242,80.09580993652344,50.534278869628906,246.05838012695312
2018-10-15,22.99018096923828,25.905902862548828,22.787290573120117,65.2774658203125,32.47229766845703,43.10541534423828,21.05422592163086,79.54174041748047,50.41781997680664,244.67625427246094
2018-10-16,23.359188079833984,26.12061882019043,23.16837501525879,66.3795166015625,33.45108413696289,43.587989807128906,21.271888732910156,81.72289276123047,51.428688049316406,250.02635192871094
2018-10-17,23.20901107788086,25.95599937438965,23.40222930908203,65.89460754394531,33.297279357910156,43.7924690246582,21.232315063476562,82.1538314819336,51.00478744506836,250.07090759277344
2018-10-18,22.947277069091797,25.827173233032227,23.01247787475586,64.75728607177734,32.6447639465332,43.73521041870117,21.263973236083984,81.22156524658203,50.026512145996094,246.45960998535156
2018-10-19,22.78421974182129,25.598134994506836,23.09909439086914,64.51924896240234,32.63077926635742,44.733116149902344,21.596406936645508,80.4827880859375,49.53738784790039,246.32583618164062
2018-10-22,22.604005813598633,25.3154239654541,22.605411529541016,64.29883575439453,32.90109634399414,44.39774703979492,21.457897186279297,79.82318878173828,49.73768997192383,245.2201690673828
2018-10-23,22.380884170532227,24.653371810913086,22.423524856567383,63.24085235595703,32.77526092529297,44.594058990478516,21.33916664123535,79.39220428466797,49.74700927734375,243.9717559814453
2018-10-24,21.67289924621582,23.679975509643555,21.86055564880371,61.098419189453125,31.307086944580078,44.78217697143555,21.85761260986328,76.77130889892578,48.260990142822266,236.579833984375
2018-10-25,21.95180320739746,23.969844818115234,22.198339462280273,61.530452728271484,32.383758544921875,44.888519287109375,21.517261505126953,77.76513671875,49.719058990478516,240.82411193847656
2018-10-26,21.823076248168945,23.790916442871094,21.877883911132812,60.92209243774414,31.735889434814453,44.02967834472656,21.121501922607422,76.88565063476562,48.17247009277344,236.58871459960938
2018-10-29,21.771589279174805,23.34716033935547,22.06842613220215,59.9082145690918,31.199886322021484,44.536800384521484,21.418319702148438,77.07911682128906,47.748558044433594,235.2779541015625
2018-10-30,22.269323348999023,23.887540817260742,22.449512481689453,61.14253234863281,31.549449920654297,45.42017364501953,21.501432418823242,77.90587615966797,48.4659538269043,238.764404296875
2018-10-31,22.573972702026367,24.03426170349121,22.76131248474121,61.60978317260742,32.29985046386719,44.994842529296875,21.248146057128906,78.01139068603516,49.090171813964844,241.31463623046875
2018-11-01,23.20901107788086,24.238250732421875,22.8652400970459,62.694210052490234,32.67738723754883,45.313838958740234,21.153165817260742,78.99645233154297,50.09172821044922,243.8826904296875
2018-11-02,23.153234481811523,24.177406311035156,22.847915649414062,62.58842468261719,32.038848876953125,45.07664489746094,21.03443717956543,78.5039291381836,50.29670333862305,242.43817138671875
2018-11-05,23.22188377380371,24.581796646118164,23.211688995361328,62.91463851928711,32.00621032714844,45.64102554321289,21.331253051757812,79.19873046875,50.366580963134766,243.77566528320312
2018-11-06,23.60376739501953,24.696311950683594,23.33294677734375,63.57585906982422,32.20662307739258,45.91911315917969,21.473724365234375,79.60328674316406,50.59018325805664,245.31820678710938
2018-11-07,24.02855682373047,25.100704193115234,23.63608169555664,64.6073989868164,33.152793884277344,46.18085861206055,21.71909523010254,81.94276428222656,51.959754943847656,250.57028198242188
2018-11-08,23.92557716369629,24.556745529174805,23.705366134643555,64.5016098022461,33.12482833862305,46.20540237426758,21.683475494384766,81.98674774169922,51.973724365234375,250.11550903320312
2018-11-09,23.59089469909668,24.513805389404297,23.488834381103516,63.849185943603516,32.55154800415039,46.47531509399414,21.715139389038086,81.749267578125,51.25167465209961,247.67234802246094
2018-11-12,23.24334144592285,24.005638122558594,23.021141052246094,62.58842468261719,31.40496253967285,46.22993850708008,21.703264236450195,80.64109802246094,50.22216796875,243.04449462890625
2018-11-13,23.174684524536133,23.454519271850586,23.15105628967285,62.87055206298828,31.44223976135254,46.123592376708984,21.794288635253906,80.0782241821289,50.19887161254883,242.58970642089844
2018-11-14,23.148942947387695,23.41515350341797,22.839263916015625,62.658958435058594,31.064720153808594,45.812782287597656,21.568708419799805,79.43618774414062,49.821537017822266,240.9312744140625
2018-11-15,23.466461181640625,23.758705139160156,23.17704200744629,63.487709045410156,31.84308624267578,45.73917007446289,21.3906192779541,80.13977813720703,49.74700927734375,243.44581604003906
2018-11-16,23.70245933532715,24.041423797607422,23.203027725219727,63.47007369995117,31.791818618774414,45.85367965698242,21.71909523010254,80.94892120361328,49.551353454589844,244.07879638671875
2018-11-19,23.36348533630371,24.03426170349121,23.194368362426758,62.4649772644043,30.57999610900879,45.780059814453125,21.814077377319336,79.919921875,48.34016799926758,239.950439453125
2018-11-20,22.938695907592773,23.246957778930664,22.683361053466797,61.16897964477539,29.922805786132812,45.019371032714844,21.723051071166992,79.17236328125,47.24544143676758,235.50979614257812
2018-11-21,23.123199462890625,23.611980438232422,22.700681686401367,61.60098648071289,30.14186668395996,44.65949249267578,21.40249252319336,78.72380065917969,47.7392463684082,236.31234741210938
2018-11-23,22.874330520629883,22.871192932128906,22.518802642822266,61.477569580078125,29.86687469482422,44.814903259277344,21.41436195373535,78.83811950683594,47.52495574951172,234.73406982421875
2018-11-26,23.136072158813477,23.214754104614258,22.97783660888672,61.927188873291016,30.542705535888672,44.872154235839844,21.541004180908203,79.60328674316406,48.59172821044922,238.52366638183594
2018-11-27,22.852880477905273,23.15033721923828,22.99515724182129,61.82140350341797,30.603296279907227,45.272945404052734,21.703264236450195,80.43000030517578,48.73614501953125,239.32623291015625
2018-11-28,23.20472526550293,23.547565460205078,23.436880111694336,63.30258560180664,31.6752872467041,45.64920425415039,21.68743324279785,82.36492919921875,50.17558288574219,244.8367156982422
2018-11-29,23.37206268310547,23.701448440551758,23.237668991088867,63.33782196044922,31.367677688598633,45.722816467285156,21.679515838623047,82.6375732421875,49.942665100097656,244.30172729492188
2018-11-30,23.43213653564453,23.658504486083984,23.35892677307129,63.9549674987793,31.665973663330078,46.017269134521484,22.000083923339844,84.3174057006836,50.30601501464844,245.7908477783203
2018-12-03,23.844053268432617,24.184566497802734,23.506162643432617,64.69556427001953,32.365108489990234,46.05816650390625,22.221708297729492,83.91284942626953,51.24702453613281,249.0454559326172
2018-12-04,23.136072158813477,23.490310668945312,22.484155654907227,61.944847106933594,31.13929557800293,45.281131744384766,22.237533569335938,82.03949737548828,49.40229034423828,240.975830078125
2018-12-06,22.822837829589844,23.057294845581055,22.17235565185547,61.60098648071289,31.20920753479004,45.33018112182617,22.26128387451172,81.7316665649414,49.63986587524414,240.6101837158203
2018-12-07,22.273618698120117,22.928457260131836,21.747961044311523,59.97874450683594,30.109241485595703,44.757652282714844,22.344388961791992,79.64727783203125,48.15384292602539,235.01939392089844
2018-12-10,22.333683013916016,22.570589065551758,21.444826126098633,60.12862014770508,30.524051666259766,44.757652282714844,22.387924194335938,79.95510864257812,48.191104888916016,235.46524047851562
2018-12-11,22.260740280151367,22.577749252319336,21.23695945739746,59.775978088378906,30.56134605407715,45.1257209777832,22.478946685791016,80.20134735107422,48.209739685058594,235.5186767578125
2018-12-12,22.453824996948242,22.667211532592773,21.358213424682617,60.110965728759766,30.799043655395508,45.068458557128906,22.336471557617188,80.8873519897461,48.71751403808594,236.70462036132812
2018-12-13,22.19209098815918,22.738784790039062,21.202316284179688,59.94346237182617,30.85032844543457,45.346561431884766,22.530397415161133,80.96649932861328,48.47526931762695,236.62442016601562
2018-12-14,22.02045249938965,22.219884872436523,20.99445152282715,59.11471939086914,30.095260620117188,44.577701568603516,22.486858367919922,78.24008178710938,47.66937255859375,232.2551727294922
2018-12-17,21.642868041992188,21.815492630004883,20.78658676147461,58.144893646240234,29.456714630126953,43.54710388183594,21.76262855529785,76.68338012695312,46.45818328857422,227.69871520996094
2018-12-18,21.76300621032715,21.300167083740234,20.708637237548828,58.43585205078125,29.68976593017578,43.03178405761719,21.616199493408203,76.01494598388672,46.82154083251953,227.4490509033203
2018-12-19,21.466938018798828,21.04965591430664,20.44880485534668,57.33378219604492,29.102489471435547,42.61464309692383,21.580581665039062,75.0211181640625,45.89452362060547,224.04287719726562
2018-12-20,21.17945671081543,20.46634292602539,20.266918182373047,56.284610748291016,28.58047103881836,41.85395431518555,21.568708419799805,73.9657211303711,44.86501693725586,220.3959197998047
2018-12-21,20.989004135131836,20.26767349243164,19.86166763305664,55.22187423706055,27.712127685546875,41.4197883605957,21.476512908935547,73.04685974121094,43.84831619262695,215.8800506591797
2018-12-24,20.444843292236328,19.44771957397461,19.443342208862305,53.52751541137695,26.972515106201172,40.22291564941406,20.578495025634766,71.2975845336914,43.01587677001953,210.17587280273438
2018-12-26,21.36041259765625,20.657785415649414,20.323566436767578,56.020259857177734,28.60153579711914,41.345489501953125,20.857877731323242,74.407470703125,45.564640045166016,220.7949981689453
2018-12-27,21.75341796875,20.766149520874023,20.56758689880371,56.721065521240234,28.807504653930664,41.741695404052734,21.033493041992188,75.22911071777344,45.80781936645508,222.4901123046875
2018-12-28,21.636812210083008,20.607215881347656,20.55887794494629,56.57027053833008,28.741971969604492,41.741695404052734,21.08538055419922,75.31744384765625,45.8125114440918,222.20306396484375
2018-12-31,21.818199157714844,20.715579986572266,20.759321212768555,57.13800811767578,29.01347541809082,41.9150390625,21.121292114257812,76.43067169189453,46.30355453491211,224.1493377685547
2019-01-02,21.930484771728516,21.123748779296875,20.933626174926758,57.43075180053711,29.03219985961914,41.667423248291016,20.758094787597656,75.27327728271484,46.6543083190918,224.38259887695312
2019-01-03,21.308584213256836,20.914247512817383,20.4630069732666,55.683162689208984,27.567018508911133,41.42803955078125,20.75410270690918,73.74485778808594,45.644142150878906,219.02813720703125
2019-01-04,22.14641761779785,21.625837326049805,21.142786026000977,57.79445266723633,28.788782119750977,42.31124496459961,21.061433792114258,75.94474029541016,47.154701232910156,226.36463928222656
2019-01-07,22.224157333374023,21.94731330871582,21.168933868408203,58.264617919921875,29.046245574951172,42.25346374511719,20.917743682861328,76.2363052368164,48.22098159790039,228.1494598388672
2019-01-08,22.457372665405273,22.117084503173828,21.18636131286621,59.063011169433594,29.289661407470703,42.64141082763672,21.17717170715332,76.82823944091797,48.754119873046875,230.29298400878906
2019-01-09,22.46601104736328,22.46746253967285,21.290943145751953,59.462196350097656,29.66883087158203,42.24521255493164,21.049461364746094,77.17279052734375,49.00197219848633,231.36929321289062
2019-01-10,22.664669036865234,22.53247833251953,21.29965591430664,60.26947021484375,29.79990005493164,42.492835998535156,21.324846267700195,77.32298278808594,48.861690521240234,232.18544006347656
2019-01-11,22.573970794677734,22.398832321166992,21.351947784423828,60.20737075805664,29.743732452392578,42.61665344238281,21.245023727416992,77.57918548583984,48.90845489501953,232.27517700195312
2019-01-14,22.40122413635254,22.344648361206055,21.500104904174805,60.1984977722168,29.467546463012695,42.41029739379883,20.766080856323242,76.72219848632812,48.60914993286133,230.8580322265625
2019-01-15,22.2543888092041,22.424118041992188,21.691837310791016,60.01219940185547,29.91225242614746,42.83125686645508,21.021516799926758,78.10042572021484,49.048744201660156,233.50384521484375
2019-01-16,22.340761184692383,22.395217895507812,22.153736114501953,60.07429504394531,29.94033432006836,42.60014343261719,21.09735107421875,77.95909881591797,48.93650817871094,234.0689239501953
2019-01-17,22.733766555786133,22.601112365722656,22.27574920654297,61.10334396362305,30.132259368896484,42.7817497253418,21.185152053833008,78.64818572998047,49.26853942871094,235.8447265625
2019-01-18,23.109498977661133,23.059850692749023,22.659210205078125,62.265438079833984,30.590999603271484,43.29351806640625,21.20909881591797,79.58470916748047,49.95133590698242,238.98382568359375
2019-01-22,22.789907455444336,22.557767868041992,22.39776039123535,60.9791374206543,30.076091766357422,42.89729690551758,21.2490177154541,79.03695678710938,49.20307922363281,235.75498962402344
2019-01-23,22.63443374633789,22.326587677001953,22.423900604248047,61.0678596496582,30.1790714263916,43.4090576171875,21.464536666870117,79.12531280517578,49.30128860473633,236.24832153320312
2019-01-24,22.51350975036621,22.445789337158203,22.476194381713867,61.37834167480469,30.431854248046875,42.872535705566406,21.576284408569336,78.46267700195312,49.507057189941406,236.37387084960938
2019-01-25,22.941062927246094,22.731149673461914,22.659210205078125,62.158973693847656,30.86250877380371,42.699195861816406,21.28095054626465,78.55985260009766,50.05421829223633,238.37393188476562
2019-01-28,22.906509399414062,22.503583908081055,22.589488983154297,61.56462860107422,30.450572967529297,42.88078689575195,21.181163787841797,77.66754150390625,49.764286041259766,236.56224060058594
2019-01-29,23.1440486907959,22.572216033935547,22.511051177978516,62.41624450683594,30.122896194458008,42.97982406616211,21.241031646728516,78.04743957519531,49.441593170166016,236.24832153320312
2019-01-30,23.390213012695312,22.890085220336914,22.64177703857422,63.39204025268555,31.05912208557129,43.26873016357422,21.4046688079834,79.116455078125,50.41432571411133,239.98834228515625
2019-01-31,23.040395736694336,23.03818130493164,22.606922149658203,63.667030334472656,31.026348114013672,44.069393157958984,21.855674743652344,80.10596466064453,50.87263870239258,242.0959930419922
2019-02-01,23.109498977661133,23.439125061035156,22.702787399291992,63.764617919921875,31.208919525146484,43.92906951904297,21.771860122680664,80.17664337158203,50.129051208496094,242.2126007080078
2019-02-04,23.07062530517578,23.493309020996094,22.798648834228516,64.58963012695312,31.70978355407715,44.20972442626953,21.80777931213379,79.94694519042969,50.45641326904297,243.91659545898438
2019-02-05,23.239057540893555,23.529430389404297,22.737648010253906,65.14850616455078,31.97661590576172,44.217979431152344,21.851680755615234,79.83206939697266,50.92876052856445,244.93914794921875
2019-02-06,23.100862503051758,23.356050491333008,22.711496353149414,65.1662368774414,32.08428955078125,44.226234436035156,21.839712142944336,80.1943130493164,50.71831130981445,244.6162109375
2019-02-07,22.781272888183594,22.83951187133789,22.484905242919922,64.72270202636719,31.644258499145508,44.193214416503906,22.127079010009766,79.31082916259766,50.30208206176758,242.2843475341797
2019-02-08,22.759675979614258,22.734756469726562,22.37161636352539,64.8202896118164,31.82681655883789,44.399574279785156,22.22286033630371,79.46102905273438,50.10098648071289,242.58033752441406
2019-02-11,22.79422950744629,22.843124389648438,22.44133186340332,65.1662368774414,31.81276512145996,44.5151252746582,22.214881896972656,79.36384582519531,50.18984603881836,242.71490478515625
2019-02-12,23.303834915161133,23.132097244262695,22.772504806518555,66.17754364013672,32.23407745361328,44.86180114746094,22.26676368713379,80.4505386352539,50.96149826049805,245.83604431152344
2019-02-13,23.334068298339844,23.421062469482422,22.833515167236328,66.56786346435547,32.27619171142578,44.94434356689453,22.202909469604492,80.62724304199219,51.30756759643555,246.63424682617188
2019-02-14,23.213144302368164,23.504140853881836,22.554624557495117,66.25736999511719,32.33237838745117,44.440834045410156,22.166982650756836,80.81275939941406,51.12049865722656,246.0872039794922
2019-02-15,23.528413772583008,23.88341522216797,23.033958435058594,67.14448547363281,32.58983612060547,44.86180114746094,22.23482894897461,82.03196716308594,51.471248626708984,248.7687530517578
2019-02-19,23.675254821777344,23.955657958984375,23.068819046020508,67.11784362792969,32.59921646118164,45.092926025390625,22.36654281616211,81.8376235961914,51.681697845458984,249.19931030273438
2019-02-20,24.081212997436523,24.056798934936523,23.21697998046875,67.43721008300781,32.63664627075195,45.01038360595703,22.46632194519043,81.74043273925781,51.78459548950195,249.70164489746094
2019-02-21,23.986196517944336,23.684751510620117,23.094961166381836,67.16221618652344,32.65068435668945,45.14244842529297,22.62995719909668,81.02481842041016,51.681697845458984,248.81365966796875
2019-02-22,24.08984375,23.753381729125977,23.060100555419922,67.60575866699219,33.06730651855469,44.9278450012207,22.769651412963867,81.76692962646484,51.962303161621094,250.35630798339844
2019-02-25,24.24532127380371,23.793119430541992,23.155967712402344,67.87189483642578,33.226470947265625,44.680206298828125,22.621978759765625,81.88179016113281,51.789268493652344,250.69708251953125
2019-02-26,24.107120513916016,23.71726417541504,23.086244583129883,67.68561553955078,33.29668045043945,44.70498275756836,22.59404182434082,81.59021759033203,51.85942840576172,250.5177459716797
2019-02-27,24.068254470825195,23.807567596435547,23.17340087890625,67.95176696777344,33.263912200927734,44.638938903808594,22.621978759765625,81.21033477783203,51.82199478149414,250.4100799560547
2019-02-28,23.774578094482422,23.569162368774414,23.11239242553711,67.72107696533203,33.1702880859375,44.853538513183594,22.753684997558594,80.9718017578125,51.54141616821289,249.94375610351562
2019-03-01,23.744346618652344,24.002620697021484,23.260547637939453,67.78317260742188,33.39498519897461,44.77101135253906,22.80158233642578,82.12030792236328,51.95762252807617,251.50430297851562
2019-03-04,23.85232162475586,24.04596710205078,23.11239242553711,67.4815673828125,33.26860046386719,44.69671630859375,22.84149169921875,81.00711822509766,51.79393005371094,250.58953857421875
2019-03-05,23.74003028869629,23.96649742126465,23.025239944458008,67.04692077636719,33.1702880859375,44.66371536254883,22.813560485839844,80.96295928955078,51.924896240234375,250.24862670898438
2019-03-06,23.791858673095703,23.66307830810547,22.87708854675293,66.41706848144531,32.997093200683594,44.59766387939453,22.813560485839844,79.7790756225586,51.681697845458984,248.73300170898438
2019-03-07,23.597509384155273,23.522205352783203,22.64177703857422,66.01786041259766,32.68345260620117,44.30877685546875,22.88939094543457,79.15178680419922,51.05503463745117,246.6521759033203
2019-03-08,23.636375427246094,23.081520080566406,22.633066177368164,65.88481903076172,32.678768157958984,44.333534240722656,22.969209671020508,78.98394012451172,50.699607849121094,246.1588897705078
2019-03-11,23.973243713378906,23.442739486694336,22.86836814880371,66.44365692138672,33.38093566894531,44.91132354736328,23.132848739624023,79.88507843017578,51.39642333984375,249.72848510742188
2019-03-12,24.063932418823242,23.59444808959961,22.9206600189209,65.89366912841797,33.57755661010742,44.9278450012207,23.292497634887695,80.46818542480469,51.54141616821289,250.67013549804688
2019-03-13,24.180540084838867,23.832849502563477,23.077529907226562,66.47027587890625,33.79756546020508,45.18373489379883,23.316444396972656,81.33403015136719,51.72378921508789,252.3294677734375
2019-03-14,23.999155044555664,23.858137130737305,23.164682388305664,66.24852752685547,33.86778259277344,45.14244842529297,23.31245231628418,81.20149993896484,51.5694580078125,252.16799926757812
2019-03-15,24.029083251953125,23.848669052124023,23.326738357543945,66.01473999023438,34.277748107910156,45.398075103759766,23.396886825561523,81.5748291015625,51.90028381347656,253.4138946533203
2019-03-18,24.085468292236328,24.179948806762695,23.563243865966797,66.65714263916016,34.42333984375,45.46446990966797,23.30843162536621,81.4506607055664,52.402408599853516,254.3326873779297
2019-03-19,24.055103302001953,24.11441421508789,23.37929344177246,66.41622161865234,34.4937858581543,45.43125915527344,23.043060302734375,82.0980453491211,52.66517639160156,254.39573669433594
2019-03-20,24.033418655395508,24.325572967529297,22.89751625061035,65.9612045288086,34.39986801147461,45.24037551879883,23.10337257385254,81.5304946899414,52.74027633666992,253.6300811767578
2019-03-21,24.289329528808594,24.496671676635742,22.82744026184082,66.59468078613281,35.26396179199219,45.77155685424805,23.348642349243164,81.8497314453125,53.462928771972656,256.4947814941406
2019-03-22,23.56498146057129,23.8341064453125,22.196752548217773,65.08685302734375,34.43273162841797,45.71345901489258,23.517513275146484,80.35994720458984,52.402408599853516,251.5581512451172
2019-03-25,23.521610260009766,23.845029830932617,22.100399017333984,65.23851776123047,34.28245162963867,45.80474090576172,23.537614822387695,80.31559753417969,52.71211242675781,251.36900329589844
2019-03-26,23.66474151611328,24.18723487854004,22.363189697265625,65.67570495605469,34.470306396484375,46.194820404052734,23.70648765563965,80.8653793334961,52.93735122680664,253.24270629882812
2019-03-27,23.634382247924805,24.016130447387695,22.26683235168457,65.7470932006836,34.27306365966797,46.03713607788086,23.541635513305664,80.19145965576172,52.82942581176758,251.91847229003906
2019-03-28,23.8642578125,24.107139587402344,22.45954132080078,66.2288818359375,34.413944244384766,46.26121520996094,23.264202117919922,80.39541625976562,53.14853286743164,252.8734130859375
2019-03-29,24.072458267211914,24.07073402404785,22.520858764648438,66.94263458251953,34.7520751953125,46.568302154541016,23.38884735107422,81.36198425292969,53.425392150878906,254.4678192138672
2019-04-01,24.43246078491211,24.38745880126953,23.072710037231445,68.3255844116211,35.226402282714844,46.41059875488281,23.228015899658203,81.48615264892578,54.01197052001953,257.48565673828125
2019-04-02,24.514869689941406,24.21999740600586,23.055187225341797,68.29881286621094,35.34850311279297,46.02883529663086,23.26018524169922,81.2999267578125,54.00257873535156,257.61175537109375
2019-04-03,24.835832595825195,23.98700714111328,23.125267028808594,68.09362030029297,35.63496398925781,45.80474090576172,23.2239990234375,81.19349670410156,54.38268280029297,258.0171813964844
2019-04-04,25.087398529052734,24.18723487854004,23.265413284301758,68.51293182373047,35.48469543457031,45.979034423828125,23.14358139038086,81.0250473022461,54.82378387451172,258.7018127441406
2019-04-05,25.07872772216797,24.61316680908203,23.30045509338379,68.70923614501953,35.653751373291016,46.13672637939453,23.360700607299805,81.58369445800781,55.147579193115234,259.9539489746094
2019-04-08,25.087398529052734,24.722383499145508,23.326738357543945,68.41478729248047,35.789947509765625,46.32761764526367,23.195858001708984,81.56596374511719,55.34467315673828,260.1520690917969
2019-04-09,24.905229568481445,24.42022132873535,23.134021759033203,67.48689270019531,35.620880126953125,46.26951599121094,23.25214385986328,81.35311889648438,54.847251892089844,258.81884765625
2019-04-10,24.8922176361084,24.5112361907959,23.204097747802734,67.46904754638672,35.86978530883789,46.402313232421875,23.179771423339844,81.37974548339844,55.11004638671875,259.70172119140625
2019-04-11,24.87920570373535,24.529430389404297,23.344247817993164,68.04898071289062,35.822818756103516,46.49360656738281,23.296369552612305,80.37767791748047,55.18042755126953,259.6296691894531
2019-04-12,25.20884895324707,24.594955444335938,23.773475646972656,68.95013427734375,36.07172393798828,46.64299011230469,23.404932022094727,79.64164733886719,55.52298355102539,261.38629150390625
2019-04-15,25.091733932495117,24.449352264404297,23.62455940246582,68.56649017333984,36.05763244628906,46.91687774658203,23.400909423828125,79.96090698242188,55.635616302490234,261.21514892578125
2019-04-16,25.20450782775879,24.609525680541992,23.957422256469727,68.98582458496094,36.24077224731445,46.9251708984375,23.111413955688477,78.32032775878906,55.8796272277832,261.38629150390625
2019-04-17,25.048364639282227,24.576759338378906,24.01874542236328,69.07504272460938,36.44272232055664,47.157554626464844,23.0229549407959,76.06793975830078,55.9875602722168,260.7466735839844
2019-04-18,25.07872772216797,24.460269927978516,23.94866371154785,69.86907958984375,36.546043395996094,47.19905090332031,23.035017013549805,76.19206237792969,55.968788146972656,261.2601623535156
2019-04-22,24.909570693969727,24.97721290588379,23.87858009338379,69.65498352050781,36.63057327270508,47.215660095214844,23.014917373657227,76.23640441894531,55.757625579833984,261.4853820800781
2019-04-23,25.0223388671875,24.937164306640625,24.02750015258789,70.26168060302734,37.029747009277344,47.0662727355957,23.07925033569336,77.44243621826172,56.42396926879883,263.8365478515625
2019-04-24,24.866191864013672,24.500308990478516,24.001224517822266,70.05647277832031,37.04384231567383,47.16585922241211,23.228015899658203,77.35374450683594,56.475589752197266,263.2509460449219
2019-04-25,24.5495662689209,24.423858642578125,24.045021057128906,68.64677429199219,37.03443908691406,46.86708068847656,23.324512481689453,78.15185546875,56.17993927001953,263.0888366699219
2019-04-26,24.753419876098633,24.107139587402344,24.26401138305664,69.16426086425781,36.8935546875,47.29034423828125,23.360700607299805,78.93223571777344,56.6257438659668,264.31390380859375
2019-04-29,24.705713272094727,24.085302352905273,24.509279251098633,69.32484436035156,36.9029541015625,47.34844207763672,23.2239990234375,78.79034423828125,56.428672790527344,264.7283935546875
2019-04-30,24.918241500854492,24.067096710205078,24.5443172454834,69.60143280029297,36.9640007019043,47.89621353149414,23.605966567993164,79.15391540527344,56.34419631958008,264.86346435546875
2019-05-01,24.4671573638916,23.58655548095703,24.342844009399414,69.14641571044922,36.87008285522461,47.306949615478516,23.364727020263672,79.01203918457031,55.65907287597656,262.8726501464844
2019-05-02,24.341371536254883,23.17518424987793,24.369125366210938,69.11073303222656,36.67753219604492,47.29034423828125,23.312454223632812,79.3490219116211,55.7013053894043,262.3051452636719
2019-05-03,24.579927444458008,23.38996696472168,24.58811378479004,69.94940948486328,37.02505111694336,47.64722442626953,23.441118240356445,79.9520263671875,56.3582649230957,264.8724365234375
2019-05-06,24.22859764099121,23.411813735961914,24.421680450439453,69.28025817871094,36.738590240478516,47.572532653808594,23.312454223632812,80.35994720458984,56.015716552734375,263.782470703125
2019-05-07,23.803539276123047,23.20794677734375,24.01874542236328,67.87947845458984,35.949615478515625,47.09946823120117,23.240079879760742,78.81694793701172,55.16633987426758,259.37738037109375
2019-05-08,23.78185272216797,23.20794677734375,23.966188430786133,67.87947845458984,35.907352447509766,47.09115982055664,22.922433853149414,78.9854507446289,55.185115814208984,259.0170593261719
2019-05-09,23.595338821411133,23.20794677734375,23.913631439208984,67.78131866455078,35.66315460205078,46.99156188964844,22.894296646118164,78.81694793701172,54.95988082885742,258.2333679199219
2019-05-10,23.91630744934082,23.317161560058594,24.071300506591797,68.04898071289062,35.775856018066406,47.564231872558594,23.304410934448242,78.84357452392578,55.039642333984375,259.53057861328125
2019-05-13,23.378477096557617,22.916711807250977,23.37053108215332,66.11289978027344,34.428043365478516,47.116050720214844,23.553693771362305,77.36264038085938,53.40192413330078,253.0084686279297
2019-05-14,23.577993392944336,23.197019577026367,23.554487228393555,66.79991149902344,34.9821891784668,47.34015655517578,23.396886825561523,77.75281524658203,53.94157409667969,255.29656982421875
2019-05-15,23.517269134521484,23.317161560058594,23.466890335083008,66.8891372680664,35.36259841918945,47.713619232177734,23.356685638427734,77.98338317871094,54.3076057434082,256.7919616699219
2019-05-16,23.846914291381836,23.4445743560791,23.70339584350586,67.50474548339844,35.68663024902344,48.087093353271484,23.513492584228516,78.59525299072266,54.80970764160156,259.170166015625
2019-05-17,23.703779220581055,23.20794677734375,23.545726776123047,66.75527954101562,35.4001579284668,47.929405212402344,23.63411521911621,78.42677307128906,54.39207077026367,257.49468994140625
2019-05-20,23.365463256835938,23.218870162963867,23.572004318237305,66.58574676513672,34.784950256347656,47.81321334838867,23.666284561157227,78.39128875732422,54.00727462768555,255.7921142578125
2019-05-21,23.725460052490234,23.488262176513672,23.817270278930664,67.37091827392578,35.21230697631836,47.713619232177734,23.710514068603516,79.12734985351562,54.38268280029297,258.0982360839844
2019-05-22,23.56064224243164,23.124216079711914,23.677120208740234,66.81771850585938,35.02915954589844,47.929405212402344,23.887422561645508,79.57958221435547,53.82426834106445,257.3054504394531
2019-05-23,23.200639724731445,22.348798751831055,23.344247817993164,65.80059814453125,34.413944244384766,47.912811279296875,24.09248161315918,79.30467224121094,53.15790557861328,254.16159057617188
2019-05-24,23.330766677856445,22.432527542114258,23.528209686279297,65.82738494873047,34.42333984375,47.73851776123047,24.056291580200195,79.4199447631836,53.228302001953125,254.73812866210938
2019-05-28,23.096546173095703,22.199539184570312,23.25665855407715,65.22067260742188,34.32472229003906,46.9583740234375,23.662260055541992,78.28488159179688,52.87635803222656,252.36895751953125
2019-05-29,23.10088539123535,22.05756378173828,23.212860107421875,64.92623138427734,34.12278747558594,46.618080139160156,23.348642349243164,77.53112030029297,52.40709686279297,250.67529296875
2019-05-30,23.139909744262695,21.777244567871094,23.134021759033203,65.17605590820312,34.33411407470703,46.81727600097656,23.312454223632812,77.956787109375,52.74965286254883,251.35995483398438
2019-05-31,22.879680633544922,21.394994735717773,22.78364372253418,64.28385162353516,33.76116180419922,46.153324127197266,23.42101287841797,77.39810180664062,52.059844970703125,247.97283935546875
2019-06-03,23.599681854248047,21.668033599853516,22.93255615234375,64.7210464477539,33.1694450378418,46.73428726196289,23.654224395751953,77.58434295654297,51.6234245300293,247.34226989746094
2019-06-04,24.263303756713867,22.042999267578125,23.554487228393555,66.26455688476562,34.277748107910156,47.157554626464844,23.67432403564453,78.87014770507812,53.02183151245117,252.71116638183594
2019-06-05,24.441131591796875,21.799089431762695,23.70339584350586,66.90696716308594,34.723899841308594,47.697021484375,24.180944442749023,79.46427917480469,53.28461456298828,254.9001922607422
2019-06-06,24.73173713684082,22.203182220458984,23.790990829467773,67.02297973632812,35.127769470214844,48.19499588012695,24.3297061920166,79.87222290039062,53.556785583496094,256.5577087402344
2019-06-07,24.95294189453125,22.305110931396484,23.755952835083008,67.55825805664062,35.78055191040039,48.65975570678711,24.14877700805664,80.70575714111328,54.3310661315918,259.1252136230469
2019-06-10,24.996313095092773,22.370637893676758,23.957422256469727,67.64749145507812,36.1468620300293,48.676353454589844,23.983924865722656,80.9452133178711,54.79093551635742,260.3143310546875
2019-06-11,24.97896957397461,22.41432762145996,23.966188430786133,67.06757354736328,36.1468620300293,48.834049224853516,23.839174270629883,80.81219482421875,55.00210952758789,260.2511291503906
2019-06-12,25.061372756958008,22.09760856628418,23.729671478271484,67.21031188964844,35.94492721557617,48.90875244140625,24.14877700805664,81.2023696899414,54.988033294677734,259.7917175292969
2019-06-13,25.20884895324707,22.356075286865234,23.80851173400879,67.54935455322266,36.05292892456055,49.016632080078125,24.197021484375,81.1048355102539,55.48075485229492,260.8636474609375
2019-06-14,25.10041046142578,22.21045684814453,23.86107063293457,67.28170013427734,35.73828887939453,49.041534423828125,24.450334548950195,80.9186019897461,55.602760314941406,260.5755310058594
2019-06-17,24.87053108215332,22.396121978759766,23.642078399658203,67.04969787597656,35.76646041870117,48.90044403076172,24.38197898864746,81.2822036743164,55.62623596191406,260.67462158203125
2019-06-18,25.06571388244629,22.70556640625,23.957422256469727,68.35234069824219,36.41453552246094,48.63486099243164,24.28145980834961,81.97389221191406,56.04856491088867,263.4040832519531
2019-06-19,24.926916122436523,22.680078506469727,23.913631439208984,68.29881286621094,36.546043395996094,48.834049224853516,24.46641731262207,82.70989990234375,56.151798248291016,263.9986267089844
2019-06-20,25.243549346923828,23.18246078491211,24.01874542236328,69.44084167480469,37.08140182495117,49.2656135559082,24.623228073120117,83.073486328125,56.54128646850586,266.52099609375
2019-06-21,25.16326332092285,23.349979400634766,23.965036392211914,69.07075500488281,36.906089782714844,49.10589599609375,24.718469619750977,83.47246551513672,56.27948760986328,266.1335754394531
2019-06-24,25.259260177612305,23.140583038330078,23.86819076538086,68.93634033203125,36.97678756713867,49.23133850097656,24.72657585144043,83.03607940673828,55.978111267089844,265.8077392578125
2019-06-25,25.27234649658203,22.956899642944336,23.788951873779297,68.41659545898438,36.298133850097656,49.20624923706055,24.576616287231445,82.69767761230469,55.441307067871094,263.2006530761719
2019-06-26,25.22871208190918,23.309579849243164,23.744932174682617,68.5868911743164,36.689292907714844,48.5037727355957,24.041643142700195,81.65572357177734,55.6202507019043,262.93817138671875
2019-06-27,25.311620712280273,23.136911392211914,23.956235885620117,68.64957427978516,36.78356170654297,48.59576416015625,24.07406234741211,82.22566986083984,55.96868896484375,263.8705749511719
2019-06-28,25.525415420532227,23.405088424682617,24.29960060119629,69.37543487548828,36.77884292602539,48.562320709228516,24.167272567749023,82.50174713134766,56.1287956237793,265.2283630371094
2019-07-01,25.721769332885742,23.42713737487793,24.590137481689453,69.43815612792969,37.36323928833008,48.855003356933594,24.106483459472656,82.911376953125,56.62322235107422,267.63629150390625
2019-07-02,25.695587158203125,23.05241584777832,24.528505325317383,69.3485336303711,37.46220397949219,49.281517028808594,24.434768676757812,83.35667419433594,56.745643615722656,268.33331298828125
2019-07-03,25.826486587524414,23.144262313842773,24.722198486328125,69.73387145996094,37.74968719482422,49.891998291015625,24.604990005493164,84.06914520263672,57.24006271362305,270.4786071777344
2019-07-05,25.70867919921875,23.17732048034668,24.792633056640625,69.4560775756836,37.678985595703125,49.674560546875,24.59282875061035,83.49027252197266,57.30599594116211,270.17083740234375
2019-07-08,25.411977767944336,23.21038246154785,24.66937255859375,68.88258361816406,37.39149856567383,49.7414665222168,24.629304885864258,82.86686706542969,57.37663269042969,268.686279296875
2019-07-09,25.16326332092285,23.2287540435791,24.713394165039062,68.73023986816406,37.523475646972656,49.448760986328125,24.661725997924805,82.947021484375,57.43784713745117,269.021240234375
2019-07-10,25.110902786254883,23.52632713317871,24.625354766845703,68.56895446777344,37.82038497924805,49.76654052734375,24.718469619750977,83.23200988769531,57.6450309753418,270.306640625
2019-07-11,25.219987869262695,23.574081420898438,24.76622200012207,69.034912109375,37.96176528930664,49.891998291015625,24.72657585144043,83.24982452392578,57.762733459472656,270.9402770996094
2019-07-12,25.46869468688965,23.67327117919922,24.933496475219727,70.24464416503906,38.23982238769531,50.034149169921875,24.5644588470459,82.32363891601562,58.42668151855469,272.1532287597656
2019-07-15,25.486146926879883,23.460195541381836,24.792633056640625,69.95790100097656,38.3670654296875,50.1512336730957,24.661725997924805,82.50174713134766,58.61503601074219,272.2437744140625
2019-07-16,25.5472354888916,23.21038246154785,24.731006622314453,70.40594482421875,38.00889205932617,50.167964935302734,24.519872665405273,82.09207916259766,58.539695739746094,271.3656921386719
2019-07-17,25.320341110229492,22.945877075195312,24.519704818725586,68.90049743652344,37.909912109375,50.10941696166992,24.61309242248535,82.10989379882812,57.979347229003906,269.5190124511719
2019-07-18,25.429426193237305,22.949554443359375,24.704591751098633,69.02595520019531,38.192691802978516,50.44392395019531,24.827892303466797,82.572998046875,57.90400695800781,270.5057678222656
2019-07-19,25.486146926879883,23.05609130859375,24.598936080932617,69.40229797363281,38.027740478515625,50.12615203857422,24.467191696166992,81.71805572509766,57.52259826660156,269.003173828125
2019-07-22,25.420698165893555,23.16262435913086,24.65176010131836,69.4560775756836,38.46603775024414,49.833438873291016,24.414501190185547,81.548828125,57.555564880371094,269.6639404296875
2019-07-23,25.944297790527344,23.225080490112305,24.907093048095703,70.3342514038086,38.67811584472656,50.19304656982422,24.260496139526367,82.05644989013672,57.946388244628906,271.592041015625
2019-07-24,25.926841735839844,23.324268341064453,25.162410736083984,70.63893127441406,38.99858474731445,49.85853576660156,24.2807559967041,82.10099792480469,58.23833465576172,272.868408203125
2019-07-25,25.73922348022461,23.059764862060547,24.986330032348633,70.49553680419922,38.83835220336914,49.92543411254883,24.219970703125,81.70022583007812,57.91342544555664,271.5648193359375
2019-07-26,25.76976203918457,22.942209243774414,25.25925636291504,70.34322357177734,38.92318344116211,50.48573684692383,24.309127807617188,81.99411010742188,58.177120208740234,273.38433837890625
2019-07-29,25.682498931884766,22.85036277770996,25.06555938720703,70.2177734375,38.89962387084961,50.57773208618164,24.434768676757812,82.33251953125,57.89459228515625,272.8865051269531
2019-07-30,25.852664947509766,23.107519149780273,24.99513053894043,70.52240753173828,38.649837493896484,50.72826385498047,24.248332977294922,81.97632598876953,57.50377655029297,272.2166442871094
2019-07-31,25.455602645874023,23.03404998779297,24.871870040893555,69.73387145996094,38.06543731689453,49.69966125488281,24.134851455688477,81.16590881347656,56.84453582763672,269.2385559082031
2019-08-01,25.311620712280273,22.512380599975586,24.30840492248535,68.38078308105469,37.87222671508789,49.52403259277344,24.382076263427734,81.27278137207031,56.07228469848633,266.8939208984375
2019-08-02,25.014907836914062,22.18910026550293,24.29960060119629,67.94168090820312,37.254844665527344,49.53239822387695,24.378026962280273,81.08575439453125,55.610816955566406,264.8843994140625
2019-08-05,24.543672561645508,21.527830123901367,23.48961067199707,66.05986785888672,35.699615478515625,48.24452590942383,24.02947998046875,79.17996215820312,54.11813735961914,256.91845703125
2019-08-06,24.574214935302734,21.502120971679688,23.86819076538086,67.05453491210938,36.293434143066406,48.679386138916016,24.329397201538086,80.20410919189453,54.94218063354492,260.52130126953125
2019-08-07,24.91455078125,21.340473175048828,23.55123519897461,67.01871490478516,36.5196418762207,49.24805450439453,24.390186309814453,80.23078918457031,55.16349411010742,260.67510986328125
2019-08-08,25.390151977539062,21.95398712158203,24.0002498626709,68.15673065185547,37.41507339477539,49.883628845214844,24.641462326049805,81.29948425292969,56.22767639160156,265.7897033691406
2019-08-09,25.18944549560547,21.711517333984375,23.921018600463867,67.58323669433594,36.99092102050781,49.6076545715332,24.66983413696289,81.39744567871094,55.700294494628906,263.9792175292969
2019-08-12,24.7967472076416,21.454360961914062,23.463193893432617,66.65131378173828,36.505496978759766,49.27314758300781,24.621196746826172,80.6048583984375,54.890384674072266,260.7656555175781
2019-08-13,25.062908172607422,21.652740478515625,23.753734588623047,67.44882202148438,37.419795989990234,49.833438873291016,24.63741111755371,81.65572357177734,55.79446792602539,264.8210144042969
2019-08-14,24.268781661987305,20.804115295410156,22.873313903808594,65.3878402709961,36.26986312866211,49.04734802246094,24.434768676757812,79.38477325439453,54.04750061035156,256.9909362792969
2019-08-15,24.277507781982422,20.675537109375,22.98776626586914,65.31612396240234,36.20387649536133,49.783267974853516,24.75088882446289,79.6608657836914,53.95804214477539,257.6697692871094
2019-08-16,24.705114364624023,20.9473934173584,23.39276695251465,66.57962036132812,36.89196014404297,50.35193634033203,24.87653350830078,80.64047241210938,54.57018280029297,261.47174072265625
2019-08-19,24.901464462280273,21.410274505615234,23.630474090576172,67.20689392089844,37.45277404785156,50.853702545166016,25.034595489501953,81.41526794433594,55.25767135620117,264.6219177246094
2019-08-20,24.609119415283203,21.230260848999023,23.313522338867188,66.81259155273438,37.264259338378906,50.3017578125,24.994068145751953,80.72061920166016,55.271793365478516,262.59423828125
2019-08-21,24.735658645629883,21.366191864013672,23.41917610168457,67.22480010986328,37.70255661010742,50.43556594848633,25.16023063659668,81.31729888916016,56.33599090576172,264.7305603027344
2019-08-22,24.56985092163086,21.270675659179688,23.577653884887695,67.32337951660156,37.613014221191406,50.70317459106445,25.184547424316406,80.91654205322266,56.350101470947266,264.6490478515625
2019-08-23,23.9764404296875,20.557979583740234,22.978967666625977,65.5222396850586,36.36882781982422,49.85853576660156,24.91706085205078,79.0463638305664,54.85271072387695,257.85089111328125
2019-08-26,24.05497932434082,20.646146774291992,23.199066162109375,66.0061264038086,36.87310791015625,50.47738265991211,25.204814910888672,79.87460327148438,55.394229888916016,260.7022705078125
2019-08-27,24.07243537902832,20.51756477355957,23.05820655822754,65.66561126708984,36.81654739379883,50.33522033691406,25.2493953704834,79.40259552001953,55.12110900878906,259.67938232421875
2019-08-28,24.26005744934082,20.811466217041016,23.26950454711914,66.47209167480469,36.84954071044922,50.82025909423828,25.18049430847168,79.98146057128906,55.80858612060547,261.5079650878906
2019-08-29,24.56985092163086,21.116378784179688,23.621671676635742,67.61009979248047,37.490474700927734,50.84534454345703,25.354772567749023,80.58705139160156,56.64677429199219,264.8481140136719
2019-08-30,24.735658645629883,21.116378784179688,23.70090675354004,67.88790893554688,37.48106002807617,50.7784309387207,25.36287498474121,80.68499755859375,56.30773162841797,264.7305603027344
2019-09-03,24.539306640625,21.013517379760742,23.454397201538086,66.96492004394531,37.0239143371582,51.07113265991211,25.8127384185791,80.2129898071289,56.07699966430664,263.18255615234375
2019-09-04,24.84037971496582,21.307411193847656,23.683303833007812,67.81620788574219,37.65544891357422,51.53107452392578,25.83706283569336,80.26644897460938,56.63264465332031,266.1698303222656
2019-09-05,24.8796443939209,21.571916580200195,24.167530059814453,69.034912109375,38.44247817993164,51.21330261230469,25.557415008544922,81.05903625488281,57.715660095214844,269.5914611816406
2019-09-06,24.975637435913086,21.685800552368164,24.15873146057129,69.17828369140625,38.40947723388672,51.38055419921875,25.45608901977539,81.28167724609375,57.85693359375,269.7997131347656
2019-09-09,24.84473991394043,22.119295120239258,24.528505325317383,69.38439178466797,38.12200164794922,51.26347732543945,25.3304500579834,80.53359985351562,58.07823944091797,269.935546875
2019-09-10,25.089088439941406,22.380130767822266,24.616544723510742,70.0206069946289,37.92877197265625,50.94569396972656,25.36287498474121,80.76517486572266,57.84749984741211,269.8721618652344
2019-09-11,25.329069137573242,22.402172088623047,24.757413864135742,70.67474365234375,38.32465362548828,51.129669189453125,25.614152908325195,81.56668090820312,57.955806732177734,271.7911376953125
2019-09-12,25.525415420532227,22.2625675201416,24.889480590820312,70.71955871582031,38.532020568847656,51.33873748779297,25.67089080810547,81.53990173339844,58.23363494873047,272.7326354980469
2019-09-13,25.804670333862305,22.43890953063965,25.083168029785156,71.1048812866211,38.24924850463867,51.046043395996094,25.50877571105957,81.49539947509766,58.11591339111328,272.5515441894531
2019-09-16,25.381425857543945,23.192014694213867,24.99513053894043,71.04214477539062,38.154991149902344,50.55264663696289,25.529037475585938,81.31729888916016,57.37192153930664,271.709716796875
2019-09-17,25.586505889892578,22.86873435974121,25.021543502807617,71.00633239746094,38.31051254272461,50.8286247253418,25.751953125,81.44196319580078,57.720367431640625,272.3976745605469
2019-09-18,25.599594116210938,22.75852394104004,25.109582901000977,70.8987808227539,38.305789947509766,50.9122428894043,25.861377716064453,81.43306732177734,57.69211196899414,272.5605773925781
2019-09-19,25.64322853088379,22.69974136352539,24.99513053894043,70.54034423828125,38.390625,50.90387725830078,25.982961654663086,81.81602478027344,57.5367317199707,272.54254150390625
2019-09-20,25.583585739135742,22.71827507019043,24.848234176635742,70.09442901611328,37.94294357299805,50.74237060546875,26.085886001586914,82.27207946777344,56.87720489501953,271.2547607421875
2019-09-23,25.52219581604004,22.725690841674805,24.892478942871094,69.95931243896484,38.06112289428711,50.94425582885742,26.089967727661133,81.83390045166016,57.075626373291016,271.191162109375
2019-09-24,25.302934646606445,22.366086959838867,24.653560638427734,69.56295013427734,37.69237518310547,51.15456008911133,26.396286010742188,81.08271026611328,56.4661750793457,269.06317138671875
2019-09-25,25.434490203857422,22.403160095214844,24.857086181640625,70.01335906982422,38.14149475097656,51.18821334838867,26.379953384399414,80.68923950195312,56.98112869262695,270.65447998046875
2019-09-26,25.37748146057129,22.110279083251953,24.742042541503906,70.1124496459961,38.18403625488281,51.47423553466797,26.518815994262695,80.24212646484375,56.7354621887207,270.0907897949219
2019-09-27,25.307313919067383,22.106578826904297,24.839385986328125,69.83320617675781,37.673465728759766,51.41533279418945,26.424882888793945,79.88442993164062,56.53702926635742,268.6357116699219
2019-09-30,25.52219581604004,21.94715690612793,24.777442932128906,69.9322738647461,38.070579528808594,51.667694091796875,26.44120979309082,80.59980773925781,57.02364730834961,269.8816223144531
2019-10-01,24.921411514282227,21.43926429748535,24.255346298217773,68.25672149658203,37.71601486206055,51.533111572265625,26.379953384399414,79.81285858154297,56.54648208618164,266.67144775390625
2019-10-02,24.47411346435547,20.912826538085938,23.75979995727539,66.96852111816406,37.006893157958984,50.49839782714844,26.02870750427246,78.65032958984375,55.53074645996094,261.9607849121094
2019-10-03,24.561824798583984,21.138975143432617,23.85713768005371,67.409912109375,37.460723876953125,50.85172653198242,26.089967727661133,79.35678100585938,55.80002212524414,264.10693359375
2019-10-04,24.693376541137695,21.27243423461914,24.299592971801758,68.11258697509766,38.08003616333008,51.650882720947266,26.45346450805664,80.59980773925781,56.32443618774414,267.680908203125
2019-10-07,24.605676651000977,21.08336067199707,24.175704956054688,67.77024841308594,37.91930389404297,51.23026657104492,26.35135841369629,80.33155059814453,56.078773498535156,266.5259094238281
2019-10-08,24.175922393798828,20.7237606048584,23.697853088378906,66.72527313232422,37.2243537902832,50.74237060546875,26.106304168701172,78.8023452758789,55.488216400146484,262.3882141113281
2019-10-09,24.447805404663086,20.912826538085938,23.91908073425293,67.29283142089844,37.77747344970703,51.129329681396484,26.232919692993164,79.37467956542969,55.960655212402344,264.8800048828125
2019-10-10,24.67145538330078,21.176042556762695,24.16685676574707,67.9053726196289,38.0374870300293,51.23026657104492,26.20432472229004,79.76812744140625,56.333892822265625,266.67144775390625
2019-10-11,25.14944839477539,21.461503982543945,24.467723846435547,69.18458557128906,38.56224060058594,51.17980194091797,26.106304168701172,80.42987823486328,56.97168731689453,269.43603515625
2019-10-14,24.969648361206055,21.45038604736328,24.503122329711914,69.04945373535156,38.538597106933594,50.92744064331055,25.938858032226562,80.39413452148438,56.94333267211914,269.1359558105469
2019-10-15,25.145061492919922,21.53936195373535,24.857086181640625,69.60797882080078,38.96406936645508,50.70871353149414,25.85717010498047,81.86074829101562,57.444129943847656,271.8004455566406
2019-10-16,25.19768714904785,21.239063262939453,24.795141220092773,69.57193756103516,38.69460678100586,50.75918960571289,25.914352416992188,81.75341033935547,57.680355072021484,271.3639831542969
2019-10-17,25.26346778869629,21.2539005279541,24.812837600708008,69.9142837524414,38.618961334228516,50.99473190307617,25.979698181152344,82.36151885986328,57.83153533935547,272.16412353515625
2019-10-18,25.219608306884766,21.14267921447754,24.87478256225586,69.31067657470703,38.25022506713867,51.095664978027344,26.065467834472656,82.0574722290039,57.7181396484375,270.9729309082031
2019-10-21,25.140676498413086,21.52082633972168,25.219900131225586,69.7250747680664,38.66150665283203,51.26392364501953,26.16756820678711,81.96804809570312,57.921295166015625,272.8099060058594
2019-10-22,25.035432815551758,21.798870086669922,25.14910316467285,70.27460479736328,38.14149475097656,51.280738830566406,26.27784538269043,82.14688110351562,57.552791595458984,271.918701171875
2019-10-23,25.19330406188965,21.98052978515625,25.25529670715332,70.26557922363281,38.174583435058594,51.51628494262695,26.384031295776367,82.65662384033203,57.28822326660156,272.7098083496094
2019-10-24,25.272233963012695,21.887849807739258,25.219900131225586,70.36470031738281,38.732425689697266,51.69293975830078,26.47388458251953,82.2363052368164,57.25987243652344,273.1554260253906
2019-10-25,25.548505783081055,22.0657958984375,25.343780517578125,70.80610656738281,39.2004508972168,51.390098571777344,26.20432472229004,82.32573699951172,57.19373321533203,274.27398681640625
2019-10-28,25.627439498901367,21.939746856689453,25.476518630981445,71.00428771972656,39.69683837890625,51.289154052734375,25.844919204711914,83.17529296875,57.373268127441406,275.8199768066406
2019-10-29,25.78530502319336,22.028722763061523,25.53846549987793,71.23851776123047,39.337547302246094,51.289154052734375,25.869422912597656,84.35572814941406,57.047271728515625,275.73809814453125
2019-10-30,25.807233810424805,21.580142974853516,25.52076530456543,71.49073791503906,39.57865524291992,51.52470397949219,26.09813690185547,84.82966613769531,57.40160369873047,276.5838928222656
2019-10-31,25.517807006835938,21.487455368041992,25.396881103515625,70.72502899169922,39.55500793457031,51.44899368286133,26.241085052490234,84.73130798339844,57.094520568847656,275.84716796875
2019-11-01,25.87740135192871,21.976818084716797,25.76854133605957,72.26545715332031,40.02776336669922,51.440574645996094,26.17574119567871,84.83861541748047,57.47247314453125,278.4026794433594
2019-11-04,26.079120635986328,22.69232749938965,25.989768981933594,73.10323333740234,40.23577880859375,50.94425582885742,25.840829849243164,84.57928466796875,57.50081253051758,279.5212097167969
2019-11-05,26.122976303100586,22.721981048583984,26.087108612060547,73.25636291503906,40.188499450683594,51.11249542236328,25.57535743713379,83.98014831542969,57.58586502075195,279.2120666503906
2019-11-06,26.105432510375977,22.258575439453125,26.2198429107666,73.3014144897461,40.16958236694336,51.32279968261719,25.67337989807129,84.26628112792969,57.647274017333984,279.27569580078125
2019-11-07,26.280847549438477,22.592227935791016,26.41452407836914,73.55365753173828,40.486324310302734,51.146156311035156,25.326223373413086,84.45410919189453,57.30238723754883,280.25787353515625
2019-11-08,26.386089324951172,22.49954605102539,26.40567398071289,73.65276336669922,40.71324920654297,51.11249542236328,25.22003173828125,85.07113647460938,57.326011657714844,280.9489440917969
2019-11-11,26.346628189086914,22.373497009277344,26.334882736206055,73.68877410888672,40.73217010498047,51.03678512573242,25.064836502075195,84.72236633300781,57.20790481567383,280.4123840332031
2019-11-12,26.482566833496094,22.258575439453125,26.370277404785156,73.67977905273438,40.869258880615234,51.205039978027344,25.1260929107666,85.2320785522461,57.170108795166016,281.0035705566406
2019-11-13,26.329084396362305,22.162181854248047,26.202146530151367,73.37349700927734,40.95907974243164,51.59199523925781,25.497760772705078,85.33045959472656,56.990570068359375,281.0945129394531
2019-11-14,26.4913330078125,22.10286521911621,26.25524139404297,73.60769653320312,40.911808013916016,51.575164794921875,25.58761215209961,85.33940124511719,57.23624801635742,281.5037536621094
2019-11-15,26.469409942626953,22.27340316772461,26.32603645324707,74.14820098876953,41.242733001708984,51.59199523925781,25.66929817199707,87.15474700927734,57.34018325805664,283.540771484375
2019-11-18,26.40363121032715,22.002771377563477,26.37912368774414,73.86894989013672,41.36565017700195,51.861183166503906,25.722389221191406,86.85965728759766,57.53860855102539,283.7499084472656
2019-11-19,26.346628189086914,21.67652702331543,26.432226181030273,73.8058853149414,41.44601821899414,51.793880462646484,25.657045364379883,87.4498519897461,56.90553665161133,283.6680603027344
2019-11-20,26.01772689819336,21.895263671875,26.308330535888672,73.2203369140625,41.19545364379883,51.91166305541992,25.812246322631836,87.3336181640625,56.773258209228516,282.6131896972656
2019-11-21,25.973876953125,22.254863739013672,26.281787872314453,73.19332122802734,40.9874382019043,51.650882720947266,25.722389221191406,87.55715942382812,56.452003479003906,282.158447265625
2019-11-22,26.01772689819336,22.18071937561035,26.476465225219727,73.57167053222656,40.93545150756836,51.5667610168457,25.730560302734375,87.8701400756836,56.83938980102539,282.7859802246094
2019-11-25,26.18875503540039,22.202964782714844,26.64459991455078,74.1031723022461,41.5311164855957,51.625648498535156,25.64478874206543,88.8985595703125,57.34018325805664,284.9775390625
2019-11-26,26.320308685302734,21.999059677124023,26.618053436279297,74.31938171386719,41.56893539428711,52.0462532043457,25.730560302734375,88.82701873779297,57.7322998046875,285.623291015625
2019-11-27,26.425556182861328,22.054670333862305,26.7242374420166,74.24732208251953,41.80057144165039,52.17243194580078,25.775482177734375,89.28309631347656,58.22838592529297,286.89642333984375
2019-11-29,26.329084396362305,21.83223533630371,26.679996490478516,73.90497589111328,41.67766189575195,52.15561294555664,25.750980377197266,88.97010040283203,57.850425720214844,285.8324279785156
2019-12-02,26.06596565246582,21.83223533630371,26.511869430541992,72.68885803222656,41.082000732421875,52.27337646484375,25.58353042602539,88.57664489746094,57.373268127441406,283.40435791015625
2019-12-03,25.89932632446289,21.505990982055664,26.140201568603516,71.89611053466797,40.71797561645508,52.18925857543945,25.6529598236084,88.3798828125,56.79688262939453,281.5037536621094
2019-12-04,25.956335067749023,21.828533172607422,26.387971878051758,72.17538452148438,40.883445739746094,52.53416061401367,25.849002838134766,89.20260620117188,57.1134147644043,283.24053955078125
2019-12-05,26.087890625,21.724720001220703,26.511869430541992,72.1933822631836,41.034732818603516,52.5173454284668,25.893932342529297,89.20260620117188,57.05672073364258,283.7499084472656
2019-12-06,26.355396270751953,22.139938354492188,26.865827560424805,73.06719970703125,41.48855972290039,52.71923828125,25.816326141357422,89.79283142089844,57.51499938964844,286.34173583984375
2019-12-09,26.302770614624023,22.113994598388672,26.80388641357422,72.78792572021484,41.27110290527344,52.761287689208984,25.726478576660156,89.1668472290039,57.58586502075195,285.4413757324219
2019-12-10,26.14490509033203,22.158475875854492,26.81273651123047,72.69786071777344,41.304195404052734,52.593048095703125,25.722389221191406,89.36358642578125,57.48664855957031,285.1231689453125
2019-12-11,26.34223747253418,22.121402740478516,26.750791549682617,73.15729522705078,41.58311080932617,52.668758392333984,25.791824340820312,89.44408416748047,57.63310623168945,285.9324645996094
2019-12-12,26.710596084594727,22.529203414916992,27.272884368896484,73.8058853149414,42.02750015258789,52.6266975402832,25.68154525756836,90.27571105957031,58.138607025146484,288.3969421386719
2019-12-13,26.504491806030273,22.358675003051758,27.175539016723633,73.60769653320312,42.30641174316406,52.81175231933594,25.881675720214844,90.213134765625,58.19058609008789,288.5697326660156
2019-12-16,26.61850357055664,22.658958435058594,27.272884368896484,73.57167053222656,42.68463134765625,52.99683380126953,26.20432472229004,91.18785095214844,58.44569778442383,290.5521545410156
2019-12-17,26.657974243164062,22.673791885375977,27.379074096679688,73.4996109008789,42.58534622192383,52.9127082824707,26.290096282958984,91.08950805664062,58.705543518066406,290.6158447265625
2019-12-18,26.622896194458008,22.75905990600586,27.264039993286133,73.19332122802734,42.58060836791992,52.828582763671875,26.396286010742188,91.2146987915039,58.76222229003906,290.634033203125
2019-12-19,26.714982986450195,22.751638412475586,27.255186080932617,73.39151000976562,42.88790512084961,53.11460876464844,26.404455184936523,91.5724105834961,58.94648361206055,291.8253479003906
2019-12-20,26.844619750976562,22.969886779785156,27.287208557128906,73.72918701171875,43.13691329956055,53.51576232910156,26.585975646972656,92.2207260131836,59.03654861450195,293.10479736328125
2019-12-23,26.919580459594727,23.205726623535156,27.224945068359375,74.33575439453125,43.260215759277344,53.286773681640625,26.33901023864746,92.58892059326172,58.89909362792969,293.55255126953125
2019-12-24,26.950448989868164,23.19449806213379,27.287208557128906,74.03699493408203,43.27445983886719,53.35462188720703,26.376056671142578,92.47216033935547,59.03181457519531,293.561767578125
2019-12-26,27.069503784179688,23.18700408935547,27.43840980529785,74.20901489257812,43.59697341918945,53.40549850463867,26.42133331298828,92.40931701660156,59.752288818359375,295.1244201660156
2019-12-27,26.968082427978516,23.089677810668945,27.367252349853516,74.14562225341797,43.59223175048828,53.64296340942383,26.49953842163086,92.43624114990234,59.7475471496582,295.05126953125
2019-12-30,26.884307861328125,23.016807556152344,27.287208557128906,73.80162048339844,43.340850830078125,53.363101959228516,26.495424270629883,91.88130187988281,59.363609313964844,293.4246826171875
2019-12-31,27.082731246948242,23.14789390563965,27.37615394592285,73.75636291503906,43.478389739990234,53.41398239135742,26.598331451416016,92.06206512451172,59.44892501831055,294.1374206542969
2020-01-02,26.76525115966797,23.35608673095703,27.642969131469727,75.15055084228516,44.294185638427734,52.98991775512695,26.26491928100586,92.30610656738281,60.155189514160156,296.8882141113281
2020-01-03,26.3331298828125,23.286691665649414,27.349468231201172,75.00568389892578,43.796173095703125,52.90512466430664,26.318429946899414,91.501708984375,59.64326477050781,294.6400451660156
2020-01-06,26.21847915649414,23.467891693115234,27.331674575805664,75.0328598022461,43.90052032470703,53.0153694152832,26.343128204345703,92.07109832763672,59.809165954589844,295.7641296386719
2020-01-07,26.1876163482666,23.406206130981445,27.153797149658203,74.87892150878906,43.88153839111328,52.60828399658203,26.306079864501953,91.89033508300781,59.71437072753906,294.93255615234375
2020-01-08,26.28021240234375,23.020668029785156,27.331674575805664,75.13243103027344,44.351097106933594,52.803340911865234,26.293731689453125,92.48686981201172,59.89448928833008,296.50433349609375
2020-01-09,26.377222061157227,23.190305709838867,27.500667572021484,75.44930267333984,44.853843688964844,53.1765251159668,26.43779754638672,92.88452911376953,60.21207809448242,298.5148010253906
2020-01-10,26.271394729614258,23.059219360351562,27.29610252380371,74.91515350341797,44.74949645996094,53.1425895690918,26.507770538330078,92.9116439819336,59.885009765625,297.6557922363281
2020-01-13,26.610925674438477,23.066932678222656,27.48287582397461,75.5307846069336,45.309181213378906,53.49032211303711,26.668302536010742,92.5862808227539,60.074607849121094,299.702880859375
2020-01-14,26.500686645507812,23.070785522460938,27.42951202392578,75.53985595703125,45.09572982788086,53.507286071777344,26.746509552001953,93.14663696289062,60.05564880371094,299.24591064453125
2020-01-15,26.681476593017578,22.901147842407227,27.2783203125,75.65752410888672,45.147911071777344,53.8889274597168,27.121074676513672,93.9510269165039,59.918182373046875,299.92218017578125
2020-01-16,26.840208053588867,22.939701080322266,27.51845359802246,76.40892791748047,45.75499725341797,54.03310012817383,27.28983497619629,94.4390869140625,60.45380401611328,302.4171447753906
2020-01-17,26.959270477294922,22.793193817138672,27.59850311279297,76.41799926757812,46.063297271728516,54.12639236450195,27.479177474975586,94.4390869140625,60.667110443115234,303.35833740234375
2020-01-21,26.668245315551758,22.384525299072266,27.367252349853516,75.5760726928711,46.0443229675293,54.312984466552734,27.730255126953125,94.53851318359375,60.48225402832031,302.7643737792969
2020-01-22,26.562419891357422,22.168621063232422,27.447303771972656,75.17770385742188,46.2103271484375,54.35538101196289,27.816696166992188,94.65599822998047,60.45380401611328,302.80084228515625
2020-01-23,26.53154945373535,22.083799362182617,27.37615394592285,75.99248504638672,46.428497314453125,54.304500579833984,28.06366539001465,94.17698669433594,60.54386901855469,303.1481628417969
2020-01-24,26.34194564819336,21.8293399810791,27.029273986816406,75.6394271850586,46.2103271484375,53.931339263916016,28.137752532958984,92.6043472290039,59.70015335083008,300.45233154296875
2020-01-27,25.773130416870117,21.224035263061523,26.611251831054688,74.20901489257812,45.10996627807617,53.761714935302734,28.067777633666992,91.89938354492188,58.80902862548828,295.63623046875
2020-01-28,26.064151763916016,21.3204288482666,26.922548294067383,74.6888427734375,45.97317886352539,53.829559326171875,28.183027267456055,92.35128784179688,59.382568359375,298.734130859375
2020-01-29,26.147930145263672,21.09681510925293,26.878076553344727,75.08718872070312,46.091758728027344,53.55816650390625,28.25712013244629,92.09819793701172,59.349388122558594,298.4875183105469
2020-01-30,25.984783172607422,21.266450881958008,27.216053009033203,75.16865539550781,46.490142822265625,54.19424819946289,28.520551681518555,91.42940521240234,59.24984359741211,299.4561462402344
2020-01-31,25.41156005859375,20.603321075439453,26.646831512451172,73.4304428100586,45.21431350708008,53.58359909057617,28.392953872680664,89.60369873046875,59.401519775390625,294.01861572265625
2020-02-03,25.945100784301758,20.33344268798828,26.83361053466797,73.40328216552734,45.811912536621094,53.58359909057617,28.483503341674805,90.41714477539062,59.823387145996094,296.2027893066406
2020-02-04,26.40367889404297,20.406696319580078,27.091535568237305,74.78840637207031,47.011871337890625,53.9058952331543,28.199493408203125,92.00785064697266,60.91358947753906,300.7172546386719
2020-02-05,26.89312744140625,21.17392349243164,27.63407325744629,76.0377426147461,47.286964416503906,54.33843231201172,28.314746856689453,93.7793197631836,61.22169876098633,304.1899719238281
2020-02-06,26.879898071289062,20.958019256591797,27.59850311279297,76.28221130371094,47.71857833862305,54.431724548339844,28.322975158691406,93.86062622070312,61.084224700927734,305.2135314941406
2020-02-07,26.49627685546875,20.81151580810547,27.500667572021484,75.72993469238281,47.282230377197266,54.499568939208984,28.232419967651367,93.12855529785156,60.818790435791016,303.58685302734375
2020-02-10,26.48304557800293,20.70741844177246,27.580717086791992,76.15545654296875,47.922523498535156,54.72854995727539,28.339439392089844,93.62566375732422,61.50607681274414,305.85321044921875
2020-02-11,26.628557205200195,20.93874168395996,27.67854881286621,76.44515228271484,47.76126480102539,54.5250129699707,28.44234275817871,94.18601989746094,61.989559173583984,306.38323974609375
2020-02-12,26.77407455444336,21.22018814086914,27.696338653564453,77.16035461425781,48.27824401855469,54.499568939208984,28.46292495727539,94.30350494384766,62.62471389770508,308.35723876953125
2020-02-13,26.677066802978516,21.15464210510254,27.687440872192383,76.7258071899414,48.150184631347656,54.82185745239258,28.77986717224121,93.86062622070312,62.51570129394531,308.02825927734375
2020-02-14,26.681476593017578,21.042837142944336,27.72301483154297,76.62618255615234,48.3588752746582,54.949066162109375,28.973325729370117,93.9329605102539,62.42089080810547,308.52178955078125
2020-02-18,26.61532974243164,20.86934471130371,27.48287582397461,76.1916732788086,48.17864227294922,54.753997802734375,29.216176986694336,93.5985336303711,62.416160583496094,307.7266845703125
2020-02-19,26.685884475708008,21.146934509277344,27.687440872192383,76.16450500488281,48.752525329589844,54.69463348388672,28.89922523498535,94.03236389160156,62.69580841064453,309.197998046875
2020-02-20,26.72998046875,21.123802185058594,27.63407325744629,76.05587005615234,48.24504852294922,54.737030029296875,29.00212860107422,93.42683410644531,62.719512939453125,307.927734375
2020-02-21,26.60651206970215,20.873199462890625,27.367252349853516,75.67560577392578,47.16365432739258,54.8303337097168,28.948623657226562,93.48103332519531,61.76205062866211,304.7566223144531
2020-02-24,25.85691261291504,19.909345626831055,26.477840423583984,73.5209732055664,45.21431350708008,53.56664276123047,28.611108779907227,90.53462982177734,59.63852310180664,294.64923095703125
2020-02-25,24.741323471069336,19.030311584472656,25.579532623291016,70.52434539794922,43.7677116394043,52.59980010986328,28.010154724121094,87.78703308105469,58.04588317871094,285.7206726074219
2020-02-26,24.657541275024414,18.455856323242188,25.39275550842285,69.99021911621094,43.966922760009766,52.302955627441406,27.726144790649414,87.77802276611328,57.58612060546875,284.66973876953125
2020-02-27,23.502267837524414,17.4688720703125,24.307666778564453,67.39196014404297,41.59546661376953,50.17420196533203,26.478960037231445,84.79544830322266,55.258785247802734,271.8847961425781
2020-02-28,23.24652862548828,17.453449249267578,23.649503707885742,66.16072845458984,41.91323471069336,49.181915283203125,25.5939884185791,83.70182037353516,54.903289794921875,270.74237060546875
2020-03-02,24.243057250976562,18.158992767333984,24.859107971191406,68.48738098144531,44.336875915527344,51.81105041503906,27.100486755371094,87.62438201904297,56.78978729248047,282.4673767089844
2020-03-03,24.031404495239258,17.60381317138672,23.925220489501953,66.81254577636719,42.65312194824219,51.107120513916016,26.767086029052734,85.44618225097656,55.415199279785156,274.3796691894531
2020-03-04,25.027936935424805,18.02019500732422,24.7168025970459,69.57374572753906,44.4838981628418,53.617530822753906,28.285934448242188,90.37191772460938,57.33015060424805,285.91265869140625
2020-03-05,24.234233856201172,17.36092185974121,23.524986267089844,66.16976165771484,43.07999038696289,52.60828399658203,27.849624633789062,88.27509307861328,55.19241714477539,276.40838623046875
2020-03-06,23.60369110107422,16.385499954223633,22.72451400756836,65.59036254882812,42.16935729980469,52.19272232055664,27.62323760986328,87.80512237548828,54.34396743774414,271.8390808105469
2020-03-09,21.394563674926758,13.0852689743042,20.28752326965332,59.542842864990234,38.96787643432617,49.91977310180664,26.120859146118164,83.24088287353516,50.92168426513672,250.60992431640625
2020-03-10,22.263229370117188,13.705991744995117,21.479337692260742,62.62998580932617,41.56700897216797,51.35307693481445,26.363706588745117,86.09691619873047,53.73725128173828,263.5777893066406
2020-03-11,21.204959869384766,12.981170654296875,20.314207077026367,58.954368591308594,39.60343933105469,48.83419418334961,25.03832244873047,82.80706024169922,50.79844284057617,250.728759765625
2020-03-12,19.16339111328125,11.361900329589844,18.117351531982422,52.852535247802734,35.73794937133789,44.24591064453125,22.511022567749023,76.625,45.6650390625,226.7396697998047
2020-03-13,20.508268356323242,12.410571098327637,20.50098419189453,56.98079299926758,39.930694580078125,48.01152038574219,23.737627029418945,81.93939971923828,48.49007797241211,246.1228485107422
2020-03-16,18.250635147094727,10.72189998626709,17.690433502197266,50.516807556152344,34.414669036865234,44.754783630371094,21.041568756103516,73.8593521118164,42.34706497192383,219.19117736816406
2020-03-17,19.379453659057617,10.795154571533203,18.6510009765625,52.843482971191406,36.757659912109375,48.528873443603516,23.7335147857666,78.49589538574219,43.97761154174805,231.0257568359375
2020-03-18,18.14040184020996,9.245278358459473,17.06785011291504,48.95059585571289,35.37274932861328,47.28214645385742,22.70036506652832,75.89289855957031,41.451194763183594,219.32823181152344
2020-03-19,18.6033935546875,9.873711585998535,17.44139862060547,48.986820220947266,35.50078582763672,45.70466232299805,21.37909507751465,74.3383560180664,42.89689636230469,219.79428100585938
2020-03-20,17.93756866455078,9.970096588134766,16.81881332397461,46.53340148925781,33.87397003173828,42.74475860595703,19.68325424194336,71.48230743408203,41.6218376159668,210.3224639892578
2020-03-23,17.023157119750977,9.290550231933594,15.840231895446777,44.49521255493164,33.56455612182617,41.47981643676758,18.678850173950195,67.76962280273438,41.69041442871094,204.94491577148438
2020-03-24,19.02509880065918,10.780505180358887,17.804563522338867,50.12440872192383,37.0020637512207,43.59516906738281,20.68682861328125,72.99174499511719,45.60083770751953,223.51351928710938
2020-03-25,19.4689884185791,11.288982391357422,18.288923263549805,52.76108932495117,36.954376220703125,43.47575378417969,21.214811325073242,73.96351623535156,46.40101623535156,226.85960388183594
2020-03-26,20.38340187072754,11.978775024414062,19.43702507019043,56.09115982055664,39.242862701416016,45.855533599853516,23.02324867248535,78.87687683105469,48.320499420166016,240.10594177246094
2020-03-27,19.64653968811035,11.166788101196289,18.845029830932617,53.728172302246094,37.46929168701172,45.64228820800781,23.147966384887695,77.1875991821289,46.70108413696289,232.95413208007812
2020-03-30,20.272424697875977,11.28110122680664,19.203811645507812,54.51279830932617,39.04739761352539,47.424991607666016,24.004377365112305,80.80223846435547,47.677486419677734,240.51951599121094
2020-03-31,19.99277687072754,11.454533576965332,18.674606323242188,53.8376579284668,38.31794738769531,46.46113967895508,23.03571891784668,80.44803619384766,46.71537399291992,236.93447875976562
2020-04-01,19.0916805267334,10.886931419372559,17.535478591918945,51.41081619262695,36.49191665649414,45.67640686035156,21.651334762573242,77.38739013671875,44.62918472290039,226.27127075195312
2020-04-02,19.380207061767578,11.884177207946777,17.97498321533203,52.09507369995117,37.3453254699707,46.844966888427734,22.328977584838867,79.53075408935547,44.795894622802734,231.49258422851562
2020-04-03,18.914125442504883,11.758042335510254,17.61620330810547,51.40168762207031,36.76844024658203,47.21174240112305,21.530771255493164,78.81328582763672,44.01476287841797,228.14654541015625
2020-04-06,20.32125473022461,12.380829811096191,18.88090705871582,54.9598503112793,39.90557861328125,48.96885681152344,23.19369888305664,82.9455795288086,47.677486419677734,243.4702606201172
2020-04-07,20.862802505493164,12.644923210144043,19.06926918029785,54.832122802734375,39.54800033569336,48.40590286254883,22.902685165405273,82.26444244384766,48.387184143066406,243.718505859375
2020-04-08,21.883745193481445,13.488441467285156,19.903440475463867,56.821048736572266,40.611202239990234,49.12239456176758,24.149879455566406,85.65196990966797,49.911338806152344,251.89974975585938
2020-04-09,22.824790954589844,13.366249084472656,20.970815658569336,57.67863845825195,40.620731353759766,49.5830078125,25.28898811340332,86.12425994873047,50.81153869628906,255.73289489746094
2020-04-13,22.323192596435547,13.322891235351562,20.208406448364258,55.99080276489258,40.71132278442383,49.21622085571289,24.48662567138672,85.37044525146484,50.79724884033203,253.39810180664062
2020-04-14,22.611724853515625,13.2598237991333,20.298099517822266,57.05825424194336,42.41815948486328,51.30599594116211,25.205842971801758,88.20404052734375,52.78341293334961,260.8715515136719
2020-04-15,21.573020935058594,12.637040138244629,19.419078826904297,55.47989273071289,41.49321365356445,50.49568176269531,24.37437629699707,87.74993896484375,51.62602233886719,255.3284454345703
2020-04-16,21.448728561401367,12.097025871276855,19.07823944091797,54.987213134765625,41.998592376708984,50.82832336425781,24.37853240966797,89.66622924804688,52.24519348144531,256.56024169921875
2020-04-17,22.30988311767578,13.382017135620117,20.08283042907715,57.56917190551758,42.556427001953125,51.604530334472656,25.164270401000977,91.52802276611328,53.78840255737305,263.4913635253906
2020-04-20,21.759456634521484,12.964198112487793,19.733015060424805,56.03641891479492,41.87464141845703,50.58950424194336,24.21224021911621,90.80147552490234,52.850101470947266,258.8492126464844
2020-04-21,21.222352981567383,12.73558235168457,19.09617805480957,54.713523864746094,40.12012481689453,49.5147590637207,23.81313705444336,88.04056549072266,51.47835159301758,250.98971557617188
2020-04-22,21.639606475830078,13.188872337341309,19.302478790283203,55.28829574584961,41.664852142333984,49.99242401123047,24.507410049438477,89.38468933105469,52.58814239501953,256.56024169921875
2020-04-23,21.790531158447266,13.614578247070312,19.221750259399414,55.72622299194336,41.37879943847656,49.548885345458984,24.095836639404297,89.8750991821289,52.57384490966797,256.54193115234375
2020-04-24,22.13232421875,13.646109580993652,19.49980926513672,56.17326736450195,42.25605392456055,50.077728271484375,24.24549102783203,91.08299255371094,53.464534759521484,260.1178283691406
2020-04-27,22.722698211669922,13.941736221313477,20.163558959960938,57.56917190551758,42.618408203125,50.222721099853516,24.49909782409668,92.25460052490234,54.464752197265625,263.8682861328125
2020-04-28,23.144392013549805,14.261012077331543,20.378822326660156,58.64573669433594,42.0510368347168,50.50421142578125,24.590560913085938,90.39279174804688,54.67909240722656,262.6549072265625
2020-04-29,23.734764099121094,15.317384719848633,20.970815658569336,59.7679328918457,43.77694320678711,50.290958404541016,24.366060256958008,90.99220275878906,55.884124755859375,269.5307922363281
2020-04-30,23.028980255126953,14.978401184082031,20.44161605834961,58.58186721801758,43.581478118896484,49.69388198852539,23.80482292175293,90.57443237304688,55.53642654418945,267.0212707519531
2020-05-01,22.54513931274414,14.130935668945312,19.786836624145508,56.81191635131836,42.38478088378906,49.14798355102539,23.231111526489258,88.8488540649414,53.459754943847656,259.9523010253906
2020-05-04,22.625045776367188,14.619707107543945,19.607444763183594,56.09115982055664,42.94737243652344,49.12239456176758,23.405719757080078,88.8034439086914,53.75030517578125,260.6693420410156
2020-05-05,22.68275260925293,14.631532669067383,19.544658660888672,56.31012725830078,43.53856658935547,49.1650505065918,23.596954345703125,90.72879791259766,53.945587158203125,263.0777893066406
2020-05-06,22.29212760925293,14.249188423156738,19.123083114624023,55.53462219238281,43.87706756591797,48.62767028808594,22.794599533081055,89.82970428466797,53.936058044433594,261.29437255859375
2020-05-07,22.74933433532715,14.619707107543945,19.571565628051758,56.182395935058594,44.535011291503906,48.4911994934082,22.886056900024414,89.82061767578125,54.783870697021484,264.44732666015625
2020-05-08,23.29530906677246,15.285852432250977,19.993135452270508,57.57829284667969,45.18818283081055,49.57447052001953,23.347515106201172,90.28378295898438,55.85078048706055,268.82305908203125
2020-05-11,22.940204620361328,15.017815589904785,19.607444763183594,56.8575325012207,45.488555908203125,49.50623321533203,23.247743606567383,91.83683013916016,55.72694396972656,268.8780517578125
2020-05-12,22.58953094482422,14.753725051879883,19.09617805480957,55.260921478271484,44.54930877685547,49.088279724121094,23.044031143188477,90.43821716308594,54.507633209228516,263.5190124511719
2020-05-13,22.11457061767578,14.083632469177246,18.531095504760742,53.87416458129883,43.78171157836914,48.644737243652344,22.848642349243164,89.45735168457031,53.569313049316406,258.85833740234375
2020-05-14,22.385337829589844,14.241303443908691,19.006479263305664,54.439815521240234,44.339534759521484,48.52531814575195,23.093917846679688,90.43821716308594,54.3694953918457,261.956298828125
2020-05-15,22.580650329589844,14.186120986938477,18.88090705871582,54.24821853637695,44.563621520996094,48.951805114746094,22.78628158569336,91.20108795166016,55.00297164916992,263.1604309082031
2020-05-18,23.610477447509766,15.344978332519531,19.849620819091797,57.82463073730469,45.65541458129883,49.728004455566406,23.72167205810547,91.95489501953125,57.08439636230469,271.1762390136719
2020-05-19,23.384090423583984,14.915331840515137,19.365266799926758,57.08561325073242,45.488555908203125,48.81533432006836,23.33088493347168,90.8469009399414,56.87958908081055,268.3909606933594
2020-05-20,23.7569637298584,15.510526657104492,19.79580307006836,58.15306854248047,46.48500061035156,49.395355224609375,23.459762573242188,90.95587921142578,57.62261199951172,272.9504089355469
2020-05-21,23.53057098388672,15.26219654083252,19.733015060424805,58.28992462158203,45.83659744262695,48.84945297241211,23.222795486450195,90.28378295898438,57.82741165161133,271.06585693359375
2020-05-22,23.495065689086914,15.16759967803955,19.6612606048584,58.24431228637695,46.003456115722656,49.020042419433594,23.48055076599121,90.47452545166016,57.74169158935547,271.5806884765625
2020-05-26,24.13870620727539,15.589360237121582,20.683788299560547,60.689395904541016,45.955780029296875,49.284454345703125,23.634370803833008,90.31102752685547,58.65617752075195,274.9267578125
2020-05-27,24.382841110229492,15.790383338928223,21.58074378967285,62.71479797363281,46.2180061340332,50.02654266357422,23.917070388793945,91.24649810791016,59.66117477416992,279.0173645019531
2020-05-28,24.60922622680664,15.348915100097656,21.239906311035156,62.12177658081055,46.12742233276367,50.47008514404297,24.623811721801758,92.43621826171875,58.937191009521484,278.5025634765625
2020-05-29,24.61366081237793,15.27796745300293,20.997724533081055,61.73858642578125,46.70907211303711,50.521263122558594,24.815053939819336,93.55329895019531,59.15153503417969,279.7435302734375
2020-06-01,24.782339096069336,15.546000480651855,21.239906311035156,61.87544631958008,46.69478225708008,50.8709831237793,25.110219955444336,92.62696075439453,59.71356201171875,280.874267578125
2020-06-02,25.230670928955078,15.979583740234375,21.410324096679688,62.67829895019531,47.13339614868164,51.00745391845703,25.272361755371094,93.16279602050781,60.22320556640625,283.1999206542969
2020-06-03,25.803285598754883,16.44864845275879,22.2086181640625,65.1234130859375,47.50051498413086,51.07570266723633,25.575836181640625,92.98114013671875,61.36155319213867,286.96868896484375
2020-06-04,25.896507263183594,16.45258903503418,22.69296646118164,65.8167953491211,47.109561920166016,50.82832336425781,25.1185359954834,92.24549865722656,61.05195236206055,286.2149353027344
2020-06-05,26.55790138244629,17.674514770507812,23.536109924316406,68.23451232910156,48.34916687011719,51.53629684448242,25.438650131225586,93.7349624633789,62.514198303222656,293.550537109375
2020-06-08,26.593412399291992,18.470735549926758,23.98458480834961,69.60304260253906,48.592308044433594,52.090721130371094,26.120450973510742,94.3797607421875,63.46681213378906,297.0988464355469
2020-06-09,26.269371032714844,17.776996612548828,23.473325729370117,67.86956787109375,48.821163177490234,51.66423797607422,25.596628189086914,93.3989028930664,62.9714469909668,294.88348388671875
2020-06-10,25.971965789794922,16.90194320678711,22.59429931640625,66.24559783935547,49.63644790649414,51.51924133300781,25.446969985961914,93.25361633300781,62.380836486816406,293.2380676269531
2020-06-11,23.96558952331543,15.309501647949219,20.746578216552734,61.59263610839844,46.79012680053711,49.565940856933594,24.4533634185791,88.06781005859375,59.113441467285156,276.3331604003906
2020-06-12,24.431671142578125,15.695784568786621,21.374446868896484,62.78779983520508,47.39561080932617,49.57447052001953,24.391006469726562,88.63994598388672,59.69927215576172,279.6423645019531
2020-06-15,24.689125061035156,15.743084907531738,21.670446395874023,63.40819549560547,47.85332107543945,50.145957946777344,24.557300567626953,88.83975219726562,60.26606750488281,282.25311279296875
2020-06-16,25.204038619995117,16.196382522583008,22.01128387451172,64.64900970458984,48.87361526489258,50.93068313598633,24.66954231262207,91.02854919433594,61.533023834228516,287.685791015625
2020-06-17,24.995412826538086,15.644542694091797,21.67941665649414,64.1836929321289,48.86407470703125,50.85391616821289,24.59471321105957,90.93771362304688,61.37108612060547,286.4907531738281
2020-06-18,25.013164520263672,15.837687492370605,21.652498245239258,63.94648361206055,49.0833854675293,51.11834716796875,24.590560913085938,90.62890625,61.14722442626953,286.60107421875
2020-06-19,24.93770980834961,15.597245216369629,21.508987426757812,63.16185760498047,48.744876861572266,50.85391616821289,23.900442123413086,91.50078582763672,60.67091369628906,284.96319580078125
2020-06-22,25.03009605407715,15.669498443603516,21.40247344970703,63.26817321777344,49.66328048706055,50.70863723754883,24.13351821899414,91.1496353149414,61.29441833496094,286.7912902832031
2020-06-23,25.088119506835938,15.685474395751953,21.501768112182617,63.27733612060547,50.02184295654297,50.63128662109375,23.890380859375,91.54182434082031,61.77660369873047,288.1115417480469
2020-06-24,24.356138229370117,14.815163612365723,20.743520736694336,61.07796859741211,48.89356231689453,49.78026580810547,23.672393798828125,89.15225219726562,60.415992736816406,280.7622985839844
2020-06-25,24.659635543823242,15.098613739013672,21.294151306152344,61.75611114501953,49.51985549926758,50.13270950317383,23.378955841064453,90.02782440185547,60.49715042114258,283.7721252441406
2020-06-26,24.320430755615234,14.57563591003418,20.382448196411133,60.61060333251953,48.5445671081543,49.109771728515625,23.131622314453125,88.93338775634766,59.07924270629883,277.03216552734375
2020-06-29,24.793537139892578,14.771247863769531,20.608118057250977,62.599185943603516,49.07524490356445,50.03814697265625,23.567596435546875,89.73597717285156,60.201148986816406,281.1039123535156
2020-06-30,25.150598526000977,15.110589981079102,20.887950897216797,62.95658493041992,49.95490264892578,50.40778350830078,23.655624389648438,91.26820373535156,60.969783782958984,284.7046203613281
2020-07-01,25.20416259765625,14.743303298950195,20.707408905029297,62.672508239746094,50.036170959472656,50.45076370239258,24.20897102355957,91.97047424316406,61.585636138916016,286.6989440917969
2020-07-02,25.67727279663086,14.906986236572266,20.7344913482666,63.21318435668945,50.327816009521484,50.70863723754883,24.2718563079834,92.66362762451172,61.82910919189453,288.2778015136719
2020-07-06,26.04326057434082,14.95090103149414,21.131669998168945,64.12042999267578,51.207489013671875,50.95793151855469,23.974220275878906,93.60304260253906,63.29475784301758,292.72802734375
2020-07-07,26.052183151245117,14.475824356079102,20.698389053344727,62.89244842529297,50.67203140258789,51.42212677001953,23.877805709838867,92.79132080078125,62.301753997802734,289.7088623046875
2020-07-08,25.681737899780273,14.463849067687988,20.91502571105957,62.89244842529297,51.49912643432617,51.29317855834961,24.091598510742188,92.8004379272461,62.96533966064453,291.9247131347656
2020-07-09,25.440719604492188,13.749237060546875,20.47271728515625,61.527000427246094,51.685569763183594,50.88916778564453,23.768814086914062,92.07078552246094,62.89372634887695,290.2628173828125
2020-07-10,25.882579803466797,14.188386917114258,21.176801681518555,62.32427215576172,51.671234130859375,51.82615661621094,24.217361450195312,91.8519058227539,63.64327621459961,293.22662353515625
2020-07-13,25.882579803466797,14.112532615661621,21.267070770263672,62.58086013793945,50.60032653808594,51.748783111572266,24.242509841918945,92.37177276611328,62.83643341064453,290.6876220703125
2020-07-14,26.53421974182129,14.607568740844727,21.375391006469727,63.93712615966797,51.1835823059082,52.5052490234375,24.46887969970703,94.20498657226562,63.461849212646484,294.4545593261719
2020-07-15,26.980546951293945,14.922950744628906,21.79964828491211,65.56832122802734,51.46086883544922,52.54823303222656,24.372465133666992,95.4271469116211,64.36891174316406,297.1598815917969
2020-07-16,27.0698184967041,14.855088233947754,21.79964828491211,65.586669921875,50.82501983642578,52.65995788574219,24.682676315307617,95.27208709716797,64.19707489013672,296.1811218261719
2020-07-17,27.297441482543945,14.64748764038086,21.619112014770508,65.98069763183594,51.0736198425293,52.94364547729492,25.24021339416504,96.57630157470703,63.89629364013672,297.0397644042969
2020-07-20,27.06088638305664,14.403965950012207,21.519819259643555,65.17428588867188,52.3787956237793,52.410682678222656,24.909042358398438,96.5580825805664,64.91793823242188,299.4404296875
2020-07-21,27.297441482543945,15.274271011352539,21.94407844543457,66.03569793701172,51.852909088134766,52.866275787353516,25.022228240966797,96.49421691894531,65.01820373535156,300.0774841308594
2020-07-22,27.614334106445312,15.086637496948242,21.94407844543457,66.56719970703125,52.26884460449219,53.28749084472656,25.40789794921875,97.36065673828125,65.5767593383789,301.785400390625
2020-07-23,27.529529571533203,15.058693885803223,21.962135314941406,66.3655776977539,50.911075592041016,53.47660827636719,25.437240600585938,96.9228515625,64.59330749511719,298.1846008300781
2020-07-24,27.43580436706543,14.974852561950684,21.90797233581543,65.83406829833984,50.29434585571289,53.4078369140625,25.269559860229492,95.85578918457031,64.70787048339844,296.2642517089844
2020-07-27,27.833030700683594,14.990825653076172,21.727436065673828,66.1089859008789,51.087974548339844,53.674320220947266,24.96354103088379,96.57630157470703,65.1089096069336,298.4247131347656
2020-07-28,27.221567153930664,14.735320091247559,21.673274993896484,65.65081024169922,50.49037551879883,53.87202835083008,25.340822219848633,96.46684265136719,64.46440124511719,296.5319519042969
2020-07-29,27.444732666015625,15.04272174835205,22.07948112487793,66.64967346191406,51.221832275390625,53.94938278198242,25.45819854736328,97.47923278808594,65.11846160888672,300.1788635253906
2020-07-30,26.91360092163086,14.451872825622559,21.682302474975586,65.98069763183594,51.508689880371094,53.94938278198242,25.45819854736328,96.80431365966797,65.06594848632812,299.10784912109375
2020-07-31,26.94037628173828,14.384005546569824,21.691329956054688,65.7332763671875,52.79472732543945,53.8978157043457,25.500120162963867,96.24797058105469,65.4049072265625,301.4715576171875
2020-08-03,26.788631439208984,14.435904502868652,21.754520416259766,66.00818634033203,54.09510803222656,53.75168228149414,25.22344398498535,97.2420883178711,65.2664794921875,303.5674133300781
2020-08-04,27.168006896972656,14.78722095489502,21.66425132751465,66.17315673828125,54.2337646484375,54.42218017578125,25.500120162963867,96.81342315673828,65.7916030883789,304.7400207519531
2020-08-05,27.56523895263672,14.942916870117188,21.962135314941406,67.43775939941406,54.43455123901367,54.310428619384766,25.17314338684082,97.26033020019531,66.59367370605469,306.63275146484375
2020-08-06,27.449193954467773,14.823148727416992,21.953107833862305,67.6943588256836,55.19948196411133,54.30183792114258,25.319862365722656,96.74046325683594,66.9183120727539,308.6824645996094
2020-08-07,27.54292106628418,14.843109130859375,22.422500610351562,68.84900665283203,54.37717819213867,54.59410858154297,25.776792526245117,97.05058288574219,67.01853942871094,308.90399169921875
2020-08-10,27.810718536376953,15.302218437194824,22.58497428894043,70.54435729980469,54.22418975830078,54.877784729003906,25.76841163635254,96.72222900390625,67.82058715820312,309.8272399902344
2020-08-11,27.761625289916992,15.25031852722168,22.846759796142578,70.92007446289062,53.248905181884766,54.49955368041992,25.21086883544922,96.11116027832031,67.68690490722656,307.2697448730469
2020-08-12,27.92676544189453,15.402022361755371,22.783567428588867,71.1491928100586,54.45845031738281,55.204437255859375,25.575580596923828,97.72545623779297,68.58444213867188,311.5538024902344
2020-08-13,27.922304153442383,15.102604866027832,22.63913917541504,70.77347564697266,54.48236083984375,55.16145324707031,25.533653259277344,97.59780883789062,68.55580139160156,310.9906311035156
2020-08-14,27.95354461669922,15.246323585510254,22.729408264160156,71.04840087890625,54.44410705566406,55.15285110473633,25.311481475830078,97.40624237060547,68.551025390625,310.9998779296875
2020-08-17,28.078514099121094,15.15849494934082,22.350284576416016,70.71849060058594,54.80746078491211,55.46230697631836,25.277944564819336,97.98085021972656,69.43421936035156,311.9878234863281
2020-08-18,27.96247100830078,14.96686840057373,22.205854415893555,70.33360290527344,55.013038635253906,55.6858024597168,25.164756774902344,97.95348358154297,69.8638916015625,312.6617736816406
2020-08-19,27.88212776184082,14.795202255249023,22.196828842163086,70.15032196044922,54.946102142333984,55.247406005859375,25.08930015563965,97.63429260253906,69.53446960449219,311.3600158691406
2020-08-20,27.783939361572266,14.475824356079102,21.989212036132812,69.77459716796875,55.677574157714844,55.13566207885742,24.867124557495117,97.32417297363281,69.42945861816406,312.3293762207031
2020-08-21,27.623258590698242,14.384005546569824,21.94407844543457,70.05867767333984,56.38512420654297,55.27321243286133,24.909042358398438,97.42449188232422,69.7874984741211,313.4373474121094
2020-08-24,28.109756469726562,14.77923583984375,22.467632293701172,71.32330322265625,56.87278366088867,55.74598693847656,25.127023696899414,96.97760772705078,70.84735870361328,316.6134338378906
2020-08-25,27.99817657470703,14.571639060974121,22.53082275390625,71.23168182373047,57.15962600708008,55.625648498535156,24.888080596923828,97.63429260253906,71.081298828125,317.7214050292969
2020-08-26,28.292755126953125,14.264235496520996,22.422500610351562,71.26832580566406,58.32135772705078,55.69441604614258,24.61141014099121,97.51570892333984,71.78307342529297,320.9067687988281
2020-08-27,28.216876983642578,14.292183876037598,22.801624298095703,71.52491760253906,58.36916732788086,56.03825378417969,24.691059112548828,98.28181457519531,71.39637756347656,321.60845947265625
2020-08-28,28.551626205444336,14.547686576843262,22.891891479492188,72.20304870605469,58.88072204589844,56.53683853149414,24.762325286865234,98.50071716308594,71.86421966552734,323.6858215332031
2020-08-31,28.11422348022461,14.23230266571045,22.62108612060547,71.30497741699219,59.067176818847656,56.37350082397461,24.837779998779297,98.73784637451172,71.65414428710938,322.51324462890625
2020-09-01,28.904224395751953,14.13648796081543,22.68427276611328,72.02894592285156,60.19545364379883,56.433685302734375,24.552722930908203,97.85316467285156,72.4037094116211,325.5508117675781
2020-09-02,29.56032943725586,14.068617820739746,23.009235382080078,73.22025299072266,60.73090362548828,57.456634521484375,25.315675735473633,99.81405639648438,73.40625,330.25970458984375
2020-09-03,28.743547439575195,13.964818000793457,22.657194137573242,71.16752624511719,57.26957702636719,56.46807098388672,25.030611038208008,97.09617614746094,71.07649230957031,318.8940734863281
2020-09-04,28.761398315429688,13.920905113220215,22.828704833984375,71.33246612548828,56.471195220947266,56.3391227722168,24.888080596923828,96.40301513671875,70.25535583496094,316.2902526855469
2020-09-08,28.221338272094727,13.413890838623047,22.241960525512695,69.99451446533203,53.91822814941406,55.15285110473633,24.74974822998047,94.81604766845703,69.33396911621094,307.64837646484375
2020-09-09,28.948863983154297,13.505718231201172,22.467632293701172,71.07589721679688,55.677574157714844,55.95230484008789,25.076725006103516,96.49421691894531,70.64208221435547,313.7235107421875
2020-09-10,28.67659568786621,13.010675430297852,22.151695251464844,70.16864013671875,54.42020797729492,55.26460266113281,24.644941329956055,95.01671600341797,69.62996673583984,308.2761535644531
2020-09-11,29.04258155822754,13.022652626037598,22.305152893066406,71.12168884277344,54.0042724609375,55.574073791503906,24.70363426208496,95.390625,69.73500061035156,308.43316650390625
2020-09-14,29.46213722229004,13.122458457946777,22.612058639526367,72.08392333984375,55.137332916259766,55.93511199951172,25.043193817138672,96.75871276855469,70.4749755859375,312.4955749511719
2020-09-15,29.604955673217773,13.02664566040039,22.305152893066406,72.1297378540039,55.682350158691406,55.857749938964844,25.21086883544922,96.88642120361328,71.05264282226562,314.074462890625
2020-09-16,29.627275466918945,13.549628257751465,22.557897567749023,72.86286926269531,54.82179641723633,55.608455657958984,25.177337646484375,96.72222900390625,70.6563949584961,312.8280029296875
2020-09-17,29.845977783203125,13.569591522216797,22.323200225830078,73.00949096679688,54.367618560791016,55.256004333496094,24.971923828125,96.40301513671875,69.66339874267578,310.07659912109375
2020-09-18,29.332700729370117,13.41788387298584,22.278072357177734,72.19386291503906,53.430580139160156,54.74884033203125,24.531763076782227,96.25709533691406,68.69424438476562,306.5067138671875
2020-09-21,28.34525489807129,12.973139762878418,21.71986961364746,69.79740905761719,53.87474822998047,54.3311653137207,24.37912940979004,94.47885131835938,67.70198822021484,303.0954895019531
2020-09-22,28.39906883239746,12.839228630065918,21.538341522216797,70.48738861083984,54.72760772705078,54.651123046875,24.531335830688477,94.27740478515625,69.13245391845703,306.1822814941406
2020-09-23,27.564987182617188,12.258946418762207,21.057292938232422,69.22701263427734,53.021873474121094,53.829620361328125,24.155038833618164,93.30680084228516,67.99861145019531,299.0815734863281
2020-09-24,27.762298583984375,12.254888534545898,21.10267448425293,69.3282241821289,53.318931579589844,54.22739791870117,24.425636291503906,92.8398208618164,67.96991729736328,299.87884521484375
2020-09-25,28.008934020996094,12.246771812438965,21.320507049560547,70.36775207519531,54.59345626831055,54.51275634765625,24.827302932739258,94.33235931396484,68.85499572753906,304.7270202636719
2020-09-28,28.461849212646484,12.534882545471191,21.828786849975586,71.6373062133789,55.63798141479492,55.12671661376953,24.890722274780273,95.18392944335938,70.29505920410156,309.7882995605469
2020-09-29,28.251087188720703,12.189960479736328,21.556495666503906,71.00254821777344,55.45111846923828,54.763545989990234,24.88227081298828,95.06488800048828,69.74964904785156,308.1011962890625
2020-09-30,28.5380802154541,12.15343952178955,21.846940994262695,70.81853485107422,55.91588592529297,55.42937469482422,25.10636329650879,96.58489227294922,70.3189697265625,310.4371643066406
2020-10-01,28.134492874145508,11.78011417388916,21.883243560791016,70.60696411132812,56.505226135253906,55.740684509277344,25.360044479370117,96.2552490234375,71.23756408691406,312.43017578125
2020-10-02,28.3856143951416,11.893733024597168,22.055694580078125,71.39813232421875,55.072593688964844,55.42937469482422,25.660236358642578,95.376220703125,70.93614196777344,309.4638671875
2020-10-05,28.9282169342041,12.25083065032959,22.41875457763672,72.5480728149414,56.280029296875,55.801204681396484,25.9815731048584,97.33574676513672,71.87384796142578,314.9515380859375
2020-10-06,28.564987182617188,12.068221092224121,22.191843032836914,71.66488647460938,55.407997131347656,55.43803024291992,26.201433181762695,96.04464721679688,70.54383850097656,310.4742431640625
2020-10-07,29.300405502319336,12.238656997680664,22.56397247314453,73.24723815917969,56.42377853393555,56.03470230102539,26.362098693847656,97.85768127441406,72.1561279296875,315.8785095214844
2020-10-08,29.596376419067383,12.697198867797852,22.872575759887695,73.97402954101562,56.7160530090332,56.40652847290039,26.84410285949707,98.33383178710938,72.6297607421875,318.67803955078125
2020-10-09,29.8250789642334,12.494303703308105,22.899805068969727,74.2499771118164,57.583290100097656,56.84754180908203,26.839876174926758,99.2220230102539,73.38569641113281,321.5239562988281
2020-10-12,29.775747299194336,12.526765823364258,23.15394401550293,74.67317962646484,59.154884338378906,57.50474548339844,27.00899314880371,99.89962768554688,74.3616714477539,326.6964416503906
2020-10-13,29.511173248291016,12.331986427307129,22.709196090698242,73.84520721435547,58.77635955810547,57.46150207519531,26.822954177856445,99.13961791992188,74.34732818603516,324.56439208984375
2020-10-14,29.596376419067383,12.384742736816406,22.491365432739258,74.25919342041016,58.46491622924805,57.16749954223633,26.789134979248047,98.56275939941406,73.52442932128906,322.5250244140625
2020-10-15,29.511173248291016,12.534882545471191,22.663814544677734,74.52598571777344,58.201393127441406,57.20207977294922,26.7722225189209,97.8485336303711,73.79713439941406,322.12640380859375
2020-10-16,29.717445373535156,12.25083065032959,22.681968688964844,75.06877136230469,58.03369903564453,57.21937561035156,27.05973243713379,98.81913757324219,73.12732696533203,321.9317321777344
2020-10-19,29.37216567993164,11.991121292114258,22.337066650390625,74.13958740234375,56.969993591308594,56.47571563720703,26.8314151763916,97.25334167480469,72.22789001464844,317.0372619628906
2020-10-20,29.43942642211914,12.133151054382324,22.518592834472656,74.52598571777344,57.166446685791016,56.415184020996094,26.99208641052246,97.38153839111328,72.80677795410156,318.3072204589844
2020-10-21,29.327314376831055,11.901848793029785,22.400602340698242,73.77161407470703,57.080204010009766,56.467063903808594,26.920204162597656,96.89623260498047,72.40969848632812,317.7046813964844
2020-10-22,29.488750457763672,12.392857551574707,22.845346450805664,74.37879943847656,56.8118782043457,56.44111633300781,27.300729751586914,98.36129760742188,72.5580062866211,319.44744873046875
2020-10-23,29.596376419067383,12.331986427307129,22.917959213256836,74.67317962646484,56.74959182739258,56.54488754272461,27.376840591430664,98.72755432128906,73.19432067871094,320.5320129394531
2020-10-26,28.856464385986328,11.88967514038086,22.400602340698242,72.80567932128906,55.51820373535156,55.81850814819336,27.368379592895508,97.6287612915039,71.78775787353516,314.6086120605469
2020-10-27,28.58292579650879,11.735475540161133,21.992162704467773,71.2141342163086,55.79609680175781,55.671504974365234,27.347240447998047,96.96031951904297,71.7542495727539,313.52410888671875
2020-10-28,27.7757511138916,11.24446964263916,21.42943000793457,68.87742614746094,53.42913055419922,54.045806884765625,26.55236053466797,93.8836669921875,69.48651885986328,302.80810546875
2020-10-29,28.349740982055664,11.58938980102539,21.592798233032227,69.88017272949219,54.32033920288086,54.028507232666016,26.624237060546875,93.1145248413086,69.92667388916016,305.88568115234375
2020-10-30,28.331802368164062,11.654316902160645,21.656335830688477,69.79740905761719,53.11770248413086,53.838260650634766,26.37478256225586,93.0870361328125,68.4004898071289,302.6968688964844
2020-11-02,29.273508071899414,12.05199146270752,22.064769744873047,71.68329620361328,53.25184631347656,54.6943473815918,26.95402717590332,94.7626953125,68.88848876953125,306.0896911621094
2020-11-03,29.73090934753418,11.98300838470459,22.55489730834961,73.79920959472656,54.190982818603516,55.59368133544922,27.34300994873047,96.14537811279297,70.40508270263672,311.49395751953125
2020-11-04,29.22417449951172,11.99924087524414,22.29168701171875,73.03565979003906,56.299198150634766,55.61962127685547,26.932891845703125,100.41241455078125,71.90257263183594,318.4555969238281
2020-11-05,30.417015075683594,11.99924087524414,22.836267471313477,74.75598907470703,58.048065185546875,56.02604675292969,27.173887252807617,100.61385345458984,73.30435943603516,324.6663818359375
2020-11-06,30.49323272705078,11.739532470703125,22.654743194580078,74.82957458496094,58.25410461425781,56.28547668457031,27.114696502685547,100.65046691894531,73.08428192138672,324.59222412109375
2020-11-09,31.17932891845703,13.415451049804688,24.51540756225586,77.37786102294922,57.83244705200195,56.1557502746582,27.61783790588379,101.59362030029297,72.84506225585938,328.6708984375
2020-11-10,31.547048568725586,13.84964656829834,24.642480850219727,78.73939514160156,56.75437927246094,57.26261901855469,28.015283584594727,101.88663482666016,72.58671569824219,328.1888732910156
2020-11-11,31.076194763183594,13.707619667053223,24.54263687133789,78.07704162597656,58.100772857666016,57.7555046081543,28.12097930908203,101.75843048095703,73.2230224609375,330.6268615722656
2020-11-12,30.421485900878906,13.265307426452637,24.134199142456055,77.1846694946289,57.583290100097656,57.5998649597168,27.668577194213867,101.3830337524414,72.24225616455078,327.41949462890625
2020-11-13,30.946147918701172,13.748197555541992,24.533559799194336,78.89579772949219,58.07202911376953,58.395408630371094,27.94339370727539,102.66495513916016,73.41438293457031,331.95245361328125
2020-11-16,31.556011199951172,14.653112411499023,25.078144073486328,80.81853485107422,58.63262176513672,58.93155288696289,28.226686477661133,102.49098205566406,74.37602996826172,336.0960998535156
2020-11-17,31.43943214416504,14.803254127502441,25.041837692260742,80.60691833496094,58.30680847167969,58.51647186279297,27.672805786132812,101.82252502441406,74.06027221679688,334.2884216308594
2020-11-18,31.17932891845703,14.373116493225098,24.80585289001465,80.24813842773438,57.68390655517578,57.7122802734375,27.131610870361328,99.92710876464844,73.55313110351562,330.2652893066406
2020-11-19,31.309377670288086,14.608475685119629,24.88753890991211,80.45053100585938,58.148685455322266,57.867919921875,26.861011505126953,99.8538589477539,73.91674041748047,331.65582275390625
2020-11-20,31.282485961914062,14.531373977661133,24.669706344604492,79.7237777709961,57.54976272583008,57.50474548339844,26.865245819091797,99.62493133544922,73.52920532226562,329.3846435546875
2020-11-23,31.542552947998047,15.558027267456055,25.13260269165039,81.05769348144531,57.53538513183594,57.522037506103516,26.869468688964844,99.36851501464844,74.3377456665039,331.3591613769531
2020-11-24,32.32732009887695,16.35743522644043,26.01301383972168,82.47443389892578,58.335548400878906,57.911155700683594,27.156980514526367,99.66155242919922,75.44291687011719,336.6986083984375
2020-11-25,31.990982055664062,15.97598934173584,25.92224884033203,81.84886169433594,58.46012496948242,57.8765754699707,27.228858947753906,99.29527282714844,75.5338134765625,336.1794128417969
2020-11-27,32.15691375732422,15.789329528808594,25.840564727783203,81.71087646484375,58.77157974243164,57.867919921875,26.958255767822266,100.2109603881836,75.69647216796875,337.11578369140625
2020-11-30,31.834035873413086,14.916874885559082,25.3050537109375,80.9841079711914,59.16447067260742,57.859275817871094,26.56927490234375,100.48564147949219,75.23719024658203,335.623291015625
2020-12-01,32.18381118774414,14.985861778259277,25.69533920288086,80.78172302246094,59.92151641845703,58.369468688964844,26.755308151245117,101.32806396484375,75.79693603515625,339.29412841796875
2020-12-02,31.771259307861328,15.472806930541992,25.976707458496094,80.8921127319336,59.83047866821289,57.885223388671875,26.932891845703125,102.08806610107422,75.32331085205078,340.00787353515625
2020-12-03,31.551530838012695,15.635129928588867,25.985782623291016,81.10371398925781,59.792144775390625,58.03223419189453,26.653839111328125,101.95989227294922,75.5338134765625,339.91522216796875
2020-12-04,32.188297271728516,16.487289428710938,26.3034610748291,82.06967163085938,60.39107894897461,58.48188018798828,26.387468338012695,103.04954528808594,75.60557556152344,342.8445129394531
2020-12-07,31.977540969848633,16.101787567138672,26.121929168701172,81.67406463623047,60.563560485839844,58.2570686340332,26.53544807434082,102.41770935058594,75.43335723876953,342.1399841308594
2020-12-08,32.15691375732422,16.341201782226562,26.112855911254883,82.06967163085938,60.760009765625,58.57700729370117,26.455116271972656,103.19601440429688,75.27545928955078,343.1411437988281
2020-12-09,32.17485046386719,16.37772560119629,26.0493221282959,82.25366973876953,59.595699310302734,58.34352493286133,26.40860939025879,102.83891296386719,75.20370483398438,340.06353759765625
2020-12-10,31.977540969848633,16.880901336669922,26.09470558166504,81.4716796875,59.68193054199219,58.0840950012207,26.2733097076416,102.66495513916016,75.13672637939453,339.95233154296875
2020-12-11,31.79368782043457,16.686126708984375,25.831483840942383,81.66487884521484,59.5573616027832,58.213809967041016,26.315587997436523,102.26205444335938,74.77789306640625,339.5537109375
2020-12-14,31.390092849731445,16.101787567138672,25.531965255737305,80.60691833496094,59.77298355102539,57.988990783691406,26.18029022216797,101.49287414550781,74.88793182373047,338.033447265625
2020-12-15,31.9595947265625,16.418296813964844,25.967632293701172,81.72926330566406,60.76959228515625,58.127342224121094,26.69611358642578,102.5916976928711,75.89742279052734,342.603515625
2020-12-16,31.869911193847656,16.337142944335938,26.01301383972168,81.22330474853516,61.1816520690918,58.23976516723633,26.387468338012695,102.28953552246094,76.39497375488281,343.1411437988281
2020-12-17,32.23762893676758,16.260047912597656,26.085630416870117,81.7200698852539,61.665592193603516,58.61159133911133,26.565046310424805,103.3883285522461,76.91646575927734,345.0600280761719
2020-12-18,32.38111877441406,15.988164901733398,25.858715057373047,81.72926330566406,61.449974060058594,58.74131774902344,26.336727142333984,103.47074127197266,76.54330444335938,343.6822814941406
2020-12-21,32.20941925048828,15.679749488830566,26.207294464111328,81.23599243164062,61.51144790649414,58.10825729370117,26.01779556274414,102.4354476928711,75.67861938476562,342.4533386230469
2020-12-22,32.01112747192383,15.416570663452148,25.951797485351562,80.85723876953125,62.044532775878906,57.698429107666016,25.966632843017578,102.12283325195312,75.35269165039062,341.87615966796875
2020-12-23,32.056190490722656,15.757878303527832,26.380678176879883,81.28218078613281,61.573890686035156,57.890262603759766,25.915468215942383,102.19637298583984,75.5156478881836,342.1833801269531
2020-12-24,32.25899124145508,15.675638198852539,26.417173385620117,81.2914047241211,61.98209762573242,58.17802047729492,26.09881019592285,102.4906234741211,75.67381286621094,343.5146484375
2020-12-28,32.132808685302734,15.576946258544922,26.544921875,81.39300537109375,62.68328094482422,58.640159606933594,26.21393394470215,102.74805450439453,76.53658294677734,346.46563720703125
2020-12-29,32.056190490722656,15.474141120910645,26.45367431640625,80.9034194946289,62.38552474975586,58.46577072143555,26.209671020507812,103.23536682128906,76.560546875,345.8046875
2020-12-30,32.49784469604492,15.716760635375977,26.57230567932129,81.42073059082031,62.351890563964844,58.40473937988281,26.341846466064453,103.21698760986328,77.02068328857422,346.2981262207031
2020-12-31,32.62403869628906,15.585169792175293,26.900806427001953,81.79948425292969,62.443153381347656,58.81455993652344,26.73411750793457,104.30192565917969,77.06383514404297,348.0575866699219
2021-01-04,32.313072204589844,15.609845161437988,26.535802841186523,79.82262420654297,61.42500305175781,58.17802047729492,26.060434341430664,103.85140228271484,76.41195678710938,343.3191223144531
2021-01-05,33.03866195678711,16.30891227722168,26.654428482055664,80.60782623291016,61.823612213134766,58.17802047729492,26.056169509887695,104.6053466796875,76.98234558105469,345.6837463378906
2021-01-06,34.39066696166992,16.806493759155273,27.831565856933594,82.52925872802734,60.757442474365234,58.22161865234375,26.704273223876953,106.0396728515625,77.7684097290039,347.7503967285156
2021-01-07,34.64754867553711,17.053220748901367,28.233070373535156,82.98188018798828,62.395103454589844,58.04722213745117,26.354639053344727,107.4188461303711,79.2686538696289,352.9170837402344
2021-01-08,34.480804443359375,17.032655715942383,28.214818954467773,82.77867126464844,62.798545837402344,58.33496856689453,26.576358795166016,107.93372344970703,80.90311431884766,354.9278564453125
2021-01-11,34.480804443359375,17.29994773864746,28.306066513061523,82.75096893310547,62.27986145019531,57.837947845458984,26.32905387878418,108.4394302368164,79.39327239990234,352.53546142578125
2021-01-12,34.917945861816406,17.904441833496094,28.598072052001953,83.57311248779297,61.98209762573242,57.646114349365234,26.18834686279297,107.26254272460938,80.60594940185547,352.60980224609375
2021-01-13,34.56192398071289,17.764625549316406,28.579822540283203,82.85257720947266,62.375919342041016,57.733299255371094,26.700010299682617,107.55677032470703,80.60115814208984,353.5594482421875
2021-01-14,34.44475173950195,18.290983200073242,28.70757484436035,83.1389389038086,61.82842254638672,57.428123474121094,26.597673416137695,107.21656036376953,80.08830261230469,352.32122802734375
2021-01-15,33.95351028442383,17.579574584960938,28.233070373535156,82.0581283569336,61.194480895996094,57.22755813598633,26.857763290405273,107.54756927490234,79.46997833251953,349.7519226074219
2021-01-19,34.0706901550293,17.933229446411133,28.306066513061523,82.3260269165039,61.991703033447266,56.97468185424805,26.755435943603516,108.35667419433594,79.92052459716797,352.4981689453125
2021-01-20,34.183353424072266,17.9990177154541,28.18744468688965,82.83409118652344,63.22116470336914,57.07933044433594,26.91320037841797,108.95430755615234,81.43036651611328,357.3761901855469
2021-01-21,33.68311309814453,17.39041519165039,27.886314392089844,82.18746185302734,64.03760528564453,56.88749694824219,26.755435943603516,108.4394302368164,81.80901336669922,357.7020263671875
2021-01-22,33.52086639404297,17.29994773864746,27.68556022644043,81.76254272460938,63.79266357421875,56.739261627197266,26.793813705444336,108.11761474609375,81.5310287475586,356.4359130859375
2021-01-25,33.34510803222656,17.123125076293945,27.484806060791016,81.20825958251953,64.32576751708984,57.30604553222656,27.331052780151367,108.82559204101562,81.8329849243164,357.8417053222656
2021-01-26,32.88542938232422,16.757139205932617,27.265806198120117,80.46000671386719,64.36898040771484,57.820499420166016,27.058168411254883,108.4210433959961,81.78024291992188,357.28314208984375
2021-01-27,31.916486740112305,16.530969619750977,26.46280288696289,78.86190032958984,63.153926849365234,56.84389114379883,26.32905387878418,105.12940979003906,79.25907135009766,348.55096435546875
2021-01-28,32.46630859375,16.7242431640625,26.955554962158203,80.03507232666016,63.41325759887695,57.061885833740234,26.644575119018555,106.66490173339844,79.50831604003906,351.5486145019531
2021-01-29,31.835363388061523,16.16910171508789,26.417173385620117,78.30763244628906,61.91967010498047,55.88471984863281,26.499608993530273,105.76387023925781,77.65338897705078,344.5107421875
2021-02-01,32.20941925048828,16.284244537353516,26.763931274414062,79.12056732177734,63.470890045166016,55.93704605102539,26.627525329589844,106.16839599609375,79.67127227783203,350.24530029296875
2021-02-02,32.633056640625,16.461069107055664,27.411813735961914,80.80181884765625,64.33055114746094,56.31199264526367,26.84497833251953,106.47181701660156,81.36327362060547,355.19781494140625
2021-02-03,32.69614791870117,17.16425132751465,27.566938400268555,80.85723876953125,64.10964965820312,56.39918899536133,26.759700775146484,105.71788024902344,80.90789794921875,355.4771728515625
2021-02-04,32.578975677490234,17.353410720825195,28.178316116333008,81.72559356689453,65.13258361816406,56.80902099609375,26.968626022338867,106.15919494628906,81.77066040039062,359.51739501953125
2021-02-05,33.13779830932617,17.50145149230957,28.18744468688965,82.2059326171875,64.988525390625,57.340911865234375,27.113597869873047,106.352294921875,82.55195617675781,360.932373046875
2021-02-08,33.4127082824707,18.233415603637695,28.55245018005371,82.90798950195312,65.67048645019531,57.55891799926758,26.904672622680664,106.48101043701172,83.02166748046875,363.5390319824219
2021-02-09,33.16484451293945,18.040145874023438,28.561569213867188,83.12046813964844,65.59364318847656,57.50658416748047,26.943044662475586,106.63732147216797,82.56153106689453,363.2969055175781
2021-02-10,33.12879180908203,18.385562896728516,28.561569213867188,82.99112701416016,65.49759674072266,57.44556427001953,27.049638748168945,106.83038330078125,81.74671936035156,363.1387023925781
2021-02-11,33.16033935546875,18.101825714111328,28.47032356262207,82.81561279296875,66.21798706054688,57.19268035888672,26.896142959594727,107.03266143798828,81.52142333984375,363.7251892089844
2021-02-12,33.50284957885742,18.369115829467773,28.762325286865234,83.41608428955078,66.55896759033203,57.27989196777344,26.700010299682617,107.83259582519531,81.63645935058594,365.5219421386719
2021-02-16,33.43974304199219,18.829679489135742,29.255075454711914,83.33294677734375,66.34283447265625,57.175235748291016,26.40154266357422,106.76603698730469,81.28176879882812,365.2053527832031
2021-02-17,33.42173385620117,19.10931396484375,29.40108299255371,83.10198974609375,65.75692749023438,57.3845100402832,26.4228572845459,107.1522216796875,81.75150299072266,365.28924560546875
2021-02-18,33.214412689208984,18.67753028869629,29.227703094482422,82.6863021850586,65.43515014648438,57.34963607788086,26.580623626708984,106.48101043701172,81.77547454833984,363.7345275878906
2021-02-19,33.82282638549805,18.99005889892578,29.5744571685791,84.04421997070312,65.33909606933594,56.62590026855469,26.184085845947266,105.19378662109375,81.30094909667969,363.0921630859375
2021-02-22,33.95351028442383,19.64800453186035,29.848209381103516,84.31212615966797,63.89832305908203,56.678218841552734,25.67243003845215,104.94554901123047,79.5849838256836,360.2994079589844
2021-02-23,34.0706901550293,19.97286605834961,30.030710220336914,84.57077026367188,63.72062301635742,56.75669860839844,25.885618209838867,104.77085876464844,79.06253814697266,360.7368469238281
2021-02-24,34.36812973022461,20.680164337158203,30.614721298217773,86.16887664794922,64.695556640625,56.72182846069336,25.5828857421875,105.4971923828125,79.89176177978516,364.7119445800781
2021-02-25,33.574954986572266,20.281280517578125,30.05809211730957,84.58000183105469,62.43353271484375,56.102718353271484,25.352642059326172,104.43984985351562,76.9200439453125,355.9239501953125
2021-02-26,33.146820068359375,19.80015754699707,29.48320770263672,83.70243835449219,62.764930725097656,55.195865631103516,24.883623123168945,103.53877258300781,77.24116516113281,354.0899658203125
2021-03-01,33.98505783081055,20.31418228149414,30.40484619140625,85.84558868408203,64.78679656982422,55.753929138183594,25.433650970458984,104.89037322998047,79.052978515625,362.6732482910156
2021-03-02,34.17434310913086,20.203155517578125,30.29534339904785,85.59617614746094,63.75904846191406,55.65802001953125,25.35690689086914,104.58695220947266,78.14228057861328,359.84320068359375
2021-03-03,33.83634567260742,20.499225616455078,30.5325927734375,85.68852996826172,62.154991149902344,55.396427154541016,25.058439254760742,103.262939453125,76.30652618408203,355.0768737792969
2021-03-04,33.178367614746094,20.988576889038086,30.185848236083984,84.32138061523438,60.781455993652344,55.195865631103516,25.037120819091797,101.87459564208984,74.69123840332031,350.6828308105469
2021-03-05,33.93998718261719,21.774005889892578,30.760717391967773,86.31668090820312,61.92927551269531,56.416629791259766,25.44644546508789,103.91575622558594,75.16576385498047,357.13409423828125
2021-03-08,34.395172119140625,21.81512451171875,31.153099060058594,87.22196960449219,60.430870056152344,56.66078186035156,25.804607391357422,103.65830993652344,75.2568359375,355.3560485839844
2021-03-09,34.606990814208984,21.432693481445312,30.870216369628906,86.8617172241211,62.48637390136719,56.60845184326172,26.145713806152344,104.26514434814453,78.0991439819336,360.42962646484375
2021-03-10,35.17933654785156,21.975500106811523,31.499845504760742,88.14575958251953,62.23664855957031,57.34963607788086,26.32478904724121,104.50419616699219,78.49697875976562,362.6732482910156
2021-03-11,35.368614196777344,21.983722686767578,31.408599853515625,88.21040344238281,63.56696319580078,57.21012496948242,26.256572723388672,105.13861083984375,79.70003509521484,366.35040283203125
2021-03-12,35.463260650634766,22.028955459594727,31.727975845336914,89.39283752441406,63.1107063293457,57.68098068237305,26.610462188720703,105.36848449707031,79.93489074707031,366.8438415527344
2021-03-15,35.503814697265625,21.77811622619629,31.545467376708984,90.14108276367188,63.7830810546875,57.93386459350586,26.95157241821289,106.09483337402344,81.00856018066406,369.03155517578125
2021-03-16,35.21088409423828,21.157176971435547,31.21697998046875,88.85704040527344,64.26332092285156,58.00362014770508,26.985685348510742,106.03047180175781,80.1697769165039,368.5660095214844
2021-03-17,35.5263557434082,21.32166290283203,31.426856994628906,89.88243865966797,64.21050262451172,57.91642379760742,26.546510696411133,105.64432525634766,81.29615020751953,369.8228454589844
2021-03-18,35.32804489135742,20.363523483276367,31.591102600097656,89.79928588867188,62.428749084472656,57.68098068237305,26.44843864440918,105.42363739013672,79.3070068359375,364.4420471191406
2021-03-19,35.15229415893555,20.367637634277344,31.22610092163086,89.1156997680664,62.2414436340332,57.88154220581055,26.52092742919922,105.8006362915039,79.78153228759766,363.76776123046875
2021-03-22,35.17402648925781,20.17231559753418,30.82373809814453,89.0656967163086,63.465301513671875,58.49259948730469,26.482696533203125,106.7214126586914,80.30672454833984,366.6723327636719
2021-03-23,34.44084930419922,19.87725257873535,30.39295196533203,87.50896453857422,63.07066345214844,58.73806381225586,26.87789535522461,105.64192962646484,79.55302429199219,363.786376953125
2021-03-24,34.689762115478516,20.375947952270508,30.502944946289062,88.14833068847656,62.30544662475586,58.510128021240234,26.886489868164062,105.52198028564453,78.37682342529297,361.93707275390625
2021-03-25,35.19213104248047,20.450756072998047,31.016212463378906,89.5567626953125,62.26695251464844,59.079978942871094,27.17429542541504,105.96483612060547,79.0633544921875,363.9731140136719
2021-03-26,36.065589904785156,20.957763671875,31.501989364624023,91.10420227050781,63.8503303527832,60.123226165771484,27.264501571655273,107.96697235107422,79.72103881835938,369.8386535644531
2021-03-29,35.943397521972656,20.708415985107422,31.22702407836914,91.12273406982422,63.518245697021484,60.7281379699707,27.556608200073242,108.47441101074219,79.28416442871094,369.6517028808594
2021-03-30,35.83930206298828,20.529714584350586,31.446992874145508,91.52117156982422,62.916656494140625,60.07939147949219,27.30746078491211,107.49641418457031,80.06187438964844,368.6711120605469
2021-03-31,35.662803649902344,20.388418197631836,31.208688735961914,91.22465515136719,63.91771697998047,59.88652801513672,27.509355545043945,107.7086181640625,80.68598175048828,370.1654968261719
2021-04-01,35.97506332397461,20.907896041870117,31.593647003173828,91.53044128417969,65.20269775390625,59.597225189208984,27.48358154296875,107.38571166992188,81.33407592773438,374.1629943847656
2021-04-05,36.41860580444336,20.409198760986328,31.84111785888672,92.66090393066406,66.55026245117188,60.35993957519531,27.784276962280273,108.13304901123047,83.18236541748047,379.5332946777344
2021-04-06,36.50006866455078,20.355173110961914,31.776952743530273,92.43853759765625,66.26631927490234,60.61418533325195,27.93032455444336,107.71783447265625,83.54243469238281,379.3091735839844
2021-04-07,35.87097930908203,20.425819396972656,31.932767868041992,92.01228332519531,66.6176528930664,60.465145111083984,27.895965576171875,107.47798156738281,83.29280090332031,379.7481689453125
2021-04-08,35.91623306274414,20.159849166870117,31.941930770874023,92.23468017578125,67.5801773071289,60.526512145996094,27.87448501586914,107.64405059814453,83.68645477294922,381.5506591796875
2021-04-09,36.228519439697266,20.0268611907959,32.21689224243164,93.13350677490234,68.22991180419922,60.421302795410156,27.844417572021484,108.82502746582031,84.4833755493164,384.32464599609375
2021-04-12,36.35525131225586,19.868940353393555,32.35437774658203,93.47633361816406,67.90264129638672,60.74568176269531,27.870187759399414,108.93574523925781,85.0258560180664,384.4647521972656
2021-04-13,36.26923751831055,19.889720916748047,32.051918029785156,93.02228546142578,68.5427474975586,60.421302795410156,28.20095443725586,109.3878402709961,85.92357635498047,385.6042175292969
2021-04-14,36.531742095947266,20.44244384765625,32.24440002441406,93.14274597167969,67.8160171508789,60.36870574951172,28.325531005859375,109.37860107421875,85.07866668701172,384.28729248046875
2021-04-15,36.96168518066406,20.276206970214844,32.21689224243164,93.51339721679688,68.9806900024414,60.85087203979492,28.639114379882812,111.25155639648438,85.6883544921875,388.41552734375
2021-04-16,37.40973663330078,20.1141357421875,32.44603729248047,93.71724700927734,68.96624755859375,61.201560974121094,28.87107276916504,112.08195495605469,86.35084533691406,389.7138366699219
2021-04-19,37.23775863647461,20.093351364135742,32.35437774658203,93.32807922363281,68.39353942871094,60.96484375,28.72502899169922,112.10961151123047,85.38111114501953,387.799072265625
2021-04-20,36.880218505859375,19.5614070892334,31.749465942382812,92.299560546875,67.7871322631836,61.29799270629883,29.09015464782715,112.54324340820312,84.30574035644531,384.9596862792969
2021-04-21,37.5500373840332,19.810760498046875,32.189395904541016,93.55974578857422,68.47054290771484,61.60483169555664,28.845306396484375,113.87185668945312,85.42913055419922,388.602294921875
2021-04-22,36.91643524169922,19.57803726196289,31.831951141357422,93.08715057373047,67.66680145263672,61.14896774291992,28.639114379882812,113.36439514160156,84.4833755493164,385.05316162109375
2021-04-23,37.52288055419922,19.756732940673828,32.427703857421875,94.10643005371094,68.67748260498047,60.991153717041016,28.600454330444336,114.11172485351562,85.36670684814453,389.22802734375
2021-04-26,37.74463653564453,19.889720916748047,32.556026458740234,93.82843780517578,69.02880859375,60.30733108520508,28.437217712402344,113.72422790527344,85.74118041992188,390.04058837890625
2021-04-27,37.64508056640625,20.130756378173828,32.812660217285156,94.60679626464844,68.86038970947266,60.263492584228516,28.2181396484375,113.06915283203125,85.6403579711914,389.9565734863281
2021-04-28,37.74916458129883,20.82478141784668,32.94097137451172,94.41219329833984,68.22028350830078,60.30733108520508,28.179475784301758,112.72777557373047,85.53953552246094,389.8444519042969
2021-04-29,37.98450469970703,21.05750274658203,33.527584075927734,95.07936096191406,68.16253662109375,60.94731521606445,28.437217712402344,112.27568054199219,85.56353759765625,392.3289489746094
2021-04-30,37.581722259521484,20.525558471679688,33.23427200317383,94.44925689697266,67.23367309570312,60.999908447265625,28.66059112548828,111.94352722167969,85.894775390625,389.7510986328125
2021-05-03,38.142906188964844,21.090749740600586,33.399253845214844,95.42220306396484,67.04596710205078,61.49964904785156,28.65629005432129,113.2167739868164,85.4867172241211,390.5917053222656
2021-05-04,38.55927276611328,21.10321617126465,33.66505432128906,95.83917999267578,65.84278869628906,61.184043884277344,28.548900604248047,113.33671569824219,84.59376525878906,388.18206787109375
2021-05-05,39.04804992675781,21.784770965576172,33.940025329589844,95.93183898925781,65.68399047851562,61.14019012451172,28.067785263061523,113.5396957397461,84.32975769042969,388.3033752441406
2021-05-06,39.37843322753906,21.896976470947266,34.44413375854492,96.5990219116211,66.34332275390625,61.92921829223633,28.28257179260254,113.68733215332031,84.51215362548828,391.40423583984375
2021-05-07,39.76765060424805,22.287626266479492,34.627437591552734,97.61827850341797,66.9112319946289,61.92921829223633,28.368486404418945,114.4715576171875,85.27068328857422,394.25286865234375
2021-05-10,39.59114074707031,22.29593849182129,34.59994125366211,97.71092224121094,65.22197723388672,62.40260314941406,28.65629005432129,114.6191635131836,83.75367736816406,390.3488464355469
2021-05-11,39.72238540649414,21.722434997558594,33.98585891723633,96.26541900634766,65.02464294433594,61.859073638916016,28.30405616760254,113.38285064697266,82.80789947509766,386.86505126953125
2021-05-12,38.722198486328125,21.82632827758789,33.6375617980957,93.9581527709961,63.195804595947266,61.03498840332031,27.642520904541016,112.31259155273438,80.00428009033203,378.6460266113281
2021-05-13,39.31507110595703,21.56035614013672,34.17832946777344,95.71871948242188,64.03321838378906,61.89413833618164,28.175180435180664,113.32749938964844,80.57075500488281,383.1945495605469
2021-05-14,39.785743713378906,22.229442596435547,34.71908950805664,97.04377746582031,65.4433364868164,62.165924072265625,28.312644958496094,113.89952850341797,81.9677963256836,389.07861328125
2021-05-17,40.13422393798828,22.744762420654297,34.78325271606445,96.74726104736328,64.96206665039062,62.07823944091797,28.080677032470703,113.68733215332031,81.81895446777344,388.0886535644531
2021-05-18,39.69070816040039,22.216976165771484,34.29747772216797,95.33882141113281,64.44229125976562,61.885379791259766,28.076385498046875,113.72422790527344,81.18047332763672,384.7449035644531
2021-05-19,39.08425521850586,21.664249420166016,34.086669921875,94.80138397216797,64.66849517822266,61.6837272644043,28.029129028320312,113.53047943115234,80.49874114990234,383.7362365722656
2021-05-20,39.10689163208008,21.631004333496094,34.1049919128418,95.0145034790039,65.90535736083984,62.25358200073242,28.273984909057617,114.72065734863281,81.3244857788086,387.8644714355469
2021-05-21,39.19287109375,21.676721572875977,34.44413375854492,95.47781372070312,65.54440307617188,62.262351989746094,28.4200382232666,114.73912048339844,80.91641998291016,387.546875
2021-05-24,39.541351318359375,21.892822265625,34.609100341796875,96.07083129882812,66.70907592773438,62.446468353271484,28.368486404418945,114.8498306274414,81.71814727783203,391.4976501464844
2021-05-25,39.20644760131836,21.448148727416992,34.26081848144531,95.78358459472656,66.72834014892578,62.463993072509766,28.024831771850586,114.50846862792969,81.97737884521484,390.6290283203125
2021-05-26,39.22003173828125,21.639320373535156,34.36164855957031,96.0893783569336,66.7235336303711,62.33247756958008,28.029129028320312,113.84415435791016,82.7599105834961,391.40423583984375
2021-05-27,39.53230667114258,21.655941009521484,34.75575256347656,97.4051513671875,66.3721923828125,61.94675064086914,27.84012222290039,113.59505462646484,83.09115600585938,391.6097412109375
2021-05-28,39.49156951904297,21.697500228881836,34.81991195678711,97.4051513671875,66.60802459716797,62.07823944091797,27.9904727935791,114.03791809082031,82.97594451904297,392.3102111816406
2021-06-01,40.0437126159668,22.532814025878906,35.030723571777344,97.78506469726562,66.28076171875,61.867855072021484,27.818645477294922,112.16495513916016,82.81751251220703,391.9646301269531
2021-06-02,39.70881271362305,22.952552795410156,35.08571243286133,97.50707244873047,66.73795318603516,62.09577560424805,27.96469497680664,111.94352722167969,82.43344116210938,392.5810546875
2021-06-03,39.69975280761719,23.014888763427734,35.168209075927734,97.2939682006836,66.11712646484375,62.48151397705078,28.132226943969727,112.284912109375,81.45411682128906,391.1240234375
2021-06-04,39.785743713378906,23.168657302856445,35.25987243652344,97.60902404785156,67.38768768310547,62.700687408447266,28.089271545410156,112.64473724365234,82.10701751708984,394.7011413574219
2021-06-07,39.301490783691406,23.06891632080078,35.030723571777344,96.93257904052734,67.37326049804688,62.59549331665039,28.14081382751465,113.05069732666016,82.10701751708984,394.3182678222656
2021-06-08,39.37390899658203,23.26839828491211,34.939064025878906,97.1827621459961,67.37805938720703,62.069488525390625,27.90026092529297,112.70010375976562,82.7695083618164,394.4022521972656
2021-06-09,39.0661506652832,23.122940063476562,34.609100341796875,96.1913070678711,67.42618560791016,61.77139663696289,28.149404525756836,113.78880310058594,82.31343078613281,393.81390380859375
2021-06-10,38.830806732177734,23.09385108947754,34.2058219909668,95.71871948242188,67.92188262939453,62.157142639160156,28.33411979675293,115.735595703125,82.70228576660156,395.6445617675781
2021-06-11,38.97564697265625,23.014888763427734,34.425804138183594,95.9133071899414,68.32616424560547,62.19220733642578,28.3985538482666,114.91442108154297,83.15355682373047,396.2983093261719
2021-06-14,38.49591827392578,22.915151596069336,34.06833267211914,95.47781372070312,69.01919555664062,62.157142639160156,28.458690643310547,115.01590728759766,83.17755889892578,397.1856384277344
2021-06-15,38.41445541381836,23.351512908935547,34.132503509521484,95.88552856445312,68.5956802368164,62.008121490478516,28.54460906982422,115.05279541015625,82.73590087890625,396.4570617675781
2021-06-16,37.98902130126953,23.226835250854492,34.09583282470703,94.97743225097656,68.22509765625,61.184043884277344,28.11504554748535,114.60994720458984,82.77429962158203,394.2435302734375
2021-06-17,37.14270782470703,22.437232971191406,33.08761978149414,93.51339721679688,69.01437377929688,61.40320587158203,28.269681930541992,115.48645782470703,83.08636474609375,394.1127624511719
2021-06-18,36.540794372558594,21.772300720214844,32.29022216796875,92.299560546875,68.38390350341797,60.31610870361328,27.535131454467773,114.16708374023438,82.64949798583984,388.7960510253906
2021-06-21,37.29941940307617,22.700124740600586,33.04384994506836,94.32966613769531,69.11677551269531,61.007896423339844,27.8918399810791,115.5388412475586,83.28653717041016,394.362060546875
2021-06-22,37.44941329956055,22.85126495361328,33.09907150268555,94.43191528320312,69.74356079101562,61.09613037109375,27.72300910949707,115.78893280029297,84.07019805908203,396.47039794921875
2021-06-23,37.20851516723633,22.91423988342285,33.163475036621094,94.21810913085938,69.66641998291016,60.71670913696289,27.42863655090332,115.30728149414062,84.71926879882812,395.992431640625
2021-06-24,37.32669448852539,23.11155891418457,33.57756042480469,94.95243835449219,70.10519409179688,61.0167121887207,27.402666091918945,115.90008544921875,85.00773620605469,398.3351135253906
2021-06-25,37.331233978271484,23.233306884765625,33.98244094848633,95.13835144042969,70.02323150634766,61.48438262939453,27.697032928466797,116.42803192138672,85.54622650146484,399.7500305175781
2021-06-28,37.331233978271484,22.44822883605957,33.73398971557617,94.63641357421875,70.75611114501953,61.53731918334961,27.874523162841797,116.60401916503906,85.56543731689453,400.5559387207031
2021-06-29,37.313053131103516,22.339075088500977,33.6143684387207,94.45050048828125,71.27201080322266,61.2637825012207,27.424304962158203,116.73368072509766,85.77699279785156,400.7714538574219
2021-06-30,37.41305923461914,22.61615753173828,33.761600494384766,95.18482971191406,71.19486999511719,61.74028015136719,27.372360229492188,116.65959930419922,85.84429931640625,401.10870361328125
2021-07-01,37.61759567260742,23.010799407958984,34.0284538269043,95.8634033203125,71.3154067993164,61.554962158203125,27.671058654785156,117.69698333740234,86.32991027832031,403.32952880859375
2021-07-02,37.67213439941406,22.960416793823242,33.99164962768555,96.01211547851562,72.25562286376953,61.70497512817383,27.714351654052734,118.82698059082031,87.08953094482422,406.41241455078125
2021-07-06,37.11305618286133,22.213123321533203,33.45793533325195,95.09187316894531,72.53043365478516,61.44908142089844,27.831235885620117,118.71582794189453,87.19049835205078,405.6720886230469
2021-07-07,37.499412536621094,21.852069854736328,33.503944396972656,96.04000854492188,72.92581176757812,61.77556610107422,28.01305389404297,119.46611022949219,87.14244079589844,407.1058044433594
2021-07-08,36.990333557128906,21.72612190246582,32.832210540771484,94.70146179199219,72.23633575439453,61.54615020751953,27.93079948425293,118.80845642089844,86.92608642578125,403.78863525390625
2021-07-09,37.717594146728516,22.18793487548828,33.78000259399414,96.19802856445312,72.90169525146484,61.899112701416016,27.965435028076172,119.21600341796875,87.73859405517578,408.09906005859375
2021-07-12,37.8403205871582,22.154348373413086,34.111270904541016,96.32817077636719,72.95954895019531,61.80204391479492,28.05634117126465,119.44756317138672,88.33959197998047,409.5608215332031
2021-07-13,37.494869232177734,21.98641586303711,33.74319839477539,95.39862060546875,73.25849151611328,61.78439712524414,27.84421730041504,119.33641815185547,87.28184509277344,408.1646423339844
2021-07-14,37.41759490966797,21.33148193359375,33.586761474609375,95.38934326171875,73.79849243164062,62.33147430419922,28.086645126342773,119.22526550292969,87.12319946289062,408.77362060546875
2021-07-15,37.42214584350586,21.03340721130371,33.69719314575195,95.57523345947266,73.19097900390625,62.58735275268555,28.402667999267578,118.80845642089844,86.65204620361328,407.37750244140625
2021-07-16,36.858516693115234,20.43724822998047,33.23710250854492,94.72935485839844,72.46775817871094,62.684417724609375,28.68838119506836,119.13265991210938,85.58468627929688,404.1821594238281
2021-07-19,36.0676155090332,19.715147018432617,32.307708740234375,92.74942016601562,71.46971130371094,62.49911117553711,28.233837127685547,117.88220977783203,84.60387420654297,398.2133483886719
2021-07-20,36.47669982910156,19.97963523864746,33.108272552490234,95.34285736083984,72.53043365478516,62.516761779785156,28.355045318603516,119.3178939819336,86.16643524169922,403.91986083984375
2021-07-21,36.87670135498047,20.676551818847656,33.67878341674805,96.25379943847656,73.22955322265625,62.3579216003418,28.043354034423828,119.51239776611328,86.95972442626953,407.19012451171875
2021-07-22,36.89033508300781,20.445648193359375,33.310707092285156,95.90057373046875,73.76956939697266,62.25205993652344,28.086645126342773,120.3923110961914,87.33474731445312,408.0428161621094
2021-07-23,37.1494255065918,20.370075225830078,33.36592102050781,96.3095703125,74.50245666503906,63.002079010009766,28.44595718383789,121.78168487548828,88.11361694335938,412.24072265625
2021-07-26,37.463050842285156,20.873876571655273,33.55915832519531,96.26310729980469,74.46387481689453,63.10795974731445,28.454614639282227,120.99435424804688,88.76749420166016,413.2527160644531
2021-07-27,37.513057708740234,20.68075180053711,33.54995346069336,95.73326110839844,73.75994873046875,63.24032211303711,28.94379425048828,121.55937957763672,87.86839294433594,411.3692932128906
2021-07-28,37.62213134765625,20.869670867919922,33.503944396972656,95.51016235351562,73.6683120727539,62.684417724609375,28.72301483154297,121.99472045898438,87.58474731445312,411.20062255859375
2021-07-29,38.0357780456543,21.071189880371094,33.87202453613281,96.26310729980469,74.01065063476562,62.99323654174805,28.800928115844727,122.29108428955078,88.57037353515625,412.9059753417969
2021-07-30,38.19032287597656,20.73532485961914,33.60517120361328,96.07719421386719,73.96243286132812,63.099143981933594,28.55850601196289,122.40226745605469,86.7481918334961,410.9007568359375
2021-08-02,37.7266845703125,20.579992294311523,33.6143684387207,95.41720581054688,73.69722747802734,62.83442306518555,28.779293060302734,122.56898498535156,86.99819946289062,410.0387268066406
2021-08-03,38.117584228515625,20.932647705078125,33.99164962768555,96.66279602050781,74.16976928710938,63.11677169799805,28.94379425048828,124.27323913574219,87.64244842529297,413.3746032714844
2021-08-04,37.75395584106445,20.365877151489258,33.706382751464844,95.35215759277344,74.31922912597656,62.296165466308594,28.90050506591797,123.74530792236328,86.79145812988281,411.3412170410156
2021-08-05,37.69940948486328,20.59678840637207,34.148075103759766,95.79833221435547,74.72905731201172,62.59617233276367,29.21651840209961,123.23588562011719,87.62322235107422,413.9461364746094
2021-08-06,38.24486541748047,20.78570556640625,34.83821487426758,96.24449157714844,74.66636657714844,62.59617233276367,29.199203491210938,123.13399505615234,87.02703857421875,414.630126953125
2021-08-09,38.199405670166016,20.49182891845703,34.930233001708984,95.8634033203125,74.42529296875,62.825592041015625,29.1905460357666,123.60636138916016,86.9068374633789,414.2928771972656
2021-08-10,38.77666473388672,20.852880477905273,35.29831314086914,96.83941650390625,73.8901138305664,63.275611877441406,29.22084617614746,123.31922912597656,87.24821472167969,414.80816650390625
2021-08-11,39.322120666503906,21.016611099243164,35.70319366455078,98.09429168701172,73.89974975585938,63.48739242553711,29.493576049804688,122.09661102294922,87.50303649902344,415.83905029296875
2021-08-12,39.25848388671875,20.995622634887695,35.767608642578125,97.90837860107422,74.32402801513672,63.45209503173828,29.523880004882812,123.05989837646484,87.5414810180664,417.0851745605469
2021-08-13,39.294837951660156,20.7479190826416,35.50074768066406,97.60163116455078,74.72905731201172,63.981529235839844,29.731664657592773,123.82867431640625,87.29147338867188,417.8442687988281
2021-08-16,39.099395751953125,20.365877151489258,35.408729553222656,97.9362564086914,75.06657409667969,64.35213470458984,29.91349220275879,125.23654174804688,86.88760375976562,418.82806396484375
2021-08-17,38.64939880371094,20.155961990356445,35.16027069091797,96.87659454345703,74.444580078125,64.38740539550781,29.930810928344727,126.71852111816406,84.82504272460938,416.0826110839844
2021-08-18,38.199405670166016,19.736135482788086,34.72779846191406,95.8169174194336,73.41758728027344,63.584442138671875,29.7792911529541,124.79194641113281,85.1279525756836,411.5285949707031
2021-08-19,37.85850143432617,19.223949432373047,34.47013854980469,95.14764404296875,74.13601684570312,64.09623718261719,29.900501251220703,125.35693359375,84.58464813232422,412.1657409667969
2021-08-20,38.08123016357422,19.26593017578125,34.68177795410156,95.39862060546875,75.0906753540039,64.20211791992188,30.272798538208008,126.07013702392578,85.39717102050781,415.4454345703125
2021-08-23,38.40848922729492,19.988035202026367,34.967044830322266,96.17943572998047,76.0597915649414,63.9991455078125,29.8831844329834,126.11647033691406,86.49817657470703,419.0998229980469
2021-08-24,38.64939880371094,20.319700241088867,35.178688049316406,96.66279602050781,75.97301483154297,63.51386260986328,29.688385009765625,125.67186737060547,87.10877990722656,419.76519775390625
2021-08-25,38.82666015625,20.475032806396484,35.59276580810547,97.28560638427734,75.92961883544922,63.4079704284668,29.744653701782227,125.32918548583984,87.44532775878906,420.6460876464844
2021-08-26,38.55849838256836,20.164358139038086,35.417938232421875,96.85798645019531,75.4522933959961,63.11677169799805,29.67107582092285,124.83824920654297,86.63761138916016,418.1628723144531
2021-08-27,39.06757354736328,20.70174789428711,35.887229919433594,97.52725982666016,76.18034362792969,63.337371826171875,29.66240692138672,124.6993408203125,87.42608642578125,421.9016418457031
2021-08-30,39.02665710449219,20.458240509033203,35.381134033203125,97.41571044921875,77.0,63.619747161865234,29.705699920654297,125.40326690673828,88.08477783203125,423.7569885253906
2021-08-31,38.91303253173828,20.319700241088867,35.335121154785156,97.14616394042969,76.59500885009766,63.760929107666016,29.67107582092285,125.23654174804688,88.2962875366211,423.129150390625
2021-09-01,38.813026428222656,20.021621704101562,35.1326789855957,96.77434539794922,76.61427307128906,64.09623718261719,30.06067657470703,125.27357482910156,88.29151153564453,423.35406494140625
2021-09-02,39.06304168701172,20.529611587524414,35.252296447753906,97.81542205810547,76.5323257446289,64.34329986572266,30.33340835571289,126.61665344238281,88.28670501708984,424.65655517578125
2021-09-03,38.803932189941406,20.41206169128418,35.031455993652344,97.22052764892578,76.83607482910156,64.26387786865234,30.082321166992188,126.7555923461914,88.23382568359375,424.553466796875
2021-09-07,38.54939270019531,20.290311813354492,34.81981658935547,95.5380630493164,76.85535430908203,63.522674560546875,29.684053421020508,126.01461029052734,88.49346160888672,423.0354309082031
2021-09-08,38.181217193603516,20.03001594543457,34.73699188232422,95.6681900024414,76.56123352050781,64.06976318359375,30.216524124145508,125.95899200439453,88.59440612792969,422.52001953125
2021-09-09,38.19486999511719,20.07199478149414,34.83821487426758,95.20341491699219,76.27193450927734,63.69915771484375,30.052017211914062,124.50482940673828,88.47903442382812,420.711669921875
2021-09-10,38.18577194213867,20.063600540161133,34.580570220947266,94.77582550048828,75.51979064941406,63.42560958862305,29.63210678100586,123.36555480957031,87.93572235107422,417.3943786621094
2021-09-13,38.17668151855469,20.638769149780273,34.97623825073242,95.02680969238281,75.54390716552734,63.584442138671875,29.58016586303711,122.60604858398438,88.15206909179688,418.4627380371094
2021-09-14,37.75850296020508,20.340688705444336,34.50695037841797,93.88346099853516,75.44746398925781,63.29326629638672,29.480588912963867,122.5875244140625,87.85880279541016,416.2044372558594
2021-09-15,38.15850067138672,21.100574493408203,34.83821487426758,94.9152603149414,76.1080322265625,63.522674560546875,29.441627502441406,123.38409423828125,88.42610931396484,419.6808166503906
2021-09-16,37.744873046875,20.86127471923828,34.73699188232422,94.26460266113281,76.15140533447266,63.310909271240234,29.194868087768555,123.06916046142578,88.82999420166016,419.0155334472656
2021-09-17,36.96760559082031,20.7059383392334,34.580570220947266,93.26068878173828,74.96531677246094,62.96678161621094,28.744657516479492,123.18955993652344,88.5174789428711,414.933837890625
2021-09-20,36.25725173950195,20.073644638061523,33.77838134765625,92.19105529785156,73.599853515625,62.33815002441406,28.691875457763672,121.90406799316406,86.49756622314453,408.01519775390625
2021-09-21,36.170509338378906,20.12038803100586,33.732181549072266,91.70612335205078,73.62884521484375,62.26712417602539,28.613365173339844,122.08999633789062,86.62757110595703,407.62982177734375
2021-09-22,36.54486846923828,20.74078369140625,34.295921325683594,92.43352508544922,74.6383285522461,62.4446907043457,28.595918655395508,122.2944564819336,87.80725860595703,411.60614013671875
2021-09-23,37.06529998779297,21.46741485595703,35.13691329956055,93.85099029541016,75.63813781738281,62.6755485534668,28.443252563476562,123.17745971679688,88.69805145263672,416.607177734375
2021-09-24,37.010520935058594,21.628887176513672,35.321754455566406,94.04681396484375,75.6912612915039,62.70218276977539,28.4127254486084,122.67554473876953,89.03028106689453,417.2934265136719
2021-09-27,37.298126220703125,22.39800453186035,35.80232238769531,94.14005279541016,74.95710754394531,62.41807556152344,28.07686996459961,120.92808532714844,89.50696563720703,416.099609375
2021-09-28,36.8370361328125,22.47449493408203,35.21084976196289,93.0489730834961,72.73527526855469,61.681121826171875,27.723562240600586,118.85530853271484,87.7831802368164,407.71441650390625
2021-09-29,36.6863899230957,22.47449493408203,35.23857116699219,93.15158081054688,72.64351654052734,62.2404899597168,28.085590362548828,119.7940902709961,87.86984252929688,408.4006652832031
2021-09-30,36.11573028564453,22.134550094604492,34.68407440185547,91.23986053466797,72.12186431884766,61.12176513671875,27.86313819885254,118.32549285888672,86.40607452392578,403.4089660644531
2021-10-01,36.690948486328125,22.8781795501709,35.25706481933594,92.48946380615234,73.20863342285156,61.28157424926758,27.86313819885254,118.3533706665039,87.05612182617188,408.2031555175781
2021-10-04,36.531166076660156,23.252113342285156,34.952083587646484,91.98589324951172,71.51329803466797,61.08625411987305,28.246976852416992,116.5501480102539,86.3675537109375,402.93890380859375
2021-10-05,36.85530090332031,23.388092041015625,35.63596725463867,93.01168823242188,72.53243255615234,61.396995544433594,28.17718505859375,117.24725341796875,86.7142333984375,407.131591796875
2021-10-06,36.786827087402344,23.141630172729492,35.67293930053711,93.42200469970703,73.0057601928711,61.99189376831055,28.613365173339844,117.03349304199219,86.98870849609375,408.8236389160156
2021-10-07,37.266178131103516,23.32010269165039,35.88550567626953,94.1493911743164,73.67232513427734,62.26712417602539,28.460702896118164,118.58574676513672,88.34175109863281,412.3581848144531
2021-10-08,37.060733795166016,24.03823471069336,36.06108856201172,94.14005279541016,73.39700317382812,62.19609832763672,28.251338958740234,117.9908676147461,87.93727111816406,411.60614013671875
2021-10-11,37.06529998779297,23.94900131225586,35.70066452026367,93.38471221923828,72.99127960205078,62.17833709716797,27.867502212524414,117.0706558227539,87.5809555053711,408.62628173828125
2021-10-12,37.11552047729492,23.970239639282227,35.589752197265625,93.07696533203125,72.61454772949219,62.204978942871094,28.055057525634766,116.50366973876953,88.2743148803711,407.62042236328125
2021-10-13,37.39400100708008,23.94900131225586,35.386444091796875,93.27279663085938,73.05890655517578,62.320404052734375,28.382192611694336,116.68956756591797,88.70770263671875,409.0869140625
2021-10-14,38.302494049072266,24.24219512939453,35.97791290283203,95.03531646728516,74.70594787597656,63.021827697753906,28.73114013671875,118.3626708984375,89.63697052001953,415.9678955078125
2021-10-15,38.416622161865234,24.361177444458008,36.51393508911133,95.9491958618164,75.30486297607422,62.87087631225586,28.648258209228516,118.94824981689453,91.00926208496094,419.1358642578125
2021-10-18,38.38922119140625,24.378173828125,36.523170471191406,96.01447296142578,75.94243621826172,62.49797058105469,28.37347412109375,118.13957977294922,92.12155151367188,420.3767395019531
2021-10-19,38.59009552001953,24.654376983642578,36.88359832763672,96.58334350585938,76.69590759277344,62.52462387084961,28.73114013671875,119.69184875488281,91.86151885986328,423.6198425292969
2021-10-20,38.90053176879883,24.854097366333008,37.1793327331543,97.1894760131836,76.48339080810547,62.888641357421875,29.184762954711914,121.4021224975586,91.79410552978516,425.28369140625
2021-10-21,38.80009841918945,24.39517593383789,37.022216796875,97.38531494140625,76.77802276611328,62.80875015258789,29.184762954711914,121.89476776123047,93.14232635498047,426.3930358886719
2021-10-22,38.7270622253418,24.624635696411133,37.53975296020508,97.73033905029297,76.51237487792969,63.29707336425781,29.333065032958984,122.38741302490234,92.81009674072266,425.9512023925781
2021-10-25,39.11509704589844,24.985822677612305,37.49354553222656,97.95414733886719,76.76351165771484,63.252681732177734,29.206573486328125,122.53611755371094,95.11167907714844,428.2354431152344
2021-10-26,39.22467041015625,25.13030242919922,37.52126693725586,97.34801483154297,76.98088073730469,63.474666595458984,29.363597869873047,123.1402816772461,95.12615203857422,428.62091064453125
2021-10-27,38.66313934326172,24.407922744750977,36.902076721191406,96.21031188964844,76.91326141357422,63.101722717285156,29.167316436767578,122.16431427001953,95.33800506591797,426.7220153808594
2021-10-28,39.046627044677734,24.582138061523438,37.35491943359375,97.41329193115234,77.6860580444336,63.323707580566406,29.35923194885254,123.18677520751953,96.60437774658203,430.8393859863281
2021-10-29,38.85944747924805,24.420669555664062,37.207054138183594,97.44126892089844,78.01931762695312,63.26156234741211,29.184762954711914,124.3858413696289,96.854736328125,431.713623046875
2021-11-01,38.95075225830078,24.841350555419922,37.22553634643555,97.71170806884766,77.90340423583984,63.35921859741211,29.289447784423828,124.23709869384766,98.63148498535156,432.45623779296875
2021-11-02,39.39358139038086,24.60763931274414,37.317955017089844,98.03809356689453,78.58929443359375,63.7854118347168,29.315608978271484,125.01788330078125,97.96703338623047,434.2046813964844
2021-11-03,39.804447174072266,24.403671264648438,37.456581115722656,97.82360076904297,79.0481185913086,64.38030242919922,29.206573486328125,125.75218963623047,99.72933197021484,436.8556823730469
2021-11-04,39.78163146972656,24.437664031982422,36.966766357421875,98.21527099609375,80.28461456298828,64.44244384765625,29.045181274414062,124.88775634765625,101.07272338867188,438.9143371582031
2021-11-05,40.092063903808594,24.756364822387695,36.98525619506836,99.21308135986328,80.69998168945312,64.81533813476562,29.319982528686523,123.4935073852539,101.72274017333984,440.43719482421875
2021-11-08,40.594242095947266,24.981576919555664,37.18857192993164,99.62339782714844,81.13469696044922,64.30036926269531,28.88379669189453,124.22783660888672,100.28306579589844,440.8132019042969
2021-11-09,40.78142547607422,25.083553314208984,36.98525619506836,99.87519836425781,80.80142974853516,64.52235412597656,29.032094955444336,123.77236938476562,98.42926788330078,439.3561706542969
2021-11-10,40.50293731689453,24.420669555664062,36.92056655883789,99.31568145751953,79.46834564208984,64.71768951416016,29.267637252807617,124.1255874633789,98.0633316040039,435.82159423828125
2021-11-11,40.82707595825195,24.5141544342041,37.022216796875,98.90534973144531,79.84024810791016,64.67327880859375,29.088804244995117,123.76304626464844,97.79849243164062,435.9625549316406
2021-11-12,41.13294219970703,24.45465850830078,37.10540771484375,99.68867492675781,80.81108856201172,64.67327880859375,29.071359634399414,124.37652587890625,98.12590789794922,439.2527160644531
2021-11-15,40.945762634277344,24.658628463745117,37.10540771484375,99.87519836425781,80.72899627685547,64.98405456542969,29.455188751220703,123.60503387451172,98.0440673828125,439.40313720703125
2021-11-16,40.831634521484375,24.696870803833008,37.06843185424805,99.89384460449219,81.57906341552734,64.57562255859375,29.315608978271484,124.1255874633789,99.58969116210938,441.14227294921875
2021-11-17,40.562294006347656,24.318687438964844,36.64331817626953,99.2970199584961,81.33273315429688,64.4335708618164,29.341787338256836,124.30215454101562,100.22528076171875,440.070556640625
2021-11-18,40.3888053894043,24.174209594726562,36.45848846435547,99.09186553955078,82.14415740966797,64.20271301269531,29.18912696838379,124.3486557006836,101.36161804199219,441.56524658203125
2021-11-19,40.31575393676758,23.230871200561523,36.06108856201172,98.59762573242188,82.74308776855469,63.971866607666016,29.35487174987793,123.59575653076172,101.79979705810547,440.7756042480469
2021-11-22,40.37967300415039,23.643049240112305,36.56938171386719,98.86805725097656,81.820556640625,64.47795867919922,29.53370475769043,123.0380630493164,101.54459381103516,439.5347595214844
2021-11-23,40.420772552490234,24.369674682617188,37.142356872558594,99.03589630126953,81.6322021484375,64.90413665771484,29.56423568725586,123.16818237304688,100.80789947509766,440.1175842285156
2021-11-24,40.13315200805664,24.60763931274414,37.05918884277344,98.92401123046875,82.2262954711914,64.70880889892578,29.581687927246094,123.1217269897461,101.01496887207031,441.2926940917969
2021-11-26,39.44379425048828,23.617555618286133,35.830039978027344,96.24761962890625,80.17352294921875,63.89194869995117,29.119338989257812,122.666259765625,98.26074981689453,431.4504089355469
2021-11-29,39.62641143798828,23.753530502319336,35.940948486328125,96.41545104980469,82.177978515625,64.0517807006836,29.5511531829834,123.0008773803711,99.78711700439453,436.7428283691406
2021-11-30,38.64487838745117,23.19687271118164,35.08146286010742,93.97220611572266,81.49209594726562,62.4091911315918,28.687517166137695,120.58416748046875,98.43889617919922,428.2448425292969
2021-12-01,38.25226593017578,22.950414657592773,34.69332504272461,92.66663360595703,80.37638092041016,62.10730743408203,28.7398624420166,120.3703842163086,96.66213989257812,423.4882507324219
2021-12-02,39.03293228149414,23.617555618286133,35.72838592529297,95.41764831542969,81.11536407470703,62.764347076416016,29.106250762939453,120.95597839355469,98.03923797607422,429.9745178222656
2021-12-03,38.94618225097656,23.430583953857422,35.14615249633789,95.30574035644531,79.75814819335938,63.54568099975586,29.398488998413086,121.1790542602539,96.13246154785156,426.2331848144531
2021-12-06,39.516849517822266,23.779024124145508,35.68217086791992,96.91902923583984,80.51646423339844,64.6644287109375,29.847747802734375,121.86690521240234,97.23030853271484,431.2811279296875
2021-12-07,40.11946105957031,24.335681915283203,36.319854736328125,97.90752410888672,83.3275146484375,64.80646514892578,30.070199966430664,123.437744140625,99.49820709228516,440.2021789550781
2021-12-08,40.28837203979492,24.331432342529297,36.125770568847656,98.14999389648438,83.70909881591797,64.60224914550781,30.039669036865234,124.36724853515625,99.74861145019531,441.3677978515625
2021-12-09,40.064674377441406,24.144466400146484,36.05183029174805,97.84224700927734,82.8058853149414,64.77981567382812,30.000411987304688,124.65541076660156,98.01998901367188,438.387939453125
2021-12-10,40.31120300292969,24.322935104370117,36.08881378173828,98.24324035644531,84.46741485595703,65.87194061279297,30.161806106567383,125.09225463867188,98.70370483398438,442.5146789550781
2021-12-13,40.069236755371094,23.64729881286621,35.70066452026367,97.22679901123047,83.21161651611328,66.7331771850586,30.53255844116211,126.2727279663086,96.16136169433594,438.5946960449219
2021-12-14,40.02815628051758,23.549562454223633,35.91322708129883,96.3035659790039,81.84473419189453,66.7775650024414,30.349353790283203,125.76148986816406,95.60282897949219,435.5771789550781
2021-12-15,40.11489486694336,23.434833526611328,36.0148811340332,97.14283752441406,84.01337432861328,67.45234680175781,30.846607208251953,128.33621215820312,96.81622314453125,442.3830261230469
2021-12-16,40.52576446533203,23.583559036254883,36.46772766113281,97.1894760131836,81.6322021484375,67.93182373046875,31.00362777709961,129.09837341308594,94.67832946777344,438.4819030761719
2021-12-17,40.019020080566406,23.10338592529297,35.6636962890625,95.52955627441406,81.08641052246094,66.7686767578125,30.536922454833984,128.19676208496094,94.03312683105469,433.8152160644531
2021-12-20,39.30415344238281,22.817153930664062,34.970947265625,93.99909973144531,80.12195587158203,66.78836059570312,30.56593132019043,127.42044830322266,92.51509094238281,429.2023010253906
2021-12-21,39.79969787597656,23.46710777282715,35.69525909423828,95.87122344970703,82.14957427978516,66.698974609375,30.52197265625,127.95230102539062,94.91173553466797,436.8244934082031
2021-12-22,40.11629867553711,23.617755889892578,35.86241149902344,96.1426773071289,83.2238540649414,67.1191177368164,30.65385627746582,129.44522094726562,96.64292907714844,441.192138671875
2021-12-23,40.52006530761719,23.63066864013672,36.04813003540039,97.2752914428711,83.68841552734375,67.2710952758789,30.649456024169922,129.97708129882812,97.98353576660156,443.9371643066406
2021-12-27,41.13031768798828,24.14718246459961,36.41957092285156,98.30496215820312,85.48373413085938,67.98627471923828,30.798927307128906,131.3486785888672,98.93832397460938,450.21990966796875
2021-12-28,41.36893081665039,24.12997055053711,36.438140869140625,98.80107879638672,85.0385513305664,68.37068939208984,31.075878143310547,131.0034637451172,98.98173522949219,449.85205078125
2021-12-29,41.5386962890625,23.975013732910156,36.39171600341797,98.97892761230469,85.11113739013672,68.6835708618164,31.242931365966797,131.74990844726562,99.17943572998047,450.427490234375
2021-12-30,41.39186096191406,23.828664779663086,36.32670211791992,98.62321472167969,84.5497817993164,68.46900177001953,31.35722541809082,132.0205078125,98.82260131835938,449.1822509765625
2021-12-31,41.575401306152344,23.888927459716797,36.2617073059082,99.04444885253906,84.13845825195312,68.93387603759766,31.467134475708008,131.46067810058594,98.5863037109375,448.05023193359375
2022-01-03,41.03397750854492,24.629268646240234,36.70743942260742,98.2300796508789,84.93693542480469,68.92494201660156,31.155006408691406,130.10769653320312,101.41698455810547,450.6444091796875
2022-01-04,41.5386962890625,25.48151969909668,37.673179626464844,100.2051773071289,84.03683471679688,69.3897933959961,31.058298110961914,128.390869140625,100.79972839355469,450.4934997558594
2022-01-05,41.53410339355469,25.47721290588379,37.23674011230469,99.2503890991211,81.45272064208984,69.32723999023438,31.04071044921875,127.4764633178711,98.07997131347656,441.843017578125
2022-01-06,41.01102828979492,26.045387268066406,37.784603118896484,99.70905303955078,81.04138946533203,69.13949584960938,30.71979522705078,126.002197265625,97.82439422607422,441.4280090332031
2022-01-07,40.974327087402344,26.40264320373535,38.23033142089844,99.68096923828125,80.2961654663086,69.21100616455078,30.952787399291992,125.35838317871094,96.19446563720703,439.68280029296875
2022-01-10,40.556785583496094,26.32086181640625,38.10033416748047,98.55769348144531,80.31067657470703,68.66567993164062,30.750568389892578,126.64602661132812,95.60613250732422,439.1357116699219
2022-01-11,41.00185775756836,27.216156005859375,38.43461608886719,99.14741516113281,81.273681640625,68.58523559570312,30.47361946105957,127.6537094116211,96.52719116210938,443.1354675292969
2022-01-12,41.4148063659668,27.26780891418457,38.46247863769531,99.46569061279297,81.65599060058594,68.6120376586914,30.570331573486328,127.28984832763672,97.16374969482422,444.33343505859375
2022-01-13,41.09362030029297,27.13007354736328,38.31390380859375,99.68096923828125,79.54124450683594,68.73721313476562,30.71979522705078,125.31173706054688,95.21072387695312,438.211181640625
2022-01-14,40.744903564453125,27.767112731933594,37.91461944580078,99.08189392089844,80.21392822265625,68.86236572265625,30.508779525756836,125.09711456298828,94.76708221435547,438.3904113769531
2022-01-18,40.20806121826172,27.8790225982666,37.069583892822266,97.93990325927734,78.28791046142578,67.87006378173828,30.143909454345703,123.3429183959961,92.97318267822266,430.6267395019531
2022-01-19,40.10712432861328,27.676721572875977,36.447425842285156,96.8447265625,77.19427490234375,68.29915618896484,30.28019142150879,122.83906555175781,91.2950439453125,426.1553039550781
2022-01-20,39.52439880371094,27.422765731811523,36.21527862548828,95.60911560058594,76.19740295410156,67.85218811035156,30.319753646850586,122.03662872314453,89.63136291503906,421.4385986328125
2022-01-21,38.56083679199219,26.88041877746582,35.47239685058594,94.72921752929688,74.68275451660156,67.90582275390625,30.262601852416992,120.80499267578125,87.00322723388672,413.1654968261719
2022-01-24,38.58376693725586,27.06120491027832,35.574546813964844,95.27214050292969,75.06987762451172,67.68231964111328,29.972461700439453,120.40373229980469,88.04965209960938,414.9200744628906
2022-01-25,38.23505783081055,28.1114559173584,35.72311782836914,94.33609008789062,73.33259582519531,66.93140411376953,29.502086639404297,119.62932586669922,86.5595932006836,409.8543395996094
2022-01-26,37.83586883544922,28.064109802246094,35.815982818603516,93.51234436035156,73.76327514648438,66.42182922363281,29.26029396057129,119.00414276123047,86.14004516601562,408.8260498046875
2022-01-27,37.9643440246582,28.369714736938477,35.490970611572266,92.67924499511719,73.25518035888672,66.86881256103516,29.519668579101562,119.31206512451172,84.05200958251953,406.8072204589844
2022-01-28,38.184574127197266,28.249189376831055,35.95526885986328,93.32513427734375,76.45873260498047,67.655517578125,29.87574577331543,121.74738311767578,85.88447570800781,416.9105224609375
2022-01-31,38.74895477294922,28.374013900756836,36.270992279052734,94.29863739013672,78.37986755371094,67.91475677490234,30.442842483520508,122.44721221923828,89.1877212524414,424.41949462890625
2022-02-01,39.345455169677734,29.38552474975586,36.77243423461914,95.59976196289062,78.58308410644531,67.85218811035156,30.03841209411621,122.77375793457031,89.72781372070312,427.28729248046875
2022-02-02,39.469337463378906,29.480224609375,37.023162841796875,96.26436614990234,79.22187805175781,68.66567993164062,30.482402801513672,124.4253158569336,89.19254302978516,431.43798828125
2022-02-03,38.781070709228516,29.2004451751709,36.61457443237305,94.72921752929688,76.92328643798828,68.6835708618164,30.346126556396484,123.89344787597656,86.46314239501953,421.2970275878906
2022-02-04,38.138702392578125,29.656707763671875,37.23674011230469,93.70890808105469,77.23297882080078,67.84323120117188,30.104351043701172,123.44558715820312,88.92249298095703,423.278076171875
2022-02-07,37.9505729675293,30.035484313964844,37.348175048828125,93.78382110595703,76.72002410888672,67.96839904785156,30.06038475036621,123.23096466064453,88.73926544189453,421.9196472167969
2022-02-08,38.53789138793945,29.38983917236328,37.86817169189453,94.7198715209961,77.66850280761719,68.22763061523438,30.082359313964844,124.23866271972656,89.98820495605469,425.3911437988281
2022-02-09,39.37757110595703,29.635181427001953,38.10962677001953,96.02101135253906,79.39125061035156,68.24552154541016,30.214248657226562,125.1997299194336,91.17931365966797,431.61724853515625
2022-02-10,39.14814758300781,29.45009422302246,37.77532196044922,94.44842529296875,77.31522369384766,67.51245880126953,29.449325561523438,123.24030303955078,89.60725402832031,423.8629150390625
2022-02-11,38.54247283935547,30.306657791137695,37.24602127075195,93.00688171386719,74.95372772216797,67.2710952758789,29.466909408569336,121.53279113769531,87.03216552734375,415.5049133300781
2022-02-14,38.22587585449219,29.592138290405273,36.82815933227539,92.66053009033203,74.9295425415039,67.08336639404297,29.21633529663086,120.29178619384766,87.52884674072266,414.1465148925781
2022-02-15,38.92790222167969,29.282228469848633,37.329593658447266,94.05526733398438,76.89907836914062,67.19957733154297,29.080059051513672,121.64474487304688,89.48668670654297,420.82537841796875
2022-02-16,39.21238327026367,29.518970489501953,37.35744857788086,94.55136108398438,76.82164764404297,67.32473754882812,29.146005630493164,121.83136749267578,89.74227905273438,421.2970275878906
2022-02-17,38.54247283935547,29.471616744995117,36.42885971069336,92.81967163085938,74.52304077148438,67.84323120117188,29.16358184814453,119.87190246582031,87.34078979492188,412.29754638671875
2022-02-18,38.478233337402344,29.290836334228516,36.41957092285156,92.05207824707031,73.76813507080078,67.96839904785156,29.110828399658203,118.97614288330078,86.80070495605469,409.6278991699219
2022-02-22,37.932220458984375,28.817359924316406,36.233856201171875,91.162841796875,73.08582305908203,67.44097900390625,29.080059051513672,118.67756652832031,84.26900482177734,405.23193359375
2022-02-23,37.44585418701172,29.114360809326172,35.6024055480957,89.4872817993164,71.2566146850586,66.89566040039062,28.587697982788086,118.08040618896484,81.45281982421875,398.04364013671875
2022-02-24,37.335731506347656,28.886226654052734,35.175254821777344,90.62928771972656,73.69071960449219,65.7424087524414,28.81629753112793,118.55625915527344,83.314208984375,404.0339050292969
2022-02-25,38.69847869873047,29.648094177246094,36.308135986328125,92.79158782958984,74.69242858886719,67.86111450195312,29.708702087402344,122.18590545654297,84.96341705322266,412.9484558105469
2022-02-28,38.25798797607422,30.379823684692383,35.769561767578125,93.50299072265625,74.55693817138672,66.95821380615234,29.862558364868164,121.26219177246094,85.56135559082031,411.891845703125
2022-03-01,37.377017974853516,30.6854305267334,34.45094299316406,92.1082534790039,73.06645202636719,66.56484985351562,29.603185653686523,120.59037017822266,84.26419067382812,405.6187438964844
2022-03-02,38.19834899902344,31.38703155517578,35.3423957824707,94.0739974975586,74.64886474609375,67.2710952758789,29.96367073059082,122.40986633300781,86.03395080566406,413.08056640625
2022-03-03,38.24422073364258,31.473121643066406,35.23095703125,94.17694091796875,73.75845336914062,67.81642150878906,30.4912052154541,123.03504180908203,84.08576965332031,411.02398681640625
2022-03-04,38.11116409301758,32.3813362121582,34.5716667175293,93.97100830078125,72.4664077758789,67.82536315917969,31.163795471191406,123.65084075927734,82.74999237060547,407.6845703125
2022-03-07,36.78971862792969,32.85910415649414,33.30876922607422,91.45301818847656,69.81453704833984,66.5916748046875,31.5682315826416,121.49546813964844,78.69447326660156,395.6663513183594
2022-03-08,36.601585388183594,33.375633239746094,33.113765716552734,90.8913803100586,69.47581481933594,64.7947998046875,31.080276489257812,119.01348114013672,78.85842895507812,392.6665954589844
2022-03-09,37.73492431640625,32.35551071166992,34.330230712890625,92.53884887695312,72.22444915771484,65.23284912109375,30.8604679107666,121.26219177246094,81.39495849609375,403.1943054199219
2022-03-10,37.83586883544922,33.345497131347656,34.04236602783203,92.41716766357422,70.9614486694336,64.61601257324219,31.06709098815918,121.21553039550781,81.97361755371094,401.3736267089844
2022-03-11,37.55597686767578,33.07862854003906,33.80093002319336,91.67765808105469,69.71292877197266,63.86509323120117,30.961584091186523,120.31045532226562,80.39674377441406,396.2701110839844
2022-03-14,37.500919342041016,32.08863830566406,34.22808837890625,91.98656463623047,68.4208755493164,64.20478820800781,30.926408767700195,121.15955352783203,79.05614471435547,393.3740234375
2022-03-15,37.932220458984375,30.91355323791504,34.71094512939453,93.44682312011719,70.71947479248047,65.64408874511719,31.322057723999023,123.57621002197266,81.70355987548828,402.0245056152344
2022-03-16,38.528717041015625,30.771520614624023,35.685977935791016,94.68242645263672,73.01805877685547,65.7155990600586,31.26490592956543,125.05976867675781,84.4908447265625,410.9390563964844
2022-03-17,39.26744842529297,31.83037757873535,36.131710052490234,95.89929962158203,73.53585815429688,66.17151641845703,31.396793365478516,127.03787231445312,85.89894104003906,416.0802917480469
2022-03-18,39.50603485107422,31.800251007080078,36.21527862548828,96.26436614990234,75.04085540771484,66.32350158691406,31.128629684448242,127.82168579101562,87.70728302001953,420.6376037597656
2022-03-21,39.83441925048828,33.08216094970703,36.17985534667969,96.48131561279297,74.89830780029297,66.40879821777344,31.336626052856445,127.724365234375,86.97268676757812,420.5146179199219
2022-03-22,40.05088424682617,32.83882141113281,36.767154693603516,97.00724792480469,75.97459411621094,66.90272521972656,31.380876541137695,127.75240325927734,89.13154602050781,425.4352722167969
2022-03-23,39.866661071777344,33.40373611450195,36.08662796020508,96.07746124267578,74.80619049072266,66.36389923095703,31.42513656616211,125.45923614501953,88.02555847167969,419.9561767578125
2022-03-24,40.66804885864258,33.48628234863281,36.37562561035156,96.81001281738281,76.75028228759766,66.83087158203125,31.748191833496094,126.95684051513672,88.71137237548828,426.286865234375
2022-03-25,41.1240119934082,34.220680236816406,36.84173583984375,97.41107940673828,76.70665740966797,67.38764190673828,32.20845031738281,127.5465087890625,88.55682373046875,428.36865234375
2022-03-28,40.93978500366211,33.37332534790039,36.73919677734375,97.43926239013672,77.61808776855469,67.66603088378906,32.41643524169922,128.4730987548828,90.91853332519531,431.4156494140625
2022-03-29,41.28520584106445,33.28641128540039,36.82309341430664,98.34087371826172,79.26644134521484,68.26771545410156,32.71736526489258,129.23129272460938,92.5026626586914,436.7525939941406
2022-03-30,41.147029876708984,33.673152923583984,36.562076568603516,98.2281723022461,78.20956420898438,68.3126220703125,32.98732376098633,129.48397827148438,91.09722900390625,434.05572509765625
2022-03-31,40.59897232055664,33.21688461303711,35.723060607910156,96.71609497070312,77.05084991455078,68.15096282958984,32.9519157409668,128.2204132080078,89.348876953125,427.3750305175781
2022-04-01,41.02730178833008,33.48628234863281,35.62983322143555,95.96475219726562,76.82301330566406,68.83346557617188,33.41216278076172,129.23129272460938,89.45997619628906,428.5862731933594
2022-04-04,41.036502838134766,33.529754638671875,35.47135543823242,95.84265899658203,78.28227996826172,68.61792755126953,33.15549087524414,128.15484619140625,91.46912384033203,432.2578430175781
2022-04-05,40.70950698852539,33.003944396972656,35.247623443603516,94.48085021972656,76.63394165039062,68.6808090209961,33.36348342895508,128.4263153076172,89.3247299194336,426.7978210449219
2022-04-06,40.23971939086914,33.199501037597656,35.005245208740234,93.74832153320312,74.82073974609375,69.5518798828125,34.02730178833008,130.3825225830078,87.0451431274414,422.5301513671875
2022-04-07,40.50223922729492,33.63404083251953,34.967952728271484,94.06765747070312,74.93710327148438,70.39603424072266,33.94321823120117,132.89097595214844,87.48944854736328,424.6592712402344
2022-04-08,40.75094985961914,34.55963134765625,35.32220458984375,93.54170227050781,73.88992309570312,70.69237518310547,34.05827331542969,133.6865692138672,86.68291473388672,423.52374267578125
2022-04-11,40.54830551147461,33.521060943603516,35.16372299194336,93.24115753173828,72.02824401855469,70.4050064086914,33.59360885620117,131.0283660888672,85.07462310791016,416.28472900390625
2022-04-12,40.5575065612793,34.077274322509766,34.78150939941406,93.09090423583984,71.70825958251953,70.42296600341797,33.72195053100586,129.75543212890625,85.26297760009766,414.7423095703125
2022-04-13,41.156253814697266,34.585697174072266,34.78150939941406,93.96431732177734,72.86209869384766,70.81809997558594,33.65556335449219,130.39190673828125,87.38322448730469,419.49261474609375
2022-04-14,41.0180778503418,34.69868087768555,34.38996887207031,93.86100769042969,71.0925521850586,70.80011749267578,33.67326354980469,129.7647705078125,86.16131591796875,414.2691955566406
2022-04-18,41.054931640625,35.20711135864258,34.59505844116211,93.53227233886719,71.32526397705078,70.21642303466797,33.4918212890625,128.332763671875,86.42211151123047,414.439453125
2022-04-19,41.441802978515625,34.920310974121094,35.070499420166016,95.2322006225586,72.66333770751953,71.2850570678711,33.70867919921875,129.55886840820312,88.9287109375,421.12969970703125
2022-04-20,41.70432662963867,35.05501174926758,35.31288146972656,95.74874877929688,72.59544372558594,72.35370635986328,33.98304748535156,131.29978942871094,87.7840805053711,420.8173828125
2022-04-21,41.02268600463867,33.94257354736328,34.753543853759766,94.77202606201172,71.3640365600586,72.29085540771484,33.42101287841797,129.84901428222656,86.9340591430664,414.52471923828125
2022-04-22,39.48899459838867,33.11259078979492,33.7187614440918,92.44287109375,69.36662292480469,71.15934753417969,32.85898208618164,125.11296081542969,84.9152603149414,403.150390625
2022-04-25,39.37846374511719,32.017520904541016,33.77470397949219,92.44287109375,70.4089584350586,71.47366333007812,32.63329315185547,125.9552993774414,85.52862548828125,405.48779296875
2022-04-26,38.770503997802734,32.060977935791016,32.926368713378906,90.42363739013672,67.78614044189453,70.36908721923828,32.30580139160156,123.73702239990234,81.20123291015625,393.7445373535156
2022-04-27,39.34161376953125,32.530296325683594,32.89840316772461,90.7617416381836,68.78971099853516,70.62950897216797,32.15091323852539,123.46562194824219,81.21089935302734,394.85162353515625
2022-04-28,39.963375091552734,33.5167121887207,33.317909240722656,91.78543853759766,71.54342651367188,71.67121124267578,32.509361267089844,125.16907501220703,82.87712860107422,404.82537841796875
2022-04-29,39.1619987487793,32.65630340576172,32.171260833740234,89.35298156738281,68.56185913085938,69.72249603271484,31.535770416259766,121.9493179321289,78.66565704345703,389.86474609375
2022-05-02,39.04224395751953,33.17776870727539,32.18058395385742,89.54080200195312,69.60417938232422,68.80654907226562,31.21270751953125,121.1911849975586,79.81512451171875,392.2115478515625
2022-05-03,39.47978591918945,34.107696533203125,32.600093841552734,90.13249206542969,69.72537231445312,68.60894775390625,31.332199096679688,121.57492065429688,79.6170883178711,394.0093688964844
2022-05-04,40.760154724121094,35.52433395385742,33.59757614135742,92.74340057373047,72.17367553710938,70.15357208251953,32.03141784667969,124.27055358886719,81.95466613769531,406.0082702636719
2022-05-05,39.498207092285156,34.98983383178711,32.61873245239258,90.32032775878906,68.70242309570312,68.82449340820312,31.703937530517578,121.85572814941406,77.36163330078125,391.5774841308594
2022-05-06,38.93171310424805,36.03274917602539,32.385677337646484,89.7098617553711,68.14977264404297,68.89633178710938,31.956192016601562,121.47196197509766,76.3812255859375,389.240234375
2022-05-09,37.70199966430664,33.05174255371094,31.61192512512207,87.5403823852539,65.51238250732422,68.869384765625,31.717214584350586,118.32706451416016,73.12602233886719,376.77789306640625
2022-05-10,37.46710968017578,33.351585388183594,31.332256317138672,86.96746826171875,66.51109313964844,68.3934326171875,31.332199096679688,118.7482681274414,72.90869903564453,377.6483459472656
2022-05-11,37.48553466796875,33.799171447753906,31.04326820373535,86.17858123779297,64.411865234375,68.09710693359375,31.557903289794922,117.96202850341797,70.29583740234375,371.6490478515625
2022-05-12,37.41644287109375,33.94257354736328,30.81020164489746,86.33822631835938,63.74768829345703,68.0791244506836,31.239255905151367,119.10392761230469,70.77880096435547,371.2610168457031
2022-05-13,37.99215316772461,35.102813720703125,31.257673263549805,87.43707275390625,65.86628723144531,69.10286712646484,31.611007690429688,120.36749267578125,73.56553649902344,380.1370849609375
2022-05-16,37.923065185546875,36.02840805053711,30.99665069580078,87.31497955322266,65.28451538085938,69.41719055175781,31.708364486694336,121.25667572021484,71.97655487060547,378.5946044921875
2022-05-17,38.996192932128906,36.44557189941406,31.826343536376953,89.296630859375,67.1752700805664,68.94124603271484,32.03585433959961,122.92276000976562,73.79251098632812,386.38250732421875
2022-05-18,37.784908294677734,35.511295318603516,30.950040817260742,85.9719467163086,64.10160064697266,64.50498962402344,31.726070404052734,119.74977111816406,68.96768188476562,370.8067626953125
2022-05-19,38.052024841308594,35.38093185424805,30.74495506286621,85.20183563232422,63.39861297607422,63.35552215576172,31.65969467163086,120.01183319091797,69.01597595214844,368.5357666015625
2022-05-20,37.95991516113281,35.533023834228516,30.68901252746582,84.28144836425781,63.53921127319336,63.49022674560547,31.748191833496094,121.47196197509766,67.81340026855469,368.6966247558594
2022-05-23,38.655372619628906,36.471641540527344,31.686506271362305,85.66203308105469,64.99849700927734,64.80134582519531,32.1287841796875,122.53898620605469,68.32051849365234,375.594970703125
2022-05-24,38.434303283691406,36.61069869995117,31.621246337890625,85.61507415771484,64.03372192382812,65.86100006103516,32.770469665527344,122.90402221679688,66.5625,372.7278137207031
2022-05-25,38.604713439941406,37.366817474365234,31.872949600219727,86.11284637451172,64.78033447265625,65.87899017333984,32.74835205078125,122.86660766601562,68.44123840332031,376.0207824707031
2022-05-26,39.31398391723633,37.77963638305664,32.609413146972656,87.85970306396484,66.33654022216797,66.57941436767578,32.841285705566406,123.39070892333984,71.79788208007812,383.5342102050781
2022-05-27,40.23512268066406,38.47057342529297,33.159427642822266,89.66291046142578,68.58123016357422,67.35172271728516,33.35462951660156,125.4405517578125,74.260986328125,392.94970703125
2022-05-31,39.622562408447266,37.89261245727539,33.066200256347656,88.93975067138672,68.0915756225586,66.87577056884766,32.894386291503906,123.76512908935547,74.63772583007812,390.7447814941406
2022-06-01,39.22647476196289,38.50968551635742,32.53483963012695,88.39501953125,67.88794708251953,66.00469970703125,32.841285705566406,121.98675537109375,73.8601303100586,387.58428955078125
2022-06-02,40.308807373046875,38.388004302978516,32.982303619384766,90.08554077148438,69.53144836425781,66.965576171875,33.06254959106445,122.9508056640625,76.12042236328125,394.9652099609375
2022-06-03,39.917327880859375,38.896419525146484,32.506866455078125,89.73804473876953,67.86856842041016,66.29206848144531,32.903236389160156,121.50941467285156,73.89392852783203,388.48321533203125
2022-06-06,40.29498291015625,38.852970123291016,32.600093841552734,90.11369323730469,67.8734130859375,66.31900024414062,33.04927444458008,121.52812194824219,74.63288116455078,389.6660461425781
2022-06-07,40.58515167236328,40.01321792602539,32.85179901123047,91.32522583007812,68.68305206298828,66.66922760009766,33.2484245300293,123.10994720458984,74.44933319091797,393.40380859375
2022-06-08,39.742313385009766,40.10012435913086,32.2738037109375,89.67230224609375,67.9073486328125,65.85203552246094,32.59788513183594,122.13652038574219,74.00985717773438,389.12664794921875
2022-06-09,38.80274963378906,39.21364212036133,31.4627685546875,87.90664672851562,66.09414672851562,64.86420440673828,31.814577102661133,119.37535858154297,72.67203521728516,379.8721923828125
2022-06-10,37.6144905090332,38.54879379272461,30.32544708251953,85.31452941894531,63.55374526977539,64.58583068847656,31.57117462158203,117.45660400390625,69.77423095703125,368.8575134277344
2022-06-13,36.14527893066406,36.53683853149414,29.421184539794922,82.7505874633789,60.737003326416016,63.19387435913086,30.119625091552734,113.89986419677734,66.55286407470703,354.8526916503906
2022-06-14,35.86894226074219,36.60635757446289,29.169483184814453,82.54397583007812,61.12000274658203,62.44853210449219,29.358448028564453,112.81412506103516,66.49971008300781,353.7833557128906
2022-06-15,35.85973358154297,35.79808807373047,29.49576187133789,83.34226989746094,62.40958786010742,62.511390686035156,29.548738479614258,113.95601654052734,68.3687973022461,358.8270568847656
2022-06-16,34.5655517578125,33.78179931640625,28.74997901916504,80.56230926513672,59.869197845458984,62.035430908203125,28.977861404418945,112.28060913085938,65.0218276977539,346.9512939453125
2022-06-17,34.50566482543945,31.934959411621094,28.833873748779297,80.35569763183594,60.417030334472656,61.8109245300293,28.70791244506836,112.215087890625,65.7318115234375,347.69921875
2022-06-21,35.02738571166992,33.58938980102539,29.409320831298828,81.82157135009766,61.9544677734375,63.4603157043457,29.254364013671875,115.23604583740234,67.61198425292969,356.4519958496094
2022-06-22,34.577552795410156,32.244747161865234,29.34371566772461,81.3687973022461,61.691986083984375,63.415077209472656,29.562166213989258,116.83393859863281,67.48128509521484,355.8057556152344
2022-06-23,34.104515075683594,31.049524307250977,29.23125457763672,80.95375061035156,62.61553192138672,64.64555358886719,30.25806427001953,119.45635223388672,68.54142761230469,359.29364013671875
2022-06-24,35.458683013916016,31.458179473876953,30.309030532836914,83.78363800048828,64.86603546142578,65.91223907470703,30.78444480895996,121.43961334228516,71.15547180175781,370.7170104980469
2022-06-27,35.16651153564453,32.38097381591797,30.2059383392334,83.5855484008789,64.4285659790039,65.73129272460938,31.034252166748047,121.8907699584961,70.40998840332031,369.3009033203125
2022-06-28,34.79087829589844,33.25542068481445,29.906036376953125,82.61394500732422,62.49886703491211,64.85365295410156,30.91826057434082,119.76652526855469,67.59746551513672,361.7550964355469
2022-06-29,34.54044723510742,32.09973907470703,29.73733901977539,82.13286590576172,62.625247955322266,65.26079559326172,30.940570831298828,120.80984497070312,67.5442123413086,361.4604187011719
2022-06-30,34.13233947753906,31.42303466796875,29.474925994873047,82.38756561279297,61.78921127319336,65.30603790283203,31.2840576171875,120.53729248046875,66.55184173583984,358.5237731933594
2022-07-01,34.37349319458008,31.893207550048828,29.877920150756836,83.10445404052734,61.9301643371582,66.24699401855469,32.05132293701172,121.8907699584961,67.77657318115234,362.3157653808594
2022-07-05,33.6824951171875,30.627674102783203,29.774829864501953,81.85932159423828,62.7078742980957,65.82173919677734,30.958415985107422,121.1858139038086,69.29175567626953,363.00006103515625
2022-07-06,33.89582061767578,30.104772567749023,29.699853897094727,82.3309555053711,63.2474250793457,66.01175689697266,31.279600143432617,122.00357818603516,69.06423950195312,364.2259521484375
2022-07-07,34.197265625,31.190141677856445,30.13096809387207,83.30256652832031,64.55493927001953,66.07508850097656,31.24837303161621,122.52055358886719,70.8456802368164,369.6810607910156
2022-07-08,33.863372802734375,31.17695426940918,30.065366744995117,82.92523193359375,64.5841293334961,65.95744323730469,31.145771026611328,122.88710021972656,70.85533905029297,369.376953125
2022-07-11,33.77061080932617,30.87814712524414,29.82168960571289,82.36871337890625,63.69459915161133,65.86699676513672,31.34205436706543,122.57693481445312,68.9141616821289,365.15740966796875
2022-07-12,33.7056884765625,30.276145935058594,29.634244918823242,82.11400604248047,62.82453536987305,65.6769790649414,31.190383911132812,121.01663970947266,68.49785614013672,361.92608642578125
2022-07-13,33.51091003417969,30.22780418395996,29.3718318939209,81.11410522460938,62.659278869628906,65.72225189208984,31.061010360717773,119.84172058105469,69.05940246582031,360.02545166015625
2022-07-14,32.89411163330078,29.65656089782715,28.809513092041016,80.65188598632812,63.23282241821289,65.7765121459961,31.061010360717773,119.49394226074219,69.00131225585938,359.1510314941406
2022-07-15,33.40888977050781,30.139921188354492,29.784198760986328,81.91592407226562,64.34593963623047,65.99365997314453,31.119009017944336,122.37954711914062,70.11470794677734,366.0126647949219
2022-07-18,33.48772430419922,30.829816818237305,29.671733856201172,81.4253921508789,63.72377395629883,65.35127258300781,30.686302185058594,119.79472351074219,70.3180160522461,362.9905090332031
2022-07-19,34.50798797607422,31.778966903686523,30.562076568603516,84.33074188232422,65.66805267333984,66.03889465332031,30.882591247558594,121.83438873291016,72.47217559814453,372.7982482910156
2022-07-20,34.568267822265625,32.08655548095703,30.674541473388672,84.98161315917969,66.69366455078125,65.59557342529297,30.472185134887695,120.63126373291016,73.66303253173828,375.1741638183594
2022-07-21,35.059844970703125,31.52410125732422,30.87135124206543,85.59477996826172,67.63176727294922,65.79460906982422,30.55247688293457,122.53934478759766,75.34764099121094,378.99462890625
2022-07-22,34.80942153930664,31.264842987060547,30.693283081054688,85.32120513916016,66.69851684570312,66.2289047241211,30.971799850463867,122.03176879882812,74.9119644165039,375.4782409667969
2022-07-25,34.95319747924805,32.4117317199707,30.890090942382812,85.7268295288086,66.275634765625,66.55461120605469,31.359905242919922,122.6709213256836,74.26815032958984,375.9344787597656
2022-07-26,34.7166748046875,32.11731719970703,30.458984375,85.26461791992188,65.201416015625,66.40080261230469,31.547252655029297,123.3006820678711,71.87676239013672,371.4867858886719
2022-07-27,35.13404846191406,32.84236145019531,30.927587509155273,86.58523559570312,68.00602722167969,66.85319519042969,31.57402229309082,124.07144927978516,74.5973129272461,381.1329345703125
2022-07-28,35.75548553466797,33.026920318603516,31.152507781982422,88.3963623046875,69.0413818359375,67.92080688476562,32.70707702636719,124.86097717285156,75.880126953125,385.9131774902344
2022-07-29,36.23314666748047,34.45942687988281,31.592992782592773,90.21693420410156,70.10100555419922,67.39604187011719,32.98811340332031,124.4474105834961,78.8233642578125,391.5393371582031
2022-08-01,35.94098663330078,33.747581481933594,31.330581665039062,90.3112564086914,69.95032501220703,68.23746490478516,33.023799896240234,123.52627563476562,79.21546173095703,390.3798828125
2022-08-02,35.57462692260742,33.66847610473633,30.983816146850586,89.35852813720703,69.45452880859375,67.69461822509766,32.956886291503906,123.08450317382812,78.6733169555664,387.8044128417969
2022-08-03,35.61172103881836,32.70174789428711,31.45241928100586,90.19806671142578,71.30160522460938,68.1379623413086,33.16209411621094,124.21244812011719,80.59028625488281,393.87725830078125
2022-08-04,35.634910583496094,31.488943099975586,31.349328994750977,90.52821350097656,71.62725067138672,67.68557739257812,33.23345947265625,123.60147857666016,80.9194564819336,393.6111755371094
2022-08-05,35.76012420654297,32.112918853759766,31.574251174926758,90.66972351074219,71.46199798583984,67.53178405761719,33.11301803588867,123.5544662475586,79.53982543945312,392.9459228515625
2022-08-08,35.959537506103516,32.2799072265625,31.555503845214844,90.64139556884766,70.85441589355469,67.4955825805664,33.16209411621094,123.84583282470703,79.89803314208984,392.48974609375
2022-08-09,35.783321380615234,32.84675979614258,31.71483039855957,90.3112564086914,70.1447525024414,67.39604187011719,33.53233337402344,123.4698715209961,78.6248779296875,390.93115234375
2022-08-10,36.79893493652344,33.08404541015625,32.42710876464844,92.29218292236328,72.05986785888672,67.89368438720703,33.67953872680664,124.81398010253906,80.84199523925781,399.1422424316406
2022-08-11,36.92414855957031,34.22214889526367,32.81135559082031,92.78268432617188,71.77793884277344,67.73081970214844,33.675086975097656,124.00563049316406,80.43053436279297,399.1422424316406
2022-08-12,37.61977767944336,34.48139953613281,33.32680892944336,94.17876434326172,73.20699310302734,68.31891632080078,34.22376251220703,125.59410858154297,82.25066375732422,405.8993835449219
2022-08-15,37.59659194946289,33.80909729003906,33.317447662353516,94.4051742553711,73.66876983642578,68.99749755859375,34.50926971435547,126.223876953125,82.81705474853516,407.57196044921875
2022-08-16,37.80528259277344,33.72999572753906,33.56111145019531,94.82965850830078,73.46946716308594,69.77557373046875,34.60740661621094,125.88550567626953,83.73197174072266,408.37030029296875
2022-08-17,37.28587341308594,34.01122283935547,33.39241409301758,94.07501220703125,72.94451904296875,69.5765380859375,34.549407958984375,125.15238189697266,82.83158111572266,405.4716796875
2022-08-18,37.40180969238281,34.92522430419922,33.42989730834961,94.45232391357422,73.3236312866211,69.811767578125,34.67877960205078,124.5977783203125,82.807373046875,406.6501159667969
2022-08-19,36.715450286865234,34.91643142700195,32.764488220214844,93.23548126220703,71.99181365966797,69.58556365966797,34.66093444824219,124.93617248535156,81.09855651855469,401.1856384277344
2022-08-22,36.13113021850586,34.85051727294922,32.0428466796875,91.46206665039062,69.98434448242188,68.8798599243164,34.188087463378906,123.3006820678711,78.84756469726562,392.83184814453125
2022-08-23,36.488216400146484,36.10726547241211,31.911645889282227,91.63187408447266,69.79965209960938,68.581298828125,33.982887268066406,121.58060455322266,79.07023620605469,391.8814697265625
2022-08-24,36.567054748535156,36.551082611083984,32.08034133911133,91.93372344970703,69.84339904785156,68.7531967163086,34.089942932128906,121.73100280761719,79.40909576416016,393.135986328125
2022-08-25,37.39717483520508,36.832305908203125,32.577056884765625,93.3392333984375,71.02454376220703,69.06986999511719,34.29960632324219,123.07508087158203,80.35791778564453,398.68609619140625
2022-08-26,36.2516975402832,36.40167999267578,31.602367401123047,90.1037368774414,67.99146270751953,67.35984802246094,33.77322006225586,119.64433288574219,77.29850769042969,385.1909484863281
2022-08-29,35.99663543701172,36.950958251953125,31.377437591552734,89.69810485839844,67.09222412109375,67.25130462646484,33.87582778930664,118.80779266357422,76.88703918457031,382.6440124511719
2022-08-30,35.40766906738281,35.69860076904297,31.208744049072266,88.4057846069336,66.39228820800781,66.55461120605469,33.38066864013672,118.01824951171875,76.03020477294922,378.44342041015625
2022-08-31,34.97174072265625,35.37343215942383,30.974437713623047,87.66057586669922,65.74580383300781,66.1474609375,33.16209411621094,117.26630401611328,75.27986907958984,375.5638122558594
2022-09-01,34.51261901855469,34.503379821777344,31.068159103393555,87.78324127197266,65.4250259399414,66.5184326171875,33.639408111572266,119.19317626953125,75.96726989746094,376.7422790527344
2022-09-02,34.48015594482422,35.13614273071289,30.824491500854492,86.93425750732422,64.57437896728516,65.64984893798828,33.27806854248047,117.48248291015625,75.27019500732422,372.76971435546875
2022-09-06,34.37349319458008,34.81097412109375,30.74951171875,87.07574462890625,64.14665222167969,65.27890014648438,33.362823486328125,117.59526824951172,75.11528778076172,371.36322021484375
2022-09-07,35.32419204711914,34.406707763671875,31.35869789123535,88.4718246459961,65.17227172851562,66.4551010131836,34.40666580200195,119.51275634765625,77.41952514648438,378.0347595214844
2022-09-08,35.6673698425293,34.55610656738281,31.911645889282227,88.73596954345703,65.39582824707031,66.28318786621094,34.3798942565918,121.58999633789062,78.14080810546875,380.5056457519531
2022-09-09,36.20532989501953,35.41737365722656,32.202178955078125,89.88677215576172,66.68879699707031,66.93462371826172,34.518184661865234,122.66153717041016,79.62210845947266,386.4168701171875
2022-09-12,36.54386901855469,36.067710876464844,32.4645881652832,90.42445373535156,67.7581558227539,67.1969985961914,34.848297119140625,123.4792709350586,80.64836120605469,390.57000732421875
2022-09-13,35.24071502685547,35.15811538696289,31.25560760498047,87.01915740966797,64.1612319946289,64.95317840576172,33.92043685913086,119.39996337890625,76.49007415771484,373.5870666503906
2022-09-14,34.80942153930664,36.15121078491211,31.161884307861328,86.84935760498047,64.39453887939453,64.92605590820312,34.19701385498047,119.46575164794922,77.47277069091797,375.0125732421875
2022-09-15,34.35030746459961,35.21963119506836,31.26497459411621,85.94378662109375,62.91203689575195,64.38316345214844,33.34497833251953,120.13310241699219,77.07582092285156,370.7549743652344
2022-09-16,33.807716369628906,34.468223571777344,30.983816146850586,84.15152740478516,62.56205749511719,64.53697967529297,33.2200813293457,119.79472351074219,76.4561996459961,367.92657470703125
2022-09-19,34.367366790771484,34.4886589050293,31.335229873657227,85.29364013671875,63.07223892211914,64.96588897705078,33.665138244628906,119.1492691040039,77.53794860839844,370.7797546386719
2022-09-20,33.71443176269531,34.24878692626953,30.87358856201172,84.2320785522461,62.70188903808594,64.61074829101562,33.17561340332031,117.75259399414062,76.2233657836914,366.52374267578125
2022-09-21,32.977561950683594,33.746829986572266,30.232938766479492,83.1136703491211,61.72249221801758,64.36487579345703,32.72201156616211,115.79918670654297,74.41879272460938,360.1301574707031
2022-09-22,32.581138610839844,33.62688446044922,29.72418785095215,81.86256408691406,61.09391403198242,64.2738037109375,32.60525131225586,116.41256713867188,72.70153045654297,357.1051330566406
2022-09-23,31.91423225402832,31.30809211730957,29.25312042236328,80.32710266113281,60.29479217529297,63.18101119995117,32.22799301147461,115.81806182861328,71.0279541015625,351.1219177246094
2022-09-26,31.39653968811035,30.539608001708984,28.79148292541504,79.4835433959961,59.8757438659668,63.22655487060547,31.451038360595703,114.71395111083984,70.86786651611328,347.64837646484375
2022-09-27,31.466506958007812,30.881650924682617,28.669004440307617,79.21817016601562,59.953704833984375,62.13379669189453,30.92109489440918,114.36478424072266,71.09100341796875,346.760986328125
2022-09-28,32.277992248535156,32.249820709228516,29.234285354614258,80.96214294433594,60.587154388427734,62.88051986694336,31.253433227539062,116.86552429199219,73.01199340820312,353.5838317871094
2022-09-29,31.802282333374023,32.249820709228516,28.866851806640625,79.55936431884766,59.00840377807617,61.84237289428711,30.00041961669922,115.88412475585938,70.48950958251953,346.1978759765625
2022-09-30,31.718339920043945,31.992176055908203,28.603055953979492,78.51676940917969,57.877933502197266,60.7678108215332,29.421070098876953,114.28929138183594,69.10211944580078,340.8444519042969
2022-10-03,32.74903869628906,33.80012130737305,29.375600814819336,80.88632202148438,59.67108154296875,61.815040588378906,30.28335952758789,116.63905334472656,69.17002868652344,349.8431701660156
2022-10-04,33.95228576660156,35.25270462036133,30.468469619750977,83.70130920410156,61.673770904541016,62.753028869628906,30.92558479309082,119.3474349975586,71.58582305908203,360.6836853027344
2022-10-05,33.56986999511719,35.9812126159668,30.232938766479492,83.24636840820312,61.87841796875,62.388771057128906,30.238445281982422,119.74378204345703,71.16377258300781,359.8439025878906
2022-10-06,33.21540832519531,36.620872497558594,29.808977127075195,82.28907775878906,61.37166213989258,61.47811508178711,29.24142837524414,118.21501922607422,70.65928649902344,356.1318054199219
2022-10-07,32.39459228515625,36.336585998535156,29.10238265991211,80.71571350097656,58.84760284423828,60.558345794677734,28.6351318359375,115.7142562866211,68.22892761230469,346.1978759765625
2022-10-10,32.46455001831055,35.59030532836914,28.97048568725586,81.00004577636719,57.85843276977539,60.77690505981445,28.684534072875977,114.98762512207031,67.80689239501953,343.5545654296875
2022-10-11,32.21269989013672,35.30601119995117,28.603055953979492,80.98109436035156,56.97160339355469,61.27775573730469,28.581233978271484,115.60100555419922,67.25390625,341.3788146972656
2022-10-12,31.970184326171875,35.59030532836914,28.537109375,80.34606170654297,56.796199798583984,61.60560607910156,27.629127502441406,115.03479766845703,67.42853546142578,340.2528076171875
2022-10-13,32.90760040283203,37.04288101196289,29.714767456054688,82.11846160888672,58.56011199951172,62.62553024291992,28.32076072692871,117.71485137939453,68.1658706665039,349.2324523925781
2022-10-14,31.797626495361328,35.661380767822266,29.21544075012207,80.31761932373047,56.91313934326172,61.496315002441406,27.912067413330078,116.92215728759766,65.6191177368164,341.27386474609375
2022-10-17,32.5904655456543,36.105587005615234,29.950300216674805,82.0710678100586,58.647823333740234,62.161094665527344,28.49591064453125,118.80009460449219,68.28230285644531,350.04364013671875
2022-10-18,33.229408264160156,36.42097854614258,30.430782318115234,84.05199432373047,59.144832611083984,62.97158432006836,29.016874313354492,119.4606704711914,69.2234115600586,354.156494140625
2022-10-19,32.837650299072266,37.495975494384766,29.93145751953125,83.45487976074219,58.97428894042969,62.68016815185547,28.639619827270508,117.79034423828125,68.44725036621094,351.6467590332031
2022-10-20,32.59980773925781,37.53151321411133,29.450973510742188,81.8151626586914,59.00840377807617,61.80595016479492,27.91655921936035,116.7900390625,67.12290954589844,348.6980895996094
2022-10-21,33.72843551635742,38.61539840698242,30.3271484375,84.06147766113281,60.587154388427734,62.753028869628906,28.43303108215332,119.4134750366211,69.07785034179688,357.1719970703125
2022-10-24,33.532554626464844,38.797515869140625,30.732267379760742,85.17990112304688,61.42525863647461,63.88222885131836,28.671058654785156,121.71605682373047,69.36406707763672,361.54241943359375
2022-10-25,34.36270523071289,38.837493896484375,31.099700927734375,86.3267593383789,62.59959030151367,64.72001647949219,29.245920181274414,122.64088439941406,71.10071563720703,367.31585693359375
2022-10-26,34.605220794677734,39.366119384765625,31.17506980895996,86.63005065917969,61.205989837646484,65.14803314208984,29.232440948486328,123.999755859375,70.5282974243164,364.5484619140625
2022-10-27,34.5166130065918,39.50825881958008,31.429439544677734,87.64421844482422,60.509185791015625,65.20266723632812,29.46598243713379,123.3486328125,70.25663757324219,362.6017150878906
2022-10-28,34.86172866821289,39.645965576171875,32.21141052246094,89.6820068359375,63.14045333862305,66.63241577148438,30.27437400817871,125.3775405883789,70.31970977783203,371.2282409667969
2022-10-31,34.549259185791016,39.979122161865234,32.01355743408203,89.42610931396484,62.307220458984375,66.24082946777344,29.991439819335938,125.27373504638672,69.86856842041016,368.5467834472656
2022-11-01,34.63786315917969,40.365596771240234,32.09836196899414,89.34080505371094,61.78583908081055,66.0313720703125,30.108200073242188,125.34923553466797,69.16032409667969,366.9340515136719
2022-11-02,33.737754821777344,39.392765045166016,31.6932373046875,87.76741027832031,59.65159225463867,64.88394165039062,29.816287994384766,123.21652221679688,66.5456314086914,357.7254333496094
2022-11-03,33.9942626953125,40.12126541137695,31.3729190826416,88.68679809570312,57.89741897583008,64.6654052734375,29.9465274810791,122.69750213623047,66.14787292480469,354.0419616699219
2022-11-04,35.1742057800293,40.60990524291992,31.947622299194336,90.10853576660156,58.954795837402344,65.43033599853516,30.130659103393555,123.44300842285156,66.70089721679688,359.1377258300781
2022-11-07,35.44935607910156,41.30731201171875,32.267940521240234,91.0752944946289,59.93907928466797,66.01313781738281,29.55579948425293,124.76417541503906,66.23518371582031,362.5731506347656
2022-11-08,36.06031036376953,41.34729766845703,32.456356048583984,91.8714599609375,60.514068603515625,66.20438385009766,29.76239013671875,125.3869857788086,66.07025146484375,364.529296875
2022-11-09,35.47734069824219,39.32613754272461,31.909927368164062,90.5919189453125,58.94017791748047,65.4849853515625,29.528854370117188,124.03752136230469,64.05226135253906,357.0193176269531
2022-11-10,37.4407958984375,40.20123291015625,33.52097702026367,94.39262390136719,63.78363800048828,67.02397918701172,30.92109489440918,127.18941497802734,68.73344421386719,376.6390075683594
2022-11-11,37.893184661865234,41.3695068359375,33.7941780090332,94.33576965332031,64.87512969970703,66.95111083984375,30.57527732849121,125.63232421875,70.38275909423828,380.2841796875
2022-11-14,37.841880798339844,41.35618591308594,33.31370544433594,93.75760650634766,64.31964874267578,66.42293548583984,30.21150016784668,125.74557495117188,69.26704406738281,377.0492858886719
2022-11-15,37.78591537475586,41.79151153564453,33.389068603515625,94.40211486816406,65.09927368164062,66.97845458984375,30.54384422302246,125.58515167236328,70.21300506591797,380.26513671875
2022-11-16,37.41748046875,40.93863296508789,33.228912353515625,93.71967315673828,64.20758056640625,67.30628204345703,30.817798614501953,125.52855682373047,69.14093017578125,377.3642272949219
2022-11-17,37.058372497558594,41.0274658203125,33.04990768432617,93.55855560302734,64.2904052734375,67.28807067871094,30.27886390686035,125.47193145751953,68.30170440673828,376.20953369140625
2022-11-18,37.30554962158203,40.70319366455078,33.323123931884766,94.25048065185547,64.36348724365234,68.00748443603516,30.92109489440918,126.99125671386719,68.39386749267578,377.9176330566406
2022-11-21,37.43147277832031,40.15236282348633,33.426753997802734,94.55377197265625,63.67155456542969,68.654052734375,31.060319900512695,127.04785919189453,67.40428161621094,376.5435485839844
2022-11-22,38.2802734375,41.409488677978516,33.765926361083984,95.28359985351562,64.90436553955078,69.15489959716797,31.325288772583008,128.15194702148438,68.1658706665039,381.6106872558594
2022-11-23,38.42951583862305,40.96083450317383,33.90724563598633,95.64376831054688,65.4793472290039,69.39167022705078,31.67559242248535,128.6615753173828,69.150634765625,384.01544189453125
2022-11-25,38.41552734375,40.80980682373047,34.020294189453125,96.0134048461914,65.09927368164062,69.43721771240234,31.859722137451172,129.42593383789062,69.18944549560547,383.9295349121094
2022-11-28,37.55738830566406,39.69038391113281,33.43618392944336,94.26942443847656,63.705684661865234,69.17311096191406,31.53186798095703,128.4539337158203,68.76253509521484,377.80316162109375
2022-11-29,37.68331527709961,40.290077209472656,33.63402557373047,94.84758758544922,63.08197021484375,68.90904235839844,31.298343658447266,128.1331024169922,68.54425811767578,377.1542663574219
2022-11-30,38.592750549316406,40.48997116088867,34.2087287902832,96.41148376464844,66.24923706054688,70.29322052001953,32.079795837402344,131.1906280517578,70.90670013427734,389.0348815917969
2022-12-01,38.63938903808594,40.35670471191406,34.01087951660156,96.43991088867188,66.341796875,69.97449493408203,32.0528450012207,131.56809997558594,70.89696502685547,388.7486267089844
2022-12-02,39.06378936767578,40.11682891845703,33.85071563720703,96.9896469116211,65.95686340332031,70.29322052001953,31.900146484375,131.9078369140625,70.80482482910156,388.300048828125
2022-12-05,38.28960418701172,38.92633819580078,33.01222229003906,95.36888885498047,64.86050415039062,69.4098892211914,31.72050666809082,130.64328002929688,68.76253509521484,381.3148193359375
2022-12-06,37.94915008544922,37.90020751953125,32.72016143798828,94.24098205566406,63.47178649902344,68.98186492919922,31.918107986450195,129.65243530273438,67.69047546386719,375.8183288574219
2022-12-07,37.865203857421875,37.81136703491211,32.58826446533203,94.11779022216797,63.15019607543945,69.27328491210938,31.7699031829834,130.7187957763672,67.28300476074219,375.17889404296875
2022-12-08,38.1450309753418,37.6425666809082,32.61652374267578,94.67699432373047,64.18321228027344,69.64665985107422,31.97649574279785,131.8983917236328,67.93303680419922,378.1180419921875
2022-12-09,37.76726531982422,36.72749328613281,32.53173065185547,93.89978790283203,63.78851318359375,69.10935974121094,31.810325622558594,130.20919799804688,67.63713836669922,375.29351806640625
2022-12-12,38.093727111816406,37.6914176940918,32.96511459350586,95.51106262207031,65.18211364746094,69.83790588378906,32.537872314453125,131.59637451171875,67.80689239501953,380.7041320800781
2022-12-13,38.620731353759766,38.406612396240234,33.04990768432617,95.87122344970703,65.9520034790039,69.73770904541016,32.63667678833008,132.00218200683594,67.80689239501953,383.5859680175781
2022-12-14,38.205657958984375,38.17117691040039,32.63536834716797,95.69114685058594,65.3965072631836,69.69217681884766,32.59626388549805,132.2097930908203,67.30242156982422,381.1335144042969
2022-12-15,37.03970718383789,37.9401969909668,31.994720458984375,93.37848663330078,62.950408935546875,68.50835418701172,32.201053619384766,129.7845458984375,66.1963882446289,371.81036376953125
2022-12-16,36.88114547729492,37.4737663269043,31.74976348876953,92.98041534423828,62.1171760559082,68.17140197753906,31.653139114379883,127.89718627929688,64.95938873291016,367.4207763671875
2022-12-19,36.40188980102539,37.46927261352539,31.664443969726562,92.49089813232422,61.288883209228516,68.1282958984375,31.52726173400879,127.41960906982422,63.916500091552734,364.3051452636719
2022-12-20,36.64128112792969,38.03474044799805,31.79716682434082,92.60517883300781,61.38174057006836,68.07325744628906,31.536319732666016,127.39118194580078,63.17225646972656,364.8036193847656
2022-12-21,36.9604606628418,38.757301330566406,32.29014587402344,94.34796142578125,62.39816665649414,68.7519760131836,31.975522994995117,129.06838989257812,64.17915344238281,370.2583312988281
2022-12-22,36.603729248046875,37.864219665527344,32.0057373046875,93.14802551269531,60.82464599609375,68.59605407714844,31.780824661254883,128.8883514404297,62.53017044067383,364.9761657714844
2022-12-23,36.85720443725586,39.071441650390625,32.18585968017578,93.70035552978516,60.88817596435547,68.95375061035156,32.10682678222656,128.96414184570312,62.95822525024414,367.0756530761719
2022-12-27,36.89006042480469,39.48882293701172,32.17638397216797,93.98605346679688,60.311546325683594,69.28394317626953,32.306053161621094,128.6325225830078,61.93672561645508,365.62811279296875
2022-12-28,36.3267822265625,38.604713439941406,32.06261444091797,92.75755310058594,59.33909225463867,68.42179107666016,31.99815559387207,127.79862976074219,61.416255950927734,361.0840759277344
2022-12-29,36.72108459472656,39.00861740112305,32.50819778442383,93.90034484863281,60.89306640625,68.71528625488281,32.22908401489258,129.19155883789062,62.99713134765625,367.583740234375
2022-12-30,36.46290969848633,39.255455017089844,32.42286682128906,93.52893829345703,60.809993743896484,68.37593841552734,31.921186447143555,128.7272491455078,62.826904296875,366.615478515625
2023-01-03,36.425350189208984,37.877681732177734,32.53664016723633,93.72892761230469,60.23335647583008,68.11912536621094,31.921186447143555,128.35769653320312,62.452335357666016,365.0720520019531
2023-01-04,37.05904769897461,37.8731803894043,33.05805969238281,94.5574722290039,60.38973617553711,68.38510131835938,32.210968017578125,128.69882202148438,63.357093811035156,367.8904113769531
2023-01-05,36.472293853759766,38.564327239990234,32.81156921386719,93.53846740722656,59.2169303894043,67.69721984863281,31.51367950439453,127.3816909790039,62.76850891113281,363.6916198730469
2023-01-06,37.7255973815918,39.29584503173828,33.541561126708984,96.10026550292969,60.95170211791992,69.50406646728516,32.1475715637207,128.5567169189453,64.24239349365234,372.03179931640625
2023-01-09,37.964988708496094,39.1567268371582,33.418312072753906,95.67169189453125,61.6602783203125,68.82536315917969,32.36491012573242,126.40570068359375,64.63153839111328,371.8209228515625
2023-01-10,38.34519958496094,39.434967041015625,33.60792922973633,96.19548034667969,62.041439056396484,68.73362731933594,32.37397003173828,127.46697235107422,65.44387817382812,374.4283752441406
2023-01-11,38.946022033691406,39.5561408996582,33.920780181884766,97.1192626953125,63.11651611328125,68.77032470703125,32.63657760620117,128.18711853027344,67.20958709716797,379.1641845703125
2023-01-12,39.0915412902832,40.310096740722656,33.98713302612305,97.6906509399414,63.58562088012695,68.22917938232422,32.41471481323242,127.77970886230469,67.32147979736328,380.54461669921875
2023-01-13,39.33094024658203,40.368446350097656,34.243099212646484,97.57637023925781,63.76643753051758,68.5501937866211,32.296993255615234,128.3482208251953,67.95382690429688,382.0208740234375
2023-01-17,38.93663787841797,40.453712463378906,34.01557922363281,96.74783325195312,64.05475616455078,68.59605407714844,32.25171661376953,127.75126647949219,68.00247192382812,381.32110595703125
2023-01-18,38.387451171875,39.713218688964844,33.38039779663086,94.92887115478516,63.22890090942383,66.7249984741211,31.477453231811523,125.95086669921875,67.11717224121094,375.30084228515625
2023-01-19,38.09172058105469,40.20688247680664,32.991695404052734,92.97657775878906,62.49100875854492,66.0921401977539,31.160511016845703,126.25408172607422,66.00325012207031,372.56866455078125
2023-01-20,38.85683822631836,40.60630416870117,33.51311492919922,94.27176666259766,64.18180847167969,66.60577392578125,31.346158981323242,126.88900756835938,67.6036148071289,379.5093078613281
2023-01-23,38.98358154296875,40.66014862060547,33.90181350708008,95.30029296875,65.6429214477539,66.81671142578125,31.355201721191406,127.3248291015625,68.65914916992188,384.0628356933594
2023-01-24,39.00705337524414,40.50308609008789,33.920780181884766,95.9288330078125,65.61360931396484,67.09186553955078,31.51367950439453,126.48151397705078,68.5813217163086,383.65069580078125
2023-01-25,39.08684158325195,40.50757598876953,34.18622589111328,95.39552307128906,65.47677612304688,67.25697326660156,31.08807373046875,126.51941680908203,68.93153381347656,383.79443359375
2023-01-26,39.27460479736328,41.78661346435547,34.36635208129883,95.9192886352539,66.52254486083984,67.01850891113281,31.19220733642578,126.75628662109375,70.3421859741211,388.012451171875
2023-01-27,39.14786911010742,40.942893981933594,34.36635208129883,96.31928253173828,66.80107879638672,66.8259048461914,31.19220733642578,125.89402770996094,71.93766784667969,388.90399169921875
2023-01-30,38.880313873291016,40.00492858886719,34.19570541381836,95.37648010253906,65.52565002441406,66.908447265625,31.051843643188477,124.7569580078125,70.71186828613281,384.0245361328125
2023-01-31,39.734619140625,40.359474182128906,34.660240173339844,96.99544525146484,66.43946838378906,67.63302612304688,31.282758712768555,126.3678207397461,72.33167266845703,389.67095947265625
2023-02-01,39.99748229980469,39.56511688232422,34.660240173339844,97.7001724243164,68.00320434570312,68.17414855957031,31.33708953857422,126.96476745605469,73.7033920288086,393.8122253417969
2023-02-02,39.870750427246094,38.66305160522461,34.75505065917969,98.4620590209961,69.86015319824219,67.587158203125,31.40501594543457,126.10247039794922,75.96041870117188,399.5450134277344
2023-02-03,39.15257263183594,38.577789306640625,34.68868637084961,97.94776916503906,69.27861785888672,67.3211669921875,30.74848175048828,125.7329330444336,73.6207046508789,395.29815673828125
2023-02-06,38.72071838378906,38.40275955200195,34.67920684814453,97.7096939086914,68.43323516845703,67.40372467041016,31.01108741760254,125.03172302246094,73.5136947631836,392.8824157714844
2023-02-07,39.24174880981445,39.650386810302734,35.07738494873047,98.01445007324219,70.14356231689453,67.11939239501953,30.99751091003418,125.837158203125,73.68392944335938,398.0207214355469
2023-02-08,38.9272575378418,39.29584503173828,34.868804931640625,97.46208190917969,69.29816436767578,66.60577392578125,30.476808547973633,125.46762084960938,73.05644226074219,393.66851806640625
2023-02-09,38.363975524902344,38.959251403808594,34.48011016845703,96.58594512939453,68.9170150756836,66.31227111816406,30.06024932861328,124.36845397949219,72.92023468017578,390.25567626953125
2023-02-10,38.504791259765625,40.485137939453125,34.59387969970703,97.27162170410156,68.59938049316406,66.92677307128906,30.65791893005371,125.54344177246094,72.06414031982422,391.1665344238281
2023-02-13,38.70663833618164,40.381919860839844,34.99205017089844,98.15730285644531,69.78685760498047,67.68804931640625,30.843563079833984,126.58574676513672,73.11968994140625,395.7583923339844
2023-02-14,38.79581832885742,40.395381927490234,34.80244827270508,97.8906478881836,70.08492279052734,67.07353210449219,30.712257385253906,125.837158203125,73.9952392578125,395.5762023925781
2023-02-15,38.964805603027344,39.708736419677734,34.84036636352539,98.5001449584961,70.41233825683594,67.20193481445312,30.911474227905273,125.21177673339844,74.861083984375,396.8608093261719
2023-02-16,38.52357482910156,39.31828308105469,34.489593505859375,97.48113250732422,69.19065856933594,66.7158432006836,30.676034927368164,123.96099090576172,73.22669219970703,391.3964538574219
2023-02-17,38.16213607788086,37.918067932128906,34.49906921386719,98.11920928955078,68.32571411132812,67.5779800415039,31.006568908691406,125.06964111328125,73.24128723144531,390.4186706542969
2023-02-21,37.53314208984375,37.72957229614258,33.78804016113281,95.8717041015625,66.7033462524414,67.3211669921875,30.427000045776367,123.44930267333984,70.7945556640625,382.5865478515625
2023-02-22,37.814781188964844,37.47825241088867,33.7501220703125,95.63359832763672,66.60560607910156,67.22028350830078,30.309284210205078,123.03236389160156,71.15450286865234,382.0592956542969
2023-02-23,37.857025146484375,38.043731689453125,33.778564453125,96.08121490478516,67.70999145507812,67.13773345947266,30.150800704956055,123.364013671875,71.09616088867188,384.091552734375
2023-02-24,38.110504150390625,37.99435806274414,33.807010650634766,95.52884674072266,66.50298309326172,66.68830871582031,30.159854888916016,121.77208709716797,69.97737121582031,379.9886474609375
2023-02-27,38.237239837646484,38.10655975341797,33.797523498535156,96.37642669677734,66.8597183227539,66.61493682861328,29.95611000061035,121.40253448486328,70.84319305419922,381.2828063964844
2023-02-28,38.410919189453125,37.55904006958008,33.8638916015625,96.15739440917969,66.7131118774414,66.06463623046875,29.43088150024414,120.50234985351562,70.7945556640625,379.87359619140625
2023-03-01,38.71133041381836,38.29953384399414,33.7501220703125,96.53831481933594,66.22444152832031,65.57852935791016,28.94640350341797,120.3033676147461,69.90441131591797,378.4163818359375
2023-03-02,39.15257263183594,38.6361198425293,33.588958740234375,97.67161560058594,67.04051971435547,66.47736358642578,29.494266510009766,121.04246520996094,69.67091369628906,381.3594970703125
2023-03-03,39.711151123046875,39.16121292114258,34.11985778808594,98.72869110107422,68.48210144042969,66.53239440917969,29.99685287475586,122.39749145507812,71.16911315917969,387.4756164550781
2023-03-06,39.068077087402344,39.17915344238281,34.1483039855957,98.54776000976562,68.80950164794922,66.7066650390625,30.141748428344727,122.34063720703125,70.64864349365234,387.744140625
2023-03-07,38.29825973510742,38.497005462646484,33.26662063598633,97.28115844726562,67.95433044433594,66.04629516601562,29.648218154907227,120.36968994140625,69.68550872802734,381.8003845214844
2023-03-08,38.48601531982422,38.10206985473633,33.14337921142578,97.50971221923828,68.51631927490234,66.15634155273438,29.87460708618164,119.72533416748047,69.55904388427734,382.4235534667969
2023-03-09,37.49558639526367,37.56352615356445,31.79716682434082,96.07168579101562,67.5340805053711,65.54183959960938,29.63463020324707,118.51244354248047,67.90032196044922,375.367919921875
2023-03-10,36.69760513305664,37.08332824707031,31.2188663482666,94.28128051757812,66.34661865234375,65.2208251953125,29.168264389038086,117.64069366455078,67.22419738769531,369.9516296386719
2023-03-13,36.32209014892578,36.32935333251953,29.986417770385742,93.74797058105469,66.70822143554688,65.55101013183594,29.616519927978516,118.73987579345703,67.3652572631836,369.4243469238281
2023-03-14,36.786800384521484,36.688385009765625,30.593156814575195,94.7384262084961,68.24752044677734,66.14718627929688,30.005910873413086,119.80113983154297,68.50836181640625,375.5309143066406
2023-03-15,35.59451675415039,34.71820831298828,29.777849197387695,92.40519714355469,68.28662872314453,66.5782470703125,30.413414001464844,119.69690704345703,68.40620422363281,373.1822204589844
2023-03-16,36.002899169921875,35.09518814086914,30.34666633605957,93.5956039428711,70.20220947265625,66.6241226196289,30.617172241210938,120.8150405883789,69.64173889160156,379.7297668457031
2023-03-17,35.444313049316406,34.543182373046875,29.370195388793945,92.06233978271484,70.10448455810547,66.13800811767578,30.322860717773438,119.26104736328125,68.75157165527344,375.2897033691406
2023-03-20,36.17363739013672,35.23472595214844,29.696983337402344,93.28155517578125,70.29352569580078,67.05500030517578,30.56005096435547,120.7726058959961,69.0491943359375,378.8983154296875
2023-03-21,36.6120719909668,36.454559326171875,30.449649810791016,94.36211395263672,70.86163330078125,66.99969482421875,29.944278717041016,121.50508117675781,70.9569320678711,383.87347412109375
2023-03-22,35.961483001708984,35.67913055419922,29.74462127685547,92.5548095703125,70.15638732910156,66.38223266601562,29.355886459350586,119.66912841796875,69.37610626220703,377.3297424316406
2023-03-23,35.91905975341797,35.18484115600586,29.544546127319336,92.28707122802734,71.2975082397461,66.12417602539062,29.054847717285156,119.44082641601562,69.30290222167969,378.3498229980469
2023-03-24,36.211341857910156,35.32088851928711,29.525493621826172,92.66956329345703,71.4836196899414,67.24853515625,29.962526321411133,121.09603881835938,69.0784683227539,380.8325500488281
2023-03-27,36.48006820678711,36.07365036010742,29.935169219970703,93.44413757324219,70.93018341064453,67.60795593261719,29.99901580810547,121.5906753540039,69.2199478149414,381.5447082519531
2023-03-28,36.65449905395508,36.63142013549805,29.925643920898438,93.92224884033203,70.5971450805664,67.7277603149414,30.081113815307617,120.85822296142578,69.13701629638672,380.6882629394531
2023-03-29,37.16366195678711,37.139305114746094,30.363903045654297,95.28966522216797,72.07620239257812,68.10560607910156,30.51898956298828,121.19115447998047,70.44949340820312,386.22149658203125
2023-03-30,37.41823959350586,37.30255126953125,30.297210693359375,95.49048614501953,72.91366577148438,68.29913330078125,30.651268005371094,121.8475112915039,71.06426239013672,388.4829406738281
2023-03-31,38.026390075683594,37.561031341552734,30.630674362182617,96.7527084350586,73.95681762695312,68.85208892822266,30.874765396118164,123.15076446533203,72.96224212646484,393.9584655761719
2023-04-03,38.26682662963867,39.26156234741211,30.687837600708008,96.92485046386719,73.83930206298828,69.21150207519531,30.66495132446289,124.53009033203125,72.2938003540039,395.45965576171875
2023-04-04,37.715240478515625,38.54960250854492,30.402013778686523,94.75416564941406,73.43280792236328,69.07327270507812,30.820037841796875,124.54911041259766,72.17669677734375,393.26556396484375
2023-04-05,37.63038635253906,39.130043029785156,30.363903045654297,93.52063751220703,72.59532165527344,69.39582824707031,31.618240356445312,126.69896697998047,70.69832611083984,392.2359313964844
2023-04-06,37.540809631347656,38.53600311279297,30.478233337402344,93.49192810058594,73.00672149658203,69.45111846923828,31.841737747192383,127.01288604736328,70.71296691894531,393.7659606933594
2023-04-10,37.71996307373047,38.8443603515625,30.544923782348633,94.34298706054688,72.96754455566406,69.45111846923828,31.77788543701172,126.92726135253906,71.02523803710938,394.17010498046875
2023-04-11,38.012245178222656,39.211666107177734,30.81169319152832,94.90716552734375,72.28189086914062,69.65386962890625,31.805252075195312,127.3553695678711,71.13745880126953,394.2760009765625
2023-04-12,38.0405387878418,39.238887786865234,30.744998931884766,95.22274017333984,71.8705062866211,69.34053802490234,31.773324966430664,127.39338684082031,70.0347671508789,392.6689147949219
2023-04-13,38.43183135986328,39.48375701904297,31.02129554748535,95.57653045654297,73.20751953125,69.72761535644531,31.77788543701172,129.048583984375,71.58145904541016,397.8846130371094
2023-04-14,38.15367889404297,39.55630874633789,31.326171875,95.4617919921875,72.801025390625,69.28523254394531,31.42211151123047,128.01174926757812,71.67414855957031,396.9127502441406
2023-04-17,38.37525939941406,39.089229583740234,31.68821907043457,96.21723937988281,73.06549072265625,69.72761535644531,31.595436096191406,127.90709686279297,72.18159484863281,398.3369140625
2023-04-18,38.535552978515625,39.24342346191406,31.783491134643555,96.67621612548828,73.29076385498047,69.9395751953125,31.43124008178711,127.03192138671875,72.29867553710938,398.5966796875
2023-04-19,38.4271240234375,39.10737228393555,31.859704971313477,96.5997314453125,73.0801773071289,69.89349365234375,31.672975540161133,127.42192840576172,72.2303695678711,398.5293884277344
2023-04-20,38.38468551635742,38.762733459472656,31.764436721801758,96.42760467529297,72.60022735595703,70.05937194824219,31.66385841369629,126.89873504638672,71.11793518066406,396.3546142578125
2023-04-21,38.04524612426758,38.53600311279297,31.65011215209961,96.2076644897461,72.36514282226562,70.56624603271484,31.755077362060547,127.75486755371094,71.9034652709961,396.6625061035156
2023-04-24,38.30454635620117,39.12551498413086,31.57388687133789,96.43716430664062,72.04681396484375,70.85194396972656,31.914724349975586,128.4683380126953,71.89373016357422,397.0762939453125
2023-04-25,37.47480773925781,38.390892028808594,31.030820846557617,94.65853118896484,70.50900268554688,70.75979614257812,31.882793426513672,127.0985107421875,70.4690170288086,390.773193359375
2023-04-26,37.03165817260742,37.87846755981445,30.7354736328125,92.87036895751953,71.55706787109375,70.20682525634766,31.134756088256836,125.2911148071289,70.10794830322266,389.11798095703125
2023-04-27,37.53609848022461,38.01451110839844,31.23090171813965,94.70635986328125,73.0752944946289,70.99018096923828,31.508769989013672,125.94747924804688,71.95713806152344,396.86456298828125
2023-04-28,37.97453689575195,38.6040153503418,31.602462768554688,95.62435150146484,73.86868286132812,71.3680419921875,31.46316146850586,127.02243041992188,72.14256286621094,400.2518615722656
2023-05-01,37.9556770324707,38.1686897277832,31.5167179107666,96.1407470703125,73.91276550292969,71.42333221435547,31.517898559570312,127.67879486083984,71.43018341064453,399.8476867675781
2023-05-02,37.587955474853516,36.50898742675781,30.80216407775879,95.13666534423828,73.22220611572266,71.22978973388672,31.134756088256836,127.1270523071289,71.50337982177734,395.35382080078125
2023-05-03,37.1730842590332,35.819705963134766,30.449649810791016,94.77330017089844,72.6051254272461,70.6491928100586,31.048086166381836,126.95580291748047,70.93740844726562,392.64007568359375
2023-05-04,36.93265151977539,35.420654296875,30.05902671813965,93.74056243896484,72.25740814208984,70.4740982055664,31.285276412963867,125.94747924804688,70.39096069335938,389.8590393066406
2023-05-05,37.554954528808594,36.38201141357422,30.80216407775879,95.15579986572266,74.06947326660156,71.12842559814453,31.48596954345703,127.07948303222656,71.8156509399414,397.0762939453125
2023-05-08,37.432373046875,36.38201141357422,30.84980583190918,94.81153106689453,74.0302963256836,70.91645812988281,31.390182495117188,126.80363464355469,72.05960845947266,397.18212890625
2023-05-09,37.09294509887695,36.39561462402344,30.7354736328125,95.02193450927734,73.46217346191406,70.69527435302734,31.349130630493164,125.95700073242188,72.04009246826172,395.44036865234375
2023-05-10,37.11650848388672,35.982948303222656,30.563983917236328,94.67767333984375,74.35843658447266,70.58468627929688,31.63648796081543,126.30894470214844,72.40602111816406,397.2880554199219
2023-05-11,36.753501892089844,35.552162170410156,30.516338348388672,94.10391998291016,74.025390625,70.79666137695312,31.31264305114746,125.91890716552734,72.74268341064453,396.59515380859375
2023-05-12,36.81950378417969,35.60657501220703,30.392486572265625,94.17086029052734,73.92743682861328,71.07312774658203,31.48596954345703,125.74771881103516,72.12792205810547,396.07550048828125
2023-05-15,37.13065719604492,35.787967681884766,30.640199661254883,94.6298599243164,74.53961944580078,70.89801025390625,31.089141845703125,125.52893829345703,72.22061157226562,397.4420471191406
2023-05-16,36.51777648925781,34.90822982788086,30.35437774658203,93.34850311279297,74.61800384521484,70.29898834228516,30.400400161743164,124.4825210571289,71.92786407470703,394.7860107421875
2023-05-17,36.758216857910156,35.57936477661133,30.964134216308594,94.9549789428711,75.61216735839844,70.26211547851562,30.290937423706055,124.63473510742188,73.42576599121094,399.578369140625
2023-05-18,36.9750862121582,35.83784103393555,31.192790985107422,95.64347076416016,77.1597900390625,69.92115020751953,30.199705123901367,124.33032989501953,74.56747436523438,403.42755126953125
2023-05-19,37.06937026977539,36.11445999145508,31.059406280517578,95.41397857666016,77.12551879882812,69.96722412109375,30.154098510742188,124.91060638427734,73.94294738769531,402.8404846191406
2023-05-22,36.87607955932617,35.96481704711914,31.1165714263916,95.39486694335938,77.27242279052734,68.9073715209961,30.16322135925293,125.03425598144531,73.71363067626953,403.0041809082031
2023-05-23,36.30563735961914,36.35027313232422,30.754528045654297,94.24735260009766,76.13131713867188,68.4005126953125,30.058307647705078,123.6644287109375,73.04031372070312,398.4812316894531
2023-05-24,35.890769958496094,36.50898742675781,30.35437774658203,93.03295135498047,75.572998046875,67.9581527709961,29.8621826171875,122.81781768798828,72.77195739746094,395.5943298339844
2023-05-25,35.76348114013672,35.86051940917969,30.344852447509766,93.33892059326172,78.47232055664062,67.44207000732422,29.460792541503906,121.56214904785156,72.44505310058594,399.0201110839844
2023-05-26,35.942626953125,35.719940185546875,30.592559814453125,94.03697967529297,80.7006607055664,67.67244720458984,29.460792541503906,121.3148193359375,74.14786529541016,404.1877136230469
2023-05-30,35.74933624267578,35.35262680053711,30.583032608032227,93.8935546875,81.13163757324219,66.89830017089844,29.34676170349121,120.56331634521484,74.64554595947266,404.3417053222656
2023-05-31,35.36746597290039,34.73137664794922,30.259105682373047,92.61219024658203,80.45578002929688,66.97203826904297,29.615877151489258,121.60018157958984,73.97220611572266,402.0995788574219
2023-06-01,35.838905334472656,35.16217041015625,30.583032608032227,93.79790496826172,81.273681640625,66.91674041748047,29.396934509277344,122.39925384521484,74.8455810546875,405.9199523925781
2023-06-02,37.04108810424805,36.232364654541016,31.24995231628418,96.52323913574219,81.73893737792969,67.83833312988281,29.70254135131836,123.96884155273438,76.60205841064453,411.78997802734375
2023-06-05,37.01280212402344,35.992027282714844,31.087987899780273,95.85384368896484,81.26878356933594,67.58950805664062,29.843936920166016,124.41595458984375,76.83138275146484,411.00091552734375
2023-06-06,37.24851989746094,36.282249450683594,31.47861099243164,96.4562759399414,81.24917602539062,67.24853515625,29.821125030517578,123.37905883789062,77.63155364990234,411.8958435058594
2023-06-07,37.69166946411133,37.24360656738281,31.602462768554688,98.00540924072266,80.03459167480469,67.02733612060547,30.327421188354492,122.89390563964844,77.1046142578125,410.47161865234375
2023-06-08,37.554954528808594,37.08488845825195,31.57388687133789,98.1775131225586,80.90145111083984,67.48814392089844,30.459699630737305,123.68347930908203,78.24630737304688,412.9543151855469
2023-06-09,37.24379348754883,36.88083267211914,31.58341407775879,97.9193344116211,81.30304718017578,67.37754821777344,30.281810760498047,124.06398010253906,78.65128326416016,413.6952819824219
2023-06-12,37.413516998291016,36.52712631225586,31.57388687133789,98.61740112304688,83.07103729248047,67.3591079711914,30.227073669433594,124.51106262207031,80.0028076171875,417.44830322265625
2023-06-13,38.280975341796875,36.6994514465332,31.764436721801758,99.76487731933594,83.57548522949219,67.63558959960938,30.222517013549805,125.13890838623047,80.83226776123047,420.2005310058594
2023-06-14,38.12068557739258,36.32305908203125,31.64057731628418,99.49713897705078,84.43743896484375,68.0503158569336,30.20427131652832,123.85468292236328,80.773681640625,420.700927734375
2023-06-15,38.44597244262695,36.72211837768555,32.059783935546875,100.99844360351562,85.52468872070312,68.7322769165039,30.532684326171875,125.77623748779297,81.3006362915039,425.9166259765625
2023-06-16,38.54026412963867,36.66769790649414,31.993093490600586,100.83587646484375,84.81945037841797,68.81523132324219,30.696882247924805,125.76675415039062,81.17867279052734,424.4658508300781
2023-06-20,38.0186653137207,35.84700012207031,31.753835678100586,100.08702850341797,84.24622344970703,68.2917709350586,30.33686637878418,125.62539672851562,81.78683471679688,422.263671875
2023-06-21,38.1418342590332,36.130638122558594,31.71555519104004,100.64385986328125,82.99966430664062,68.5330810546875,30.580556869506836,125.64446258544922,80.80415344238281,420.10009765625
2023-06-22,38.05181884765625,35.64571762084961,31.46673583984375,99.91421508789062,83.67691802978516,68.93217468261719,30.34606170654297,126.50414276123047,81.83573913574219,421.6165466308594
2023-06-23,37.74387741088867,35.38954544067383,31.3327579498291,99.1557388305664,82.76898193359375,68.4773941040039,29.900066375732422,126.08387756347656,80.88728332519531,418.4290771484375
2023-06-26,38.13710021972656,36.02541732788086,31.265756607055664,99.98141479492188,82.17516326904297,68.57019805908203,30.194332122802734,125.36749267578125,79.85083770751953,416.7195129394531
2023-06-27,38.67717742919922,36.107757568359375,31.514585494995117,101.18150329589844,83.79471588134766,68.77439880371094,30.203527450561523,125.08091735839844,81.56683349609375,421.28814697265625
2023-06-28,38.4118766784668,36.47372817993164,31.43802261352539,101.18150329589844,83.84378814697266,68.3103256225586,29.75752830505371,124.67975616455078,81.88951873779297,421.5006103515625
2023-06-29,38.89510726928711,36.89459991455078,31.9835205078125,102.1607666015625,83.99101257324219,68.24534606933594,29.75752830505371,125.49165344238281,81.97750091552734,423.16192626953125
2023-06-30,39.25989532470703,37.13248062133789,32.26105499267578,103.034423828125,85.32592010498047,68.83935546875,30.088584899902344,126.78115844726562,83.01884460449219,428.15557861328125
2023-07-03,39.406761169433594,37.21940612792969,32.44288635253906,103.05364227294922,85.14434051513672,69.37767028808594,30.313875198364258,125.73999786376953,84.02108001708984,428.6481018066406
2023-07-05,38.43556213378906,37.01354217529297,32.37590026855469,102.49679565429688,84.61920928955078,69.25701904296875,30.658720016479492,125.67312622070312,84.05530548095703,428.0106506347656
2023-07-06,38.15605545043945,36.18095016479492,32.098365783691406,101.72875213623047,84.3934555053711,69.0806655883789,30.286291122436523,124.67018127441406,82.7010726928711,424.6590576171875
2023-07-07,38.4876708984375,36.958648681640625,32.146209716796875,101.95915222167969,84.02536010742188,68.18038940429688,30.065589904785156,123.21832275390625,82.80375671386719,423.5869140625
2023-07-10,38.478206634521484,37.24685287475586,32.28976821899414,103.40885925292969,84.24622344970703,68.16181182861328,29.93684959411621,124.19261169433594,83.05796813964844,424.6590576171875
2023-07-11,38.85720443725586,38.06570816040039,32.67256546020508,104.6281509399414,84.42779541015625,68.26393127441406,30.30927848815918,124.22125244140625,83.752197265625,427.3634948730469
2023-07-12,39.368858337402344,38.4179573059082,32.883121490478516,104.44573211669922,85.38479614257812,68.42170715332031,30.75067138671875,123.8869400024414,84.50509643554688,430.8020324707031
2023-07-13,39.676795959472656,38.27157211303711,32.997962951660156,104.58014678955078,86.4988784790039,68.70941925048828,30.85643196105957,123.93470001220703,85.29708862304688,434.22125244140625
2023-07-14,39.44466018676758,37.26057052612305,32.77784729003906,104.27291870117188,86.37127685546875,68.94145202636719,30.73687744140625,125.79729461669922,85.51709747314453,433.9508056640625
2023-07-17,39.48255157470703,37.187381744384766,33.09366226196289,104.66654205322266,87.47550964355469,68.73725891113281,30.382843017578125,125.22418975830078,85.86420440673828,435.4576110839844
2023-07-18,39.790496826171875,37.562503814697266,33.46689987182617,105.25218963623047,88.46686553955078,68.66302490234375,30.148353576660156,126.15074920654297,86.21621704101562,438.69329833984375
2023-07-19,39.577308654785156,37.78208923339844,33.61043930053711,105.20419311523438,88.24603271484375,69.35912322998047,30.456409454345703,126.7333755493164,86.5193099975586,439.6687927246094
2023-07-20,39.67205810546875,38.22582244873047,33.859283447265625,105.67462158203125,86.4841537475586,69.9531021118164,31.012758255004883,128.8347930908203,83.57130432128906,436.7518310546875
2023-07-21,39.676795959472656,38.564353942871094,33.74443435668945,105.17537689208984,86.43997955322266,70.1944351196289,31.477142333984375,130.1338348388672,83.59085845947266,436.7518310546875
2023-07-24,39.79997253417969,39.18650436401367,34.06981658935547,105.41541290283203,86.59211730957031,70.46359252929688,31.394380569458008,129.84727478027344,84.138427734375,438.7030029296875
2023-07-25,40.51533889770508,39.39236068725586,33.84970474243164,105.28099822998047,87.58349609375,70.44503021240234,31.449556350708008,129.7899627685547,83.94287109375,439.900634765625
2023-07-26,40.37795639038086,39.40608596801758,34.05068588256836,106.02024841308594,86.40562438964844,70.52855682373047,31.449556350708008,129.7039794921875,83.92330169677734,439.9682922363281
2023-07-27,40.11738967895508,39.15447998046875,33.620025634765625,105.10818481445312,86.15532684326172,69.90670776367188,30.89321517944336,128.74880981445312,83.05308532714844,437.05133056640625
2023-07-28,40.39689636230469,39.27341842651367,33.68701934814453,105.76103210449219,87.32828521728516,70.63064575195312,30.824237823486328,129.13088989257812,84.46109008789062,441.3301696777344
2023-07-31,40.61008834838867,40.01909255981445,33.811424255371094,106.0106430053711,87.52948760986328,70.30579376220703,30.838037490844727,128.13746643066406,84.94019317626953,442.1704406738281
2023-08-01,40.43006134033203,39.83152770996094,33.811424255371094,106.32746887207031,87.67672729492188,69.9252700805664,30.46100425720215,127.46885681152344,83.97708892822266,440.9051513671875
2023-08-02,39.92788314819336,39.31002426147461,33.52431869506836,105.21378326416016,85.50751495361328,70.17587280273438,30.46100425720215,127.55484008789062,82.47130584716797,434.7718200683594
2023-08-03,39.68153381347656,39.70801544189453,33.543460845947266,104.55133819580078,85.15906524658203,69.98096466064453,29.76673126220703,126.91487121582031,82.6668472290039,433.52581787109375
2023-08-04,39.591514587402344,39.762908935546875,33.40947723388672,103.91769409179688,84.00082397460938,69.28486633300781,29.421884536743164,126.46593475341797,83.8695297241211,431.5650939941406
2023-08-07,39.85208511352539,39.80864715576172,33.87842559814453,105.19459533691406,84.23641204833984,69.85103607177734,29.41728973388672,127.92736053466797,84.72997283935547,435.3320007324219
2023-08-08,39.43045425415039,40.005367279052734,33.57217788696289,104.71453857421875,83.5886001586914,69.34982299804688,29.555221557617188,128.9111785888672,84.05530548095703,433.4388427734375
2023-08-09,39.26937484741211,40.508575439453125,33.32334518432617,104.65695190429688,82.50888061523438,69.45191955566406,29.619592666625977,128.8730010986328,83.05796813964844,430.541259765625
2023-08-10,39.29779052734375,40.504005432128906,33.352054595947266,104.36892700195312,82.51870727539062,69.3127212524414,29.527639389038086,128.78700256347656,83.25841522216797,430.69580078125
2023-08-11,39.18883514404297,41.12615966796875,33.41904830932617,104.54173278808594,81.91014862060547,69.42406463623047,29.688568115234375,129.58938598632812,82.974853515625,430.4446716308594
2023-08-14,39.27410888671875,40.95232391357422,33.352054595947266,104.58014678955078,83.21558380126953,69.0806655883789,29.454071044921875,129.98101806640625,83.22908020019531,432.8207092285156
2023-08-15,38.63454055786133,40.10143280029297,32.739566802978516,103.24564361572266,82.39599609375,68.33816528320312,28.975894927978516,129.50343322753906,82.0948486328125,427.7788391113281
2023-08-16,38.37398147583008,39.753761291503906,32.69171905517578,102.66961669921875,81.61076354980469,68.18038940429688,29.104629516601562,128.5195770263672,81.07794952392578,424.63970947265625
2023-08-17,38.29817199707031,40.229522705078125,32.529022216796875,101.8055419921875,80.83534240722656,67.52140808105469,29.04026222229004,127.49752807617188,79.70417022705078,421.40399169921875
2023-08-18,38.293434143066406,40.62752151489258,32.51945495605469,101.99755859375,80.95803833007812,67.77201080322266,29.191993713378906,127.54530334472656,79.52327728271484,421.60687255859375
2023-08-21,38.29817199707031,40.371334075927734,32.481170654296875,101.87275695800781,82.50396728515625,67.31723022460938,29.008075714111328,127.67903900146484,80.4375,424.3499450683594
2023-08-22,38.265010833740234,40.060264587402344,32.174922943115234,101.63274383544922,82.41072845458984,66.93669891357422,29.090837478637695,127.23006439208984,80.55484008789062,423.2005920410156
2023-08-23,38.326595306396484,39.95961380004883,32.49073791503906,102.67920684814453,83.89778137207031,67.3822021484375,29.205787658691406,127.61212921142578,81.20016479492188,427.9140625
2023-08-24,38.165531158447266,39.68513870239258,32.37590026855469,101.43112182617188,81.96412658691406,66.84387969970703,29.03566551208496,126.50414276123047,79.61127471923828,421.9835205078125
2023-08-25,38.27923583984375,40.06941604614258,32.529022216796875,102.28556823730469,82.7984390258789,67.21513366699219,29.256359100341797,127.43067932128906,80.50106811523438,424.9584655761719
2023-08-28,38.55873107910156,40.33931350708008,32.71085739135742,103.120849609375,83.47570037841797,67.52140808105469,29.25176429748535,127.72676086425781,80.82373046875,427.6532897949219
2023-08-29,39.198299407958984,40.44910430908203,33.00753402709961,103.9081039428711,85.14924621582031,67.76273345947266,29.36211395263672,128.8730010986328,82.84286499023438,433.83489990234375
2023-08-30,39.2883186340332,40.650390625,33.02667236328125,104.3785171508789,85.79215240478516,67.87409210205078,29.22877311706543,128.77748107910156,83.19974517822266,435.6217346191406
2023-08-31,39.26937484741211,40.677833557128906,32.90226364135742,103.9081039428711,86.20932006835938,67.53070068359375,28.94830322265625,127.23963165283203,83.4588623046875,434.98431396484375
2023-09-01,39.7099609375,41.51042556762695,33.19892883300781,104.45532989501953,86.47433471679688,66.95526123046875,28.801170349121094,127.58350372314453,82.9504165649414,435.795654296875
2023-09-05,38.975643157958984,41.730010986328125,32.863983154296875,102.69840240478516,86.78352355957031,66.37981414794922,28.359771728515625,126.26534271240234,83.00907897949219,433.9122009277344
2023-09-06,38.89036560058594,41.74831008911133,32.84484100341797,102.25678253173828,85.86577606201172,66.3055648803711,28.42414665222168,125.5776138305664,82.27082824707031,430.99517822265625
2023-09-07,38.71508026123047,41.707130432128906,32.758705139160156,101.9207534790039,84.62411499023438,66.4633560180664,28.79657554626465,126.14116668701172,82.50062561035156,429.6719665527344
2023-09-08,38.752986907958984,42.10971450805664,32.82570266723633,101.41191101074219,84.80078887939453,66.54686737060547,29.049455642700195,126.14116668701172,82.50062561035156,430.319091796875
2023-09-11,38.918792724609375,41.5561637878418,32.97882080078125,101.44071960449219,85.24249267578125,67.12232208251953,29.16899871826172,127.0103759765625,84.72020721435547,433.149169921875
2023-09-12,38.82878112792969,42.53515625,33.19892883300781,101.07589721679688,83.69656372070312,66.54686737060547,29.205787658691406,126.84799194335938,83.95264434814453,430.7730407714844
2023-09-13,38.60137939453125,42.214927673339844,33.19892883300781,100.40385437011719,83.9075927734375,66.75106811523438,29.555221557617188,126.86711883544922,84.61752319335938,431.2752990722656
2023-09-14,39.14619064331055,42.70899200439453,33.50518035888672,101.39270782470703,84.51615142822266,67.42860412597656,29.987424850463867,127.26827239990234,85.44865417480469,434.9939270019531
2023-09-15,38.71034240722656,42.09141159057617,33.33292007446289,100.80707550048828,82.89167785644531,66.8717269897461,29.858684539794922,126.26534271240234,83.98686981201172,429.75299072265625
2023-09-18,38.5494384765625,42.44810104370117,33.42424774169922,100.91889190673828,83.29007720947266,66.84835815429688,29.836437225341797,126.07350158691406,83.07344818115234,430.0049743652344
2023-09-19,38.516117095947266,42.05177307128906,33.38579177856445,100.4947509765625,83.24579620361328,66.68950653076172,29.674205780029297,126.17901611328125,82.65715789794922,429.1132507324219
2023-09-20,38.111480712890625,41.66006851196289,33.15508270263672,100.09952545166016,81.93755340576172,66.75492095947266,29.702016830444336,126.1885986328125,81.8343505859375,425.1683349609375
2023-09-21,37.345069885253906,41.088623046875,32.60713195800781,98.46075439453125,80.6883316040039,65.895263671875,29.391460418701172,125.08563232421875,79.6010513305664,418.14093017578125
2023-09-22,37.30698776245117,41.15774154663086,32.357200622558594,98.12336730957031,80.86046600341797,65.54017639160156,29.335840225219727,124.82669067382812,78.81742858886719,417.2007141113281
2023-09-25,37.60212326049805,41.67388916015625,32.434104919433594,98.614990234375,81.12113189697266,65.30657196044922,29.294126510620117,125.50765228271484,79.30229949951172,418.9552001953125
2023-09-26,37.0594482421875,41.43425369262695,32.00152587890625,97.11119842529297,79.6604232788086,64.82068634033203,28.41808319091797,124.44306182861328,77.85749053955078,412.8002014160156
2023-09-27,37.054683685302734,42.46653747558594,31.953460693359375,97.83416748046875,79.78337097167969,64.2880630493164,27.871135711669922,123.81965637207031,77.55873107910156,412.9649658203125
2023-09-28,37.454559326171875,42.51261520385742,32.18416976928711,98.24868774414062,80.34895324707031,64.48429107666016,27.268564224243164,124.4142837524414,78.42561340332031,415.3591613769531
2023-09-29,37.39267349243164,41.65545654296875,31.88616371154785,97.72813415527344,80.6243896484375,64.29739379882812,27.314918518066406,123.474365234375,78.84191131591797,414.3510437011719
2023-10-02,36.8975944519043,40.82593536376953,31.617002487182617,96.7737808227539,81.49000549316406,63.85823059082031,26.044885635375977,123.30171966552734,78.90557861328125,414.1862487792969
2023-10-03,36.797630310058594,40.79828643798828,31.117130279541016,96.09901428222656,80.10797119140625,63.40036392211914,26.346168518066406,122.20835876464844,76.98571014404297,408.6418762207031
2023-10-04,37.23081970214844,39.517147064208984,31.347843170166016,96.40747833251953,81.10637664794922,63.904945373535156,26.318359375,122.72627258300781,78.50397491455078,411.6176452636719
2023-10-05,36.778587341308594,39.27290344238281,31.492033004760742,95.83873748779297,81.2145767211914,62.64347457885742,26.1653995513916,123.39763641357422,78.11216735839844,411.4625549316406
2023-10-06,37.12608337402344,39.507930755615234,31.76120376586914,97.14974212646484,82.73429870605469,62.29773712158203,26.53621482849121,124.69242095947266,78.66069793701172,416.3477478027344
2023-10-09,37.1736946105957,40.82593536376953,31.78042984008789,98.6728286743164,83.16218566894531,62.35381317138672,26.800411224365234,125.12401580810547,78.74395751953125,419.0133056640625
2023-10-10,37.56880187988281,40.87662887573242,32.01113510131836,99.27051544189453,83.29007720947266,62.98921585083008,27.166593551635742,125.71865844726562,79.6059341430664,421.1942138671875
2023-10-11,37.65925216674805,40.35127258300781,32.059200286865234,99.8681640625,84.06222534179688,62.559383392333984,27.60693359375,125.16239166259766,79.88999938964844,422.9195861816406
2023-10-12,37.0975227355957,40.39735412597656,31.857330322265625,98.96204376220703,84.14091491699219,61.87725067138672,27.180496215820312,124.08818054199219,79.01822662353516,420.3412170410156
2023-10-13,36.95947265625,41.28677749633789,31.92462158203125,98.08482360839844,82.93595123291016,62.419227600097656,27.486419677734375,124.86505126953125,77.85749053955078,418.2475891113281
2023-10-16,37.32126235961914,41.563289642333984,32.26107406616211,99.12590789794922,83.7326889038086,63.063961029052734,27.769161224365234,125.80498504638672,79.11618041992188,422.6481018066406
2023-10-17,37.68781661987305,41.99647903442383,32.41488265991211,99.43438720703125,83.34416961669922,63.33495330810547,27.69499969482422,125.6323471069336,79.30229949951172,422.6286926269531
2023-10-18,36.711944580078125,42.378971099853516,31.857330322265625,97.03407287597656,82.4884033203125,63.56856918334961,27.453969955444336,124.53897857666016,77.4411849975586,416.9971618652344
2023-10-19,36.283504486083984,42.305240631103516,31.43436050415039,96.13758087158203,82.01625061035156,63.101356506347656,27.180496215820312,123.31132507324219,75.46255493164062,413.333251953125
2023-10-20,35.845558166503906,41.59554672241211,30.95371437072754,95.14466094970703,80.62931060791016,62.8583984375,26.897750854492188,122.82218170166016,74.29203033447266,408.2542419433594
2023-10-23,35.4456787109375,40.9227180480957,30.76145362854004,94.70123291015625,80.7227554321289,62.73692321777344,26.67063331604004,122.05489349365234,74.38018035888672,407.5466003417969
2023-10-24,35.86458969116211,40.3466682434082,30.972938537597656,95.41458892822266,81.27851104736328,63.26954650878906,27.35663414001465,122.42893981933594,75.17359924316406,410.6192932128906
2023-10-25,35.4456787109375,40.272926330566406,30.85757827758789,94.1903305053711,80.3194580078125,63.484466552734375,27.509593963623047,121.33557891845703,73.65532684326172,404.72601318359375
2023-10-26,35.6932258605957,39.95956039428711,30.790292739868164,93.79509735107422,78.78497314453125,63.073307037353516,27.74598503112793,120.13670349121094,72.50438690185547,399.8795471191406
2023-10-27,35.67893600463867,39.00100326538086,30.232742309570312,92.96607208251953,79.24236297607422,62.21364974975586,27.222211837768555,118.10340118408203,73.26351928710938,398.06695556640625
2023-10-30,36.045494079589844,39.130043029785156,30.77106285095215,94.12285614013672,80.09323120117188,63.185447692871094,27.430797576904297,118.76519775390625,73.93450164794922,402.826171875
2023-10-31,36.20733642578125,39.25907897949219,31.107519149780273,94.8169174194336,80.66372680664062,63.40969467163086,27.667186737060547,119.4461441040039,74.49282836914062,405.3560791015625
2023-11-01,36.22638702392578,39.16691207885742,31.30938720703125,95.12539672851562,82.22280883789062,63.34428405761719,27.982376098632812,119.69552612304688,75.41357421875,409.6790771484375
2023-11-02,36.926151275634766,40.35127258300781,32.04958724975586,97.082275390625,83.61465454101562,64.16658782958984,28.50615119934082,121.59454345703125,77.38243103027344,417.53033447265625
2023-11-03,37.506919860839844,39.945735931396484,32.472557067871094,97.94021606445312,84.47535705566406,64.2413330078125,28.673015594482422,122.19876861572266,78.46968841552734,421.339599609375
2023-11-06,37.32126235961914,39.49410629272461,32.376426696777344,97.67993927001953,85.0311050415039,64.34412384033203,28.598852157592773,123.01399230957031,78.56763458251953,422.30889892578125
2023-11-07,36.597686767578125,38.61851119995117,32.32836151123047,97.43893432617188,85.96065521240234,64.50298309326172,28.390270233154297,123.10032653808594,79.44432830810547,423.51080322265625
2023-11-08,36.711944580078125,38.13462448120117,32.366817474365234,97.66065216064453,86.44757080078125,64.25067901611328,28.181690216064453,122.92768096923828,79.23372650146484,423.8209533691406
2023-11-09,36.39775466918945,38.01941680908203,32.23223114013672,97.44857788085938,86.04426574707031,63.98904800415039,27.81087875366211,120.38606262207031,77.75463104248047,420.5157165527344
2023-11-10,36.82619094848633,38.43878173828125,32.597530364990234,98.85599517822266,88.2918930053711,64.43756103515625,27.959203720092773,121.10539245605469,79.04761505126953,427.0777282714844
2023-11-13,36.773834228515625,38.715293884277344,32.54946517944336,98.94273376464844,87.77548217773438,64.64314270019531,27.625471115112305,121.80552673339844,79.38554382324219,426.6706848144531
2023-11-14,37.85918426513672,39.060916900634766,33.16468811035156,100.92853546142578,89.53128814697266,65.30657196044922,28.728633880615234,122.63035583496094,82.05965423583984,434.9483947753906
2023-11-15,38.02580261230469,38.987178802490234,33.34733200073242,101.14060974121094,89.6444091796875,65.829833984375,28.640567779541016,122.72627258300781,82.15760040283203,435.8692321777344
2023-11-16,38.14004898071289,38.2267951965332,33.48192596435547,101.15990447998047,90.09196472167969,65.01690673828125,28.793529510498047,123.2537612915039,81.3152084350586,436.40234375
2023-11-17,38.21145248413086,39.02865982055664,33.65495681762695,101.80575561523438,89.90506744384766,64.93280029296875,28.872323989868164,123.00440216064453,81.85884094238281,436.94512939453125
2023-11-20,38.27810287475586,39.083953857421875,33.7895393371582,102.11424255371094,91.20838928222656,64.88609313964844,28.784255981445312,123.75250244140625,82.2800521850586,440.3085632324219
2023-11-21,38.4256706237793,38.996395111083984,33.77030944824219,102.03711700439453,90.47066497802734,65.08232116699219,28.844512939453125,124.5005874633789,82.06944274902344,439.34893798828125
2023-11-22,38.44947052001953,38.977962493896484,33.90488815307617,102.25882720947266,90.87396240234375,65.54951477050781,28.983570098876953,125.09522247314453,82.3192138671875,441.045166015625
2023-11-24,38.616085052490234,39.139259338378906,34.0106315612793,102.50944519042969,90.6968994140625,65.79248809814453,29.05773162841797,125.7666244506836,82.39759826660156,441.3166198730469
2023-11-27,38.568477630615234,39.00100326538086,33.8952751159668,101.93106842041016,90.69198608398438,65.6055908203125,29.104082107543945,124.98015594482422,82.52981567382812,440.52178955078125
2023-11-28,38.6446533203125,39.01022720336914,33.88566207885742,101.6900863647461,90.8641128540039,65.90460205078125,29.1967830657959,124.33755493164062,83.0048828125,440.95794677734375
2023-11-29,38.84458541870117,38.71990203857422,34.1259880065918,102.07566833496094,90.9329833984375,65.37198638916016,28.965028762817383,124.37590026855469,82.77960205078125,440.6478271484375
2023-11-30,39.230167388916016,38.977962493896484,34.510501861572266,103.19389343261719,91.06576538085938,66.02609252929688,29.090177536010742,125.93925476074219,82.66205596923828,442.3827819824219
2023-12-01,39.67764663696289,39.18073654174805,34.77005386352539,104.8230209350586,91.2723388671875,66.29705047607422,29.44708251953125,126.43797302246094,83.79339599609375,444.9999084472656
2023-12-04,39.21588897705078,39.00100326538086,34.731605529785156,104.99652099609375,90.16082000732422,66.38115692138672,29.331205368041992,126.677734375,83.47506713867188,442.6639404296875
2023-12-05,38.67797088623047,38.31895446777344,34.55856704711914,104.14822387695312,90.70182037353516,65.85789489746094,29.12262535095215,126.51469421386719,83.62199401855469,442.5767517089844
2023-12-06,38.5970458984375,37.747520446777344,34.385536193847656,104.61094665527344,89.9345703125,65.689697265625,29.51197624206543,126.6106185913086,83.74443054199219,440.79315185546875
2023-12-07,38.85886764526367,37.48944854736328,34.54895782470703,104.70733642578125,91.02642822265625,65.97002410888672,29.44708251953125,126.45714569091797,84.43499755859375,444.15667724609375
2023-12-08,39.001678466796875,37.894989013671875,34.731605529785156,105.03510284423828,91.80349731445312,65.51213836669922,29.391460418701172,126.66817474365234,84.82190704345703,446.0661315917969
2023-12-11,39.27777862548828,37.941070556640625,34.94308853149414,106.03762817382812,92.60516357421875,66.13819885253906,29.58150291442871,127.50259399414062,85.04721069335938,447.8011779785156
2023-12-12,39.50627517700195,37.42032241821289,35.193023681640625,106.51961517333984,93.21994018554688,66.3531265258789,29.460988998413086,128.04925537109375,85.3116683959961,449.8463439941406
2023-12-13,39.98707580566406,37.941070556640625,35.76019287109375,107.70530700683594,94.04129791259766,67.55852508544922,30.573427200317383,130.4086456298828,86.42833709716797,456.04974365234375
2023-12-14,40.648765563964844,39.05630874633789,36.115875244140625,109.09343719482422,93.81014251708984,66.56803894042969,30.1747989654541,129.77561950683594,87.58905792236328,457.5133972167969
2023-12-15,40.54403305053711,38.84893035888672,35.90438461303711,108.9488296508789,94.28229522705078,66.56803894042969,29.651031494140625,128.67269897460938,87.77027893066406,456.7601318359375
2023-12-18,40.60682678222656,39.16624069213867,36.024173736572266,108.94398498535156,94.5642318725586,67.26097106933594,29.584121704101562,128.88272094726562,88.31488800048828,459.32940673828125
2023-12-19,40.98072814941406,39.63616180419922,36.294677734375,109.78723907470703,94.9240493774414,67.3927993774414,29.7525577545166,129.74974060058594,89.00668334960938,462.12255859375
2023-12-20,40.35276794433594,39.26860046386719,35.64741516113281,108.01351165771484,93.48969268798828,66.0841064453125,29.148996353149414,127.87113189697266,87.38267517089844,455.7188415527344
2023-12-21,40.77939987182617,39.422142028808594,35.99519348144531,109.1281509399414,94.53959655761719,66.54545593261719,29.200458526611328,129.43185424804688,88.7123031616211,460.0398864746094
2023-12-22,41.03346252441406,39.5384635925293,36.07248306274414,109.65156555175781,94.66281127929688,67.0538558959961,29.298715591430664,130.07730102539062,88.05976104736328,460.96441650390625
2023-12-26,41.22521209716797,39.87809753417969,36.21738815307617,110.42695617675781,95.05713653564453,67.33629608154297,29.476511001586914,130.36630249023438,88.43264770507812,462.9108581542969
2023-12-27,41.32587432861328,39.701297760009766,36.33331298828125,110.59172058105469,95.05220031738281,67.6469955444336,29.457794189453125,130.9154510498047,88.73683166503906,463.747802734375
2023-12-28,41.167686462402344,39.09645462036133,36.4395751953125,110.62079620361328,95.16558837890625,67.67524719238281,29.668336868286133,131.25265502929688,88.27562713623047,463.9230041503906
2023-12-29,41.00469207763672,39.0080451965332,36.32365036010742,110.485107421875,94.87476348876953,67.81646728515625,29.63091278076172,131.3875274658203,87.73102569580078,462.5799865722656
2024-01-02,40.93280029296875,39.426788330078125,36.47822189331055,109.37045288085938,92.3905029296875,68.57908630371094,30.061363220214844,133.69967651367188,86.91656494140625,459.9912414550781
2024-01-03,40.49178695678711,40.0688591003418,36.1690788269043,107.74213409423828,91.44905853271484,68.04243469238281,30.17365074157715,133.47808837890625,85.16008758544922,456.2345886230469
2024-01-04,40.36235809326172,39.366310119628906,36.313987731933594,107.87782287597656,90.77871704101562,67.94828033447266,30.080076217651367,134.142822265625,84.5615005493164,454.7649841308594
2024-01-05,40.42947006225586,39.39887237548828,36.46855926513672,108.00382232666016,90.75405883789062,67.79764556884766,30.192363739013672,134.02720642089844,84.69397735595703,455.38787841796875
2024-01-08,40.60203552246094,38.94291305541992,36.70041275024414,108.71136474609375,93.03129577636719,68.29663848876953,30.412273406982422,135.21217346191406,86.1364517211914,461.8890380859375
2024-01-09,40.137054443359375,38.319454193115234,36.46855926513672,108.37213134765625,93.17916107177734,68.47551727294922,30.164295196533203,135.19293212890625,85.81753540039062,461.1882629394531
2024-01-10,40.08432388305664,37.942588806152344,36.526527404785156,108.92459869384766,93.97274780273438,68.33429718017578,30.15961456298828,135.80947875976562,86.50443267822266,463.7965087890625
2024-01-11,39.96449279785156,38.0402946472168,36.39126968383789,108.67259216308594,94.45085906982422,68.32488250732422,29.457794189453125,135.71315002441406,86.3915786743164,463.5921325683594
2024-01-12,40.002830505371094,38.46833419799805,36.32365036010742,108.66291046142578,94.75646209716797,68.54142761230469,29.62623405456543,135.37596130371094,85.3514404296875,463.91326904296875
2024-01-16,39.542640686035156,37.551761627197266,36.07248306274414,107.5676498413086,94.99305725097656,68.16482543945312,29.303394317626953,134.56671142578125,85.25330352783203,462.2101135253906
2024-01-17,39.25502395629883,37.24003219604492,36.004852294921875,106.8407211303711,94.52481079101562,68.11774444580078,28.877620697021484,134.29696655273438,84.50753784179688,459.6408996582031
2024-01-18,39.379661560058594,37.17955017089844,36.06281661987305,108.28490447998047,96.44219970703125,68.03302001953125,28.568822860717773,134.2777099609375,84.98837280273438,463.72833251953125
2024-01-19,39.418006896972656,37.30051803588867,36.642452239990234,108.99244689941406,98.66522216796875,67.8353042602539,28.531389236450195,134.3547821044922,85.80772399902344,469.5093078613281
2024-01-22,39.53306198120117,37.440093994140625,36.81633758544922,109.83570098876953,99.09896850585938,67.50577545166016,28.38634490966797,134.9424591064453,85.429931640625,470.5019836425781
2024-01-23,39.66248321533203,37.51919174194336,36.87430191040039,109.74847412109375,99.49823760986328,68.24015045166016,28.43781280517578,134.8461151123047,85.2238540649414,471.8741760253906
2024-01-24,39.1255989074707,38.054256439208984,37.01921081542969,109.06999206542969,100.18338012695312,67.40221405029297,28.04947280883789,133.6129608154297,84.90003967285156,472.3900451660156
2024-01-25,39.5378532409668,38.910343170166016,37.202754974365234,110.11678314208984,100.60235595703125,68.05183410644531,28.554780960083008,133.41064453125,83.8500747680664,474.95928955078125
2024-01-26,39.5522346496582,39.19880676269531,37.338008880615234,109.94232940673828,99.44400024414062,68.38136291503906,28.639001846313477,134.1717071533203,84.2327880859375,474.3558654785156
2024-01-29,39.74877166748047,39.14297866821289,37.43461227416992,110.6595687866211,100.35588836669922,68.77680969238281,28.82147789001465,135.1158447265625,85.46427154541016,478.1125183105469
2024-01-30,39.930931091308594,39.547760009765625,37.907981872558594,110.69833374023438,99.52780151367188,69.16282653808594,28.812122344970703,135.4241485595703,85.41522216796875,477.74267578125
2024-01-31,39.40842819213867,38.807987213134766,37.444271087646484,109.4189224243164,97.4378662109375,68.65441131591797,28.751296997070312,135.2410888671875,83.8598861694336,469.9471740722656
2024-02-01,40.065147399902344,38.80333709716797,37.50224304199219,111.27989196777344,98.66522216796875,70.0572509765625,29.298715591430664,136.99444580078125,85.4740982055664,476.09796142578125
2024-02-02,39.83026123046875,38.85916519165039,37.65680694580078,112.0262222290039,99.68553924560547,69.8312759399414,28.77000617980957,136.79217529296875,86.9999771118164,481.1100769042969
2024-02-05,38.81881332397461,38.76145935058594,37.43461227416992,111.41558837890625,99.91226959228516,69.39820861816406,28.17112159729004,137.2160186767578,85.77339172363281,479.3582458496094
2024-02-06,39.504295349121094,38.8870735168457,37.51189422607422,112.41390991210938,99.453857421875,69.55825805664062,28.274057388305664,138.70932006835938,86.29344940185547,480.74993896484375
2024-02-07,39.820674896240234,38.9661750793457,37.792057037353516,113.16024017333984,100.76992797851562,69.49234771728516,28.292768478393555,139.08502197265625,87.26002502441406,484.75958251953125
2024-02-08,39.7679443359375,39.366310119628906,37.64714813232422,113.17961883544922,101.08539581298828,69.4735336303711,28.091583251953125,138.8441619873047,87.64271545410156,484.9737243652344
2024-02-09,39.85423278808594,38.76145935058594,37.753414154052734,113.35408782958984,102.4458236694336,68.83330535888672,28.199193954467773,138.73818969726562,88.26582336425781,487.7765808105469
2024-02-12,40.170616149902344,39.18950271606445,37.92729949951172,113.51885986328125,101.66700744628906,69.32286834716797,28.526710510253906,138.9212646484375,88.19222259521484,487.56243896484375
2024-02-13,39.60496520996094,38.794029235839844,37.41529846191406,112.35576629638672,99.94183349609375,68.57908630371094,28.054147720336914,137.63031005859375,86.43573760986328,480.8472595214844
2024-02-14,39.85902404785156,38.756805419921875,37.77273178100586,114.23611450195312,100.98680877685547,68.44727325439453,28.20855140686035,138.82492065429688,87.34831237792969,485.21697998046875
2024-02-15,40.611629486083984,39.83623123168945,38.41999053955078,115.08905792236328,100.77485656738281,68.88978576660156,28.681114196777344,139.8364715576172,88.35904693603516,488.5649108886719
2024-02-16,40.82733917236328,39.812965393066406,38.28474044799805,114.40087890625,99.84820556640625,68.99334716796875,28.648359298706055,140.28927612304688,87.83406829833984,486.1318359375
2024-02-20,40.74105453491211,39.45005798339844,38.1784782409668,114.04227447509766,98.83280181884766,69.71830749511719,28.6296443939209,139.81719970703125,87.0048828125,483.4555358886719
2024-02-21,40.96635055541992,40.18982696533203,38.294403076171875,114.497802734375,98.21175384521484,69.9725112915039,29.008628845214844,140.12545776367188,87.64762115478516,483.8934631347656
2024-02-22,41.378604888916016,40.259620666503906,38.7387809753418,115.91292572021484,101.42549896240234,70.1890640258789,28.784046173095703,141.77288818359375,89.3501205444336,493.9078674316406
2024-02-23,41.62308120727539,39.994415283203125,38.93199920654297,116.52354431152344,101.18889617919922,70.4056167602539,28.989913940429688,142.44725036621094,88.94781494140625,494.2484436035156
2024-02-26,41.373809814453125,40.13399887084961,38.7387809753418,116.34907531738281,101.28749084472656,70.12316131591797,28.419099807739258,141.715087890625,89.22257995605469,492.4383239746094
2024-02-27,41.52720642089844,39.96184539794922,38.845054626464844,116.52354431152344,101.37620544433594,70.13256072998047,28.95716094970703,141.36827087402344,89.5169448852539,493.35308837890625
2024-02-28,41.656639099121094,39.88275146484375,38.989959716796875,116.92092895507812,100.89807891845703,70.20789337158203,29.046062469482422,140.66500854492188,89.8702163696289,492.7010803222656
2024-02-29,41.97301483154297,40.078163146972656,38.970638275146484,117.2795639038086,102.02191162109375,70.09489440917969,29.055416107177734,139.5185546875,90.47860717773438,494.4722900390625
2024-03-01,42.16476058959961,40.54343032836914,38.92234420776367,117.78358459472656,103.88511657714844,70.10431671142578,28.877620697021484,140.98291015625,90.77790069580078,499.11456298828125
2024-03-04,42.471553802490234,40.11073303222656,39.018943786621094,118.21004486083984,103.88511657714844,70.16082000732422,29.36421775817871,140.77096557617188,89.55130004882812,498.5792541503906
2024-03-05,42.24625015258789,40.40850067138672,39.028602600097656,117.24079132080078,101.33184051513672,70.33028411865234,29.279998779296875,139.72084045410156,88.43753814697266,493.5964050292969
2024-03-06,42.55784225463867,40.53413009643555,39.23147964477539,117.85143280029297,102.13528442382812,70.9234390258789,29.56072998046875,140.6746368408203,88.12354278564453,496.09759521484375
2024-03-07,43.08034133911133,40.87842559814453,39.17350769042969,118.8012924194336,103.74708557128906,71.32827758789062,29.7525577545166,141.32972717285156,88.79571533203125,501.0220642089844
2024-03-08,42.83106994628906,41.02265548706055,39.24113845825195,118.53958892822266,102.20430755615234,70.76338195800781,29.827417373657227,141.06961059570312,88.46698760986328,498.01483154296875
2024-03-11,43.31523132324219,41.44605255126953,39.30876159667969,117.928955078125,101.92333984375,71.14938354492188,29.977142333984375,140.99253845214844,88.2265625,497.58660888671875
2024-03-12,43.31043243408203,41.380916595458984,39.472991943359375,118.45235443115234,104.01325988769531,71.5165786743164,29.687055587768555,141.6476287841797,88.98706817626953,502.93939208984375
2024-03-13,43.73706817626953,42.04159164428711,39.76280212402344,118.77220916748047,102.88943481445312,71.6954574584961,29.888246536254883,141.09852600097656,88.80062866210938,502.15093994140625
2024-03-14,43.50697708129883,42.47429656982422,39.44401550292969,118.2681884765625,102.90914916992188,71.13997650146484,29.649625778198242,140.59756469726562,88.23638153076172,501.1583251953125
2024-03-15,43.526145935058594,42.599910736083984,39.405364990234375,118.28758239746094,101.35649871826172,71.11172485351562,29.691734313964844,140.0387725830078,87.358154296875,497.7170715332031
2024-03-18,43.60552978515625,42.747196197509766,39.63130187988281,118.49758911132812,101.85466003417969,71.5688705444336,29.828542709350586,140.02236938476562,88.02539825439453,500.675048828125
2024-03-19,43.610347747802734,43.234981536865234,39.82523727416992,119.51847076416016,102.38292694091797,71.83443450927734,30.09271812438965,140.9505615234375,88.78752899169922,503.4573669433594
2024-03-20,44.048126220703125,43.17401123046875,40.30039596557617,120.95738983154297,103.52837371826172,72.05258178710938,30.130460739135742,140.63145446777344,90.1102294921875,508.11407470703125
2024-03-21,44.23094177246094,43.431976318359375,40.63008499145508,122.15323638916016,103.60242462158203,72.09052276611328,30.083284378051758,140.81520080566406,90.6363525390625,509.79315185546875
2024-03-22,43.95671844482422,43.33816909790039,40.164634704589844,121.73516845703125,103.63699340820312,71.73958587646484,30.125741958618164,140.62181091308594,89.8447036743164,508.8266906738281
2024-03-25,43.97115707397461,43.74153518676758,40.00947952270508,120.9476547241211,102.95071411132812,71.5404281616211,30.267269134521484,140.42845153808594,89.5496826171875,507.4208679199219
2024-03-26,43.93748092651367,43.403831481933594,40.14524459838867,120.5101318359375,102.52610778808594,71.578369140625,29.92289161682129,140.94085693359375,89.66278076171875,506.4837341308594
2024-03-27,44.56769943237305,43.807193756103516,40.62038803100586,122.44491577148438,103.04945373535156,72.32763671875,30.75787925720215,142.8166046142578,90.70027923583984,510.7400817871094
2024-03-28,44.68797302246094,44.28091049194336,40.84341812133789,122.46435546875,102.8272933959961,72.42247772216797,30.970165252685547,142.8359375,90.41999053955078,510.64251708984375
2024-04-01,44.582130432128906,44.609230041503906,40.62038803100586,121.52127838134766,103.11365509033203,71.84392547607422,30.78146743774414,141.61769104003906,89.74636840820312,509.7540588378906
2024-04-02,44.41856384277344,45.23303985595703,40.40705108642578,120.95738983154297,102.12127685546875,71.47402954101562,30.833362579345703,139.4132080078125,88.4236831665039,506.5130310058594
2024-04-03,44.68315887451172,45.54259490966797,40.387664794921875,121.57962799072266,102.39280700683594,70.68683624267578,30.71070671081543,139.25851440429688,88.48760223388672,507.06939697265625
2024-04-04,44.23094177246094,45.51445388793945,39.931907653808594,120.5101318359375,100.77342224121094,70.3833236694336,30.649383544921875,137.24742126464844,87.4500961303711,500.880126953125
2024-04-05,44.6302375793457,46.00224304199219,40.310089111328125,122.18241119384766,101.92871856689453,70.49715423583984,30.739013671875,138.475341796875,87.93687438964844,506.1127624511719
2024-04-08,44.663917541503906,45.71144485473633,40.48463439941406,121.9685287475586,101.81022644042969,70.39281463623047,30.94186019897461,138.03060913085938,88.77278900146484,506.3958435058594
2024-04-09,44.76975631713867,45.72551345825195,40.25190353393555,121.68657684326172,102.32369995117188,70.73426055908203,31.1116886138916,138.5237274169922,89.19074249267578,506.9815979003906
2024-04-10,44.072181701660156,45.86622619628906,39.650691986083984,120.64625549316406,101.06964111328125,70.47817993164062,30.578617095947266,136.89935302734375,87.81395721435547,501.9051513671875
2024-04-11,44.038509368896484,45.833396911621094,39.36948776245117,120.78237915039062,103.0889663696289,70.30745697021484,30.517290115356445,136.33856201171875,88.52201080322266,505.69293212890625
2024-04-12,43.2591438293457,45.08763885498047,38.845855712890625,119.48928833007812,101.42017364501953,69.59613800048828,30.286134719848633,134.30813598632812,87.08622741699219,498.71282958984375
2024-04-15,43.052284240722656,44.665523529052734,38.65191650390625,118.63369750976562,99.49466705322266,69.31161499023438,30.00780487060547,134.03741455078125,85.63571166992188,492.46490478515625
2024-04-16,42.720333099365234,44.27621841430664,38.39009475708008,118.3614730834961,99.61316680908203,69.34004974365234,29.611536026000977,134.0857696533203,85.14889526367188,491.56683349609375
2024-04-17,42.816551208496094,44.14957809448242,38.48706817626953,117.74896240234375,98.17644500732422,69.59613800048828,30.229528427124023,133.85372924804688,84.73587036132812,488.6575622558594
2024-04-18,42.83098220825195,44.01356506347656,38.62281799316406,117.34062194824219,97.0556869506836,69.9186019897461,30.399354934692383,133.8440399169922,84.2097396850586,487.6520080566406
2024-04-19,42.79730987548828,44.54357147216797,39.15615463256836,117.1267318725586,95.05611419677734,70.60147857666016,30.866382598876953,134.34681701660156,83.47217559814453,483.39556884765625
2024-04-22,42.840606689453125,44.834373474121094,39.63130187988281,118.01146697998047,95.90531158447266,71.27485656738281,31.149433135986328,134.85923767089844,83.84095764160156,487.8472900390625
2024-04-23,42.47016906738281,45.08295440673828,39.883426666259766,119.6545639038086,97.32723236083984,71.47402954101562,31.295673370361328,136.61898803710938,84.83912658691406,493.6363830566406
2024-04-24,42.4990348815918,45.115779876708984,39.87372970581055,118.70176696777344,97.7715835571289,72.01464080810547,31.484376907348633,136.1935272216797,85.65045166015625,493.4020690917969
2024-04-25,42.802120208740234,45.32215118408203,39.64100646972656,119.06149291992188,97.55929565429688,71.84392547607422,31.569290161132812,135.28465270996094,85.72419738769531,491.5276794433594
2024-04-26,43.06671142578125,44.90471649169922,39.582820892333984,119.2559585571289,98.66027069091797,71.69216918945312,31.224912643432617,135.3233642578125,86.49618530273438,496.1843566894531
2024-04-29,43.427528381347656,45.20958709716797,39.524635314941406,120.05319213867188,99.08487701416016,71.9197998046875,31.64948081970215,135.7777862548828,88.50725555419922,497.9416198730469
2024-04-30,42.6385498046875,43.86347579956055,39.136756896972656,118.14757537841797,96.90264892578125,71.60681915283203,31.484376907348633,135.6811065673828,86.35357666015625,490.0535583496094
2024-05-01,42.85984802246094,43.16462707519531,39.136756896972656,117.85591125488281,95.91024780273438,71.15155792236328,31.847620010375977,135.92283630371094,85.81271362304688,488.46234130859375
2024-05-02,42.6385498046875,43.413211822509766,39.233734130859375,118.53646850585938,97.29267120361328,71.74908447265625,32.01744842529297,135.82614135742188,86.89445495605469,493.0311279296875
2024-05-03,43.07152557373047,43.41790008544922,39.32099533081055,119.3628921508789,100.00320434570312,71.96721649169922,32.272186279296875,136.16452026367188,87.4795913696289,499.14239501953125
2024-05-06,43.33131408691406,43.76029586791992,39.82523727416992,120.5684814453125,101.17825317382812,72.0051498413086,32.43729782104492,136.7156524658203,88.4138412475586,504.29693603515625
2024-05-07,43.846065521240234,43.718074798583984,39.961002349853516,120.89904022216797,100.84747314453125,72.79235076904297,32.805267333984375,137.84689331054688,87.779541015625,504.85345458984375
2024-05-08,43.64401626586914,43.666481018066406,40.1064567565918,120.89904022216797,101.13381958007812,72.57422637939453,33.14964294433594,137.37310791015625,87.4500961303711,504.9022521972656
2024-05-09,44.129920959472656,44.25276184082031,40.40705108642578,122.10462188720703,101.10419464111328,73.20018768310547,33.6544075012207,138.55270385742188,88.04505157470703,507.8114013671875
2024-05-10,44.182830810546875,44.008880615234375,40.56221389770508,122.19212341308594,101.47941589355469,73.61750030517578,33.62138366699219,138.83309936523438,87.5730209350586,508.465576171875
2024-05-13,44.153961181640625,43.89161682128906,40.39735794067383,121.67684936523438,101.95833587646484,73.40885162353516,33.62138366699219,138.69773864746094,87.45992279052734,508.5337219238281
2024-05-14,44.197269439697266,43.947906494140625,40.600990295410156,121.64766693115234,102.86184692382812,73.2665786743164,33.71101379394531,139.28753662109375,87.85820770263672,510.8669738769531
2024-05-15,44.27424240112305,44.0463981628418,40.9015998840332,122.44491577148438,105.1773910522461,73.31400299072266,34.21578598022461,141.3566131591797,87.990966796875,517.1930541992188
2024-05-16,43.95671844482422,43.92445373535156,40.9015998840332,121.71573638916016,104.8120346069336,74.35726928710938,34.09784698486328,141.1922607421875,87.42058563232422,516.1289672851562
2024-05-17,44.33197021484375,44.53887939453125,41.202205657958984,121.85185241699219,104.57999420166016,74.17707824707031,34.126155853271484,141.46299743652344,87.86803436279297,516.8709106445312
2024-05-20,44.39451217651367,44.24808120727539,40.6397819519043,122.08518981933594,105.80935668945312,73.66490936279297,34.06954574584961,141.1632537841797,87.21407318115234,517.4664306640625
2024-05-21,44.39451217651367,44.03232955932617,40.9015998840332,121.68657684326172,105.982177734375,74.10120391845703,34.37618637084961,141.4049835205078,87.77462005615234,518.7355346679688
2024-05-22,43.96152877807617,43.188072204589844,40.66887283325195,121.8323974609375,106.21915435791016,73.80718231201172,33.970481872558594,141.6563720703125,86.86003112792969,517.2420043945312
2024-05-23,43.57185363769531,42.794097900390625,40.1064567565918,120.39347839355469,105.35513305664062,72.93463134765625,33.39494705200195,140.10939025878906,85.45375061035156,513.4639282226562
2024-05-24,43.951908111572266,42.85506820678711,40.348880767822266,121.00599670410156,106.24383544921875,73.12430572509766,33.729888916015625,139.63558959960938,86.31424713134766,516.8611450195312
2024-05-28,43.783531188964844,43.295955657958984,39.90281295776367,119.52818298339844,106.69313049316406,72.55524444580078,33.696868896484375,137.94357299804688,86.1028060913086,517.2224731445312
2024-05-29,43.158119201660156,42.531436920166016,39.582820892333984,117.83645629882812,106.01673126220703,72.03360748291016,33.262855529785156,136.870361328125,85.53736114501953,513.6005249023438
2024-05-30,43.509307861328125,42.653385162353516,39.7961540222168,118.64342498779297,103.59748840332031,72.22329711914062,33.71101379394531,136.9380340576172,86.04380798339844,510.193359375
2024-05-31,44.033695220947266,43.7133903503418,40.37797164916992,120.08236694335938,103.76042938232422,73.35193634033203,34.305416107177734,138.93946838378906,86.52568054199219,514.8402709960938
2024-06-03,43.77391052246094,42.568965911865234,40.12584686279297,118.61426544189453,104.0220947265625,73.32347869873047,33.91386413574219,139.91600036621094,86.4863510131836,515.2601318359375
2024-06-04,43.28801345825195,42.16090774536133,39.94160461425781,118.32257843017578,104.23934173583984,73.95893096923828,33.899715423583984,140.32208251953125,86.5748519897461,515.8361206054688
2024-06-05,43.58628845214844,42.15621566772461,40.05796432495117,119.51847076416016,106.55487823486328,73.79769897460938,33.706295013427734,140.96023559570312,87.08131408691406,521.9668579101562
2024-06-06,43.63439178466797,42.37665557861328,40.03857421875,118.80870056152344,106.19940185546875,74.02532196044922,33.357208251953125,141.42431640625,87.71562194824219,521.9571533203125
2024-06-07,43.19660949707031,42.20781326293945,40.222816467285156,118.93509674072266,106.44625091552734,73.65544128417969,32.99396896362305,141.5790252685547,87.35667419433594,521.3226318359375
2024-06-10,43.15331268310547,42.52674865722656,40.067665100097656,119.30455017089844,106.71781158447266,73.59852600097656,33.41853713989258,142.1011199951172,87.63693237304688,522.9334106445312
2024-06-11,43.13888168334961,42.44232177734375,39.61191177368164,118.62398529052734,108.70257568359375,73.56058502197266,33.21568298339844,141.51133728027344,87.40583038330078,524.1926879882812
2024-06-12,43.22065734863281,41.987361907958984,39.57312774658203,119.75180053710938,111.10699462890625,72.7544174194336,32.998680114746094,141.2115936279297,88.31550598144531,528.4979248046875
2024-06-13,43.206233978271484,41.60276412963867,39.54402542114258,118.98372650146484,111.98582458496094,72.84927368164062,33.07415771484375,141.09556579589844,88.38433837890625,529.5619506835938
2024-06-14,42.80693435668945,41.29320526123047,39.41797637939453,117.78785705566406,112.40547943115234,72.9820327758789,32.99396896362305,141.0472412109375,87.68610382080078,529.88427734375
2024-06-17,43.12444305419922,41.40108108520508,39.767059326171875,119.09066009521484,114.10881805419922,73.67440032958984,32.63071060180664,140.9021759033203,89.22515106201172,534.1015625
2024-06-18,43.07632827758789,41.574623107910156,40.01918411254883,119.73234558105469,114.25199890136719,73.76925659179688,32.64486312866211,141.0858917236328,88.92521667480469,535.4586181640625
2024-06-20,43.11963653564453,42.33913803100586,40.23250961303711,119.81011962890625,112.96831512451172,73.60801696777344,32.92791748046875,141.5500030517578,89.03829956054688,534.0039672851562
2024-06-21,43.12444305419922,42.095245361328125,40.07736587524414,119.5573501586914,112.77083587646484,73.66490936279297,32.734500885009766,141.94644165039062,89.79061889648438,533.2879638671875
2024-06-24,43.40238952636719,43.15666961669922,40.489166259765625,120.06561279296875,110.00608825683594,74.4504165649414,33.164878845214844,142.77439880371094,89.40725708007812,531.554443359375
2024-06-25,42.85133743286133,43.255950927734375,40.187374114990234,119.04125213623047,112.02400207519531,73.97262573242188,32.85101318359375,142.32789611816406,89.04753875732422,533.6014404296875
2024-06-26,42.822330474853516,42.8304328918457,39.93424987792969,118.71930694580078,111.89541625976562,73.8197250366211,32.71310043334961,141.8231658935547,90.33857727050781,534.2673950195312
2024-06-27,42.70149230957031,42.92972183227539,39.885581970214844,118.84613037109375,111.94982147216797,73.50437927246094,32.77017593383789,141.59017944335938,90.89045715332031,535.109619140625
2024-06-28,42.68699264526367,43.0952033996582,40.02186965942383,118.8949203491211,111.89047241210938,73.17948913574219,32.40399932861328,141.4737091064453,89.88029479980469,533.0039672851562
2024-07-01,42.02959442138672,43.11883544921875,40.109493255615234,117.61689758300781,112.73621368408203,72.66345977783203,32.18048095703125,140.67776489257812,90.18582153320312,534.1009521484375
2024-07-02,42.10694122314453,43.08574676513672,40.576786041259766,118.26078796386719,113.30003356933594,73.16991424560547,32.346927642822266,140.163330078125,91.94005584716797,537.6952514648438
2024-07-03,42.42113494873047,43.274864196777344,40.450225830078125,118.6900405883789,114.82830810546875,73.04570007324219,32.541900634765625,139.09561157226562,92.52644348144531,540.0948486328125
2024-07-05,42.48880386352539,42.59877395629883,40.44048309326172,118.26078796386719,115.17948150634766,73.9439468383789,32.59897232055664,140.1730194091797,93.28038024902344,543.2093505859375
2024-07-08,42.61448669433594,42.3387336730957,40.33340072631836,118.40711975097656,115.96585845947266,73.82928466796875,32.63226318359375,140.01771545410156,93.3247299194336,543.8361206054688
2024-07-09,42.179439544677734,41.9652214050293,40.64493179321289,117.89004516601562,115.87189483642578,73.63814544677734,32.72737121582031,140.6971893310547,93.63516235351562,544.364990234375
2024-07-10,42.7449951171875,42.2489013671875,40.800697326660156,118.94369506835938,117.5534896850586,73.96306610107422,33.036468505859375,142.02699279785156,94.3398208618164,549.7515869140625
2024-07-11,43.32988357543945,42.688602447509766,41.12196350097656,120.45586395263672,114.61070251464844,73.68592834472656,33.64042663574219,143.0267791748047,93.14240264892578,545.0112915039062
2024-07-12,43.745582580566406,42.797340393066406,41.25825500488281,121.14852905273438,115.6344985961914,74.01083374023438,33.88771438598633,143.91978454589844,94.35953521728516,548.448974609375
2024-07-15,43.634403228759766,43.445072174072266,41.86184310913086,122.01679229736328,115.84221649169922,73.5808334350586,33.065006256103516,143.4150390625,94.25113677978516,549.957275390625
2024-07-16,44.480316162109375,43.638919830322266,42.3388786315918,125.06062316894531,115.45643615722656,74.28797149658203,33.321807861328125,145.46311950683594,95.94131469726562,553.2186279296875
2024-07-17,44.38847732543945,44.07388687133789,42.66013717651367,123.46067810058594,110.96558380126953,75.24356842041016,33.34082794189453,146.12313842773438,94.3398208618164,545.4618530273438
2024-07-18,43.94860076904297,44.154258728027344,42.14417266845703,122.49481964111328,110.97547912597656,74.87088012695312,33.312294006347656,142.8035125732422,93.37894439697266,541.2700805664062
2024-07-19,43.55706787109375,43.67201232910156,41.715816497802734,121.82168579101562,109.23947143554688,74.62242126464844,33.350337982177734,143.53152465820312,92.5461654663086,537.6756591796875
2024-07-22,43.702083587646484,43.397789001464844,41.949462890625,123.06067657470703,111.82617950439453,74.67020416259766,33.63090896606445,144.35658264160156,93.56619262695312,543.2190551757812
2024-07-23,43.876094818115234,42.70751190185547,42.02734375,122.82653045654297,111.38103485107422,74.40264129638672,33.421669006347656,144.2692413330078,93.14732360839844,542.3670043945312
2024-07-24,43.31537628173828,42.71223831176758,41.45296096801758,120.18269348144531,106.771484375,74.33574676513672,33.79735565185547,145.4728240966797,89.33827209472656,530.0756225585938
2024-07-25,43.436222076416016,43.449798583984375,41.608726501464844,121.14852905273438,105.62899780273438,74.24974060058594,33.51678466796875,144.74485778808594,88.98839569091797,527.313720703125
2024-07-26,44.14678955078125,43.586910247802734,42.26099395751953,123.2167739868164,106.96932220458984,75.0046615600586,33.84490966796875,145.56021118164062,89.98377990722656,533.219482421875
2024-07-29,44.22412872314453,43.21340560913086,42.20257568359375,123.00214385986328,106.49451446533203,75.0333251953125,33.9970817565918,145.64755249023438,91.4867172241211,533.5328369140625
2024-07-30,44.0791130065918,43.884765625,42.6893424987793,123.36310577392578,103.81880950927734,74.52686309814453,34.17304611206055,145.7737274169922,90.97916412353516,530.8297729492188
2024-07-31,44.53832244873047,44.06915283203125,42.58225631713867,124.73868560791016,108.21568298339844,74.39308166503906,34.61530303955078,145.23988342285156,92.38848114013672,539.4581909179688
2024-08-01,44.359474182128906,42.90135955810547,41.978668212890625,122.42655181884766,104.17985534667969,75.08110809326172,35.23827362060547,146.72499084472656,90.12174224853516,531.8189697265625
2024-08-02,43.523231506347656,41.79501724243164,40.94672775268555,119.73392486572266,101.25189208984375,75.74047088623047,35.295345306396484,146.43377685546875,86.80545806884766,521.9173583984375
2024-08-05,42.55164337158203,40.873069763183594,39.75901412963867,117.65592193603516,97.87879943847656,74.24974060058594,34.3632698059082,142.52203369140625,84.35148620605469,506.7171936035156
2024-08-06,42.7691650390625,41.12364959716797,40.401546478271484,119.0705337524414,99.20924377441406,74.76576232910156,34.653350830078125,143.18206787109375,85.28280639648438,511.388916015625
2024-08-07,42.18911361694336,41.289127349853516,40.450225830078125,118.49491882324219,97.60185241699219,74.84221649169922,34.84832000732422,141.72610473632812,83.79466247558594,507.97076416015625
2024-08-08,42.84166717529297,42.177982330322266,41.10249710083008,121.22657012939453,101.2469482421875,75.52068328857422,34.88636779785156,144.861328125,85.62281036376953,519.7138061523438
2024-08-09,42.80783462524414,42.27254104614258,41.27772903442383,121.2460708618164,101.70196533203125,75.63536071777344,35.005252838134766,145.57962036132812,85.90861511230469,522.0054931640625
2024-08-12,42.619319915771484,42.48057174682617,41.06354904174805,120.63146209716797,102.53287506103516,75.25311279296875,35.067073822021484,145.02635192871094,85.568603515625,522.2796630859375
2024-08-13,43.04468536376953,42.069244384765625,41.4042854309082,121.89972686767578,105.68338775634766,75.59712982177734,35.27156448364258,146.7832489013672,87.71214294433594,530.8689575195312
2024-08-14,43.04468536376953,42.315093994140625,41.910526275634766,122.39727020263672,106.26205444335938,75.94115447998047,35.24778366088867,147.307373046875,87.24401092529297,532.5437622070312
2024-08-15,43.72624969482422,42.82098388671875,42.2999382019043,124.0460205078125,109.318603515625,76.72472381591797,35.24302673339844,148.22950744628906,90.02812957763672,541.6715698242188
2024-08-16,43.7794189453125,42.77370071411133,42.61146545410156,123.87041473388672,109.50160217285156,76.93496704101562,35.39996337890625,148.38479614257812,90.24002075195312,542.8860473632812
2024-08-19,43.987274169921875,43.06210708618164,42.84511184692383,124.6216049194336,111.3068618774414,77.19297790527344,35.63298416137695,149.28753662109375,91.3487319946289,548.0767822265625
2024-08-20,43.8277587890625,41.92740249633789,42.70881271362305,124.28016662597656,110.91613006591797,77.57522583007812,35.556888580322266,149.88934326171875,91.26496887207031,547.1856079101562
2024-08-21,44.33047103881836,41.998321533203125,42.64067077636719,125.03136444091797,111.56898498535156,78.10079193115234,35.808937072753906,150.1417236328125,92.41802978515625,549.0659790039062
2024-08-22,44.238624572753906,42.10706329345703,42.88404846191406,124.87527465820312,109.00206756591797,77.98612213134766,35.76613998413086,150.23876953125,90.82147979736328,544.756591796875
2024-08-23,44.823516845703125,42.73588180541992,43.253997802734375,126.12403869628906,110.76775360107422,78.20590209960938,35.86600112915039,150.8891143798828,92.57572937011719,550.544921875
2024-08-26,45.021697998046875,43.11883544921875,43.39028549194336,125.98743438720703,109.37796020507812,78.76014709472656,36.099021911621094,150.81146240234375,91.85628509521484,549.2325439453125
2024-08-27,45.02653503417969,42.71696853637695,43.61419677734375,126.06549072265625,110.04071807861328,78.95127868652344,35.813690185546875,151.04443359375,91.61483001708984,549.9866943359375
2024-08-28,44.83318328857422,42.4427375793457,43.72128677368164,126.00694274902344,108.5223159790039,78.61681365966797,35.813690185546875,151.2191619873047,90.72785949707031,546.7938842773438
2024-08-29,45.07970428466797,42.99591827392578,44.1107063293457,126.89473724365234,107.54304504394531,78.22501373291016,36.008663177490234,151.53945922851562,90.83625793457031,546.8427734375
2024-08-30,45.572750091552734,43.15666961669922,44.52932357788086,128.25082397460938,108.97239685058594,78.84615325927734,36.279727935791016,152.5877685546875,92.20614624023438,552.0629272460938
2024-09-03,44.53832244873047,42.08341979980469,44.19831848144531,125.41184997558594,103.9671859741211,79.40039825439453,36.2274169921875,152.29656982421875,90.93974304199219,540.7019653320312
2024-09-04,44.35464096069336,41.50188446044922,44.24699783325195,125.53865051269531,103.70010375976562,79.77308654785156,36.53652572631836,152.0345001220703,91.17627716064453,539.5953369140625
2024-09-05,44.00661087036133,41.18038558959961,43.760231018066406,124.07528686523438,103.54183197021484,79.46729278564453,36.446170806884766,149.9475860595703,92.21107482910156,538.2828979492188
2024-09-06,43.45072555541992,40.665042877197266,43.117698669433594,122.81678009033203,100.85623931884766,79.30484771728516,36.099021911621094,149.43310546875,89.88029479980469,529.2235717773438
2024-09-09,43.87126541137695,40.95817184448242,43.760231018066406,124.69966125488281,102.50814056396484,79.91641235351562,36.46519088745117,150.4814453125,91.19105529785156,535.1488037109375
2024-09-10,43.89059829711914,40.25370788574219,43.31240463256836,124.9142837524414,104.0413589477539,79.89730834960938,36.636390686035156,151.1706085205078,92.23571014404297,537.4797973632812
2024-09-11,43.99694061279297,39.88019943237305,43.10795974731445,125.13867950439453,107.59249877929688,79.15194702148438,36.75052261352539,150.7240753173828,93.15718841552734,542.9937744140625
2024-09-12,44.402976989746094,40.23952102661133,43.205318450927734,126.10450744628906,108.4827651977539,79.63931274414062,36.83136749267578,151.26766967773438,94.20677185058594,547.567626953125
2024-09-13,44.80418014526367,40.466468811035156,43.331878662109375,127.38252258300781,109.02681732177734,80.20309448242188,37.34971618652344,151.57827758789062,94.84737396240234,550.427490234375
2024-09-16,45.21988296508789,40.92980194091797,43.89653015136719,128.03616333007812,108.6113510131836,80.5184555053711,37.635047912597656,152.6265869140625,94.68476104736328,551.2404174804688
2024-09-17,45.30689239501953,41.48297119140625,44.13017654418945,128.73861694335938,108.39867401123047,79.75397491455078,37.60651397705078,151.05413818359375,95.16766357421875,551.4655151367188
2024-09-18,45.11354064941406,41.563358306884766,43.99387741088867,128.63128662109375,107.40950775146484,79.44817352294922,37.32118225097656,150.8017578125,94.98040771484375,549.830078125
2024-09-19,45.79509735107422,42.05978012084961,44.480648040771484,130.8458709716797,110.59959411621094,78.97994232177734,37.1024284362793,151.3453369140625,97.14366149902344,559.2125244140625
2024-09-20,45.47123718261719,41.9652214050293,44.45144271850586,129.92881774902344,110.06049346923828,79.36217498779297,38.082061767578125,150.7240753173828,96.92191314697266,558.245849609375
2024-09-23,45.868404388427734,42.483402252197266,44.39769744873047,130.80087280273438,110.04017639160156,79.82234954833984,38.45981979370117,150.4288787841797,98.09957885742188,559.6408081054688
2024-09-24,46.4947509765625,42.378517150878906,44.02641677856445,131.74050903320312,110.79329681396484,79.63020324707031,38.18691635131836,150.12689208984375,98.9587631225586,561.2421264648438
2024-09-25,46.18400955200195,41.549068450927734,43.76260757446289,131.12387084960938,111.11040496826172,79.42845916748047,38.38800048828125,148.66543579101562,98.60324096679688,560.0042724609375
2024-09-26,47.1405029296875,40.73390197753906,43.98733139038086,131.7796630859375,112.58197021484375,79.61100006103516,38.124671936035156,149.16233825683594,99.02294921875,562.2245483398438
2024-09-27,47.05796432495117,41.56337356567383,44.11435317993164,131.9656219482422,111.53157043457031,79.75509643554688,38.50291061401367,149.08441162109375,99.17108154296875,561.4091186523438
2024-09-30,46.795772552490234,41.854148864746094,44.280452728271484,132.56265258789062,111.85856628417969,79.73587799072266,38.67526626586914,150.05868530273438,98.93901062011719,563.6588745117188
2024-10-01,46.67925262451172,42.80755615234375,44.045955657958984,132.63116455078125,109.13345336914062,79.46690368652344,38.98646926879883,149.26953125,98.53904724121094,558.6093139648438
2024-10-02,46.49959945678711,43.24610900878906,44.09481430053711,132.38645935058594,109.94108581542969,78.79441833496094,39.00562286376953,148.9674835205078,97.70455169677734,558.8450927734375
2024-10-03,45.98493576049805,44.008827209472656,43.860313415527344,131.7111358642578,110.39692687988281,78.00667572021484,38.99125671386719,147.6229705810547,96.57379913330078,557.8234252929688
2024-10-04,46.208282470703125,44.41878890991211,44.60287857055664,132.63116455078125,111.62569427490234,78.26605224609375,38.929012298583984,147.7399139404297,97.8526840209961,562.8925170898438
2024-10-07,46.07232666015625,44.57610321044922,44.055728912353516,132.30816650390625,110.85771942138672,77.48790740966797,38.03371047973633,147.08709716796875,96.33184051513672,557.8037719726562
2024-10-08,45.85869216918945,43.412960052490234,44.30976104736328,132.60182189941406,112.92880249023438,77.8721694946289,38.052860260009766,147.8860321044922,97.27002716064453,563.0791625976562
2024-10-09,46.15001678466797,43.67514419555664,44.720130920410156,133.78610229492188,114.19226837158203,78.34290313720703,37.727294921875,149.39617919921875,97.96625518798828,566.979248046875
2024-10-10,46.25682830810547,43.970699310302734,44.583335876464844,133.10096740722656,114.16252899169922,77.9970703125,37.612388610839844,148.84083557128906,97.48235321044922,565.987060546875
2024-10-11,46.557865142822266,44.24241256713867,45.44315719604492,135.47935485839844,114.36073303222656,78.42935943603516,37.94274139404297,149.93202209472656,97.06757354736328,569.3763427734375
2024-10-14,46.82490921020508,44.22334671020508,45.72650146484375,136.29171752929688,115.85210418701172,78.74638366699219,38.42151641845703,150.76016235351562,97.49223327636719,574.0328369140625
2024-10-15,46.7763557434082,42.79801559448242,45.82421112060547,135.2444305419922,113.30535125732422,79.24593353271484,38.593875885009766,148.91876220703125,97.70455169677734,569.5728759765625
2024-10-16,47.1405029296875,43.00299835205078,46.390907287597656,136.29171752929688,113.65715789794922,79.18828582763672,39.35991287231445,149.33770751953125,98.21808624267578,572.0485229492188
2024-10-17,47.21333694458008,43.20798110961914,46.517921447753906,135.90020751953125,114.00398254394531,78.83284759521484,39.010406494140625,148.47059631347656,98.12921142578125,572.0975341796875
2024-10-18,47.40269470214844,43.06496810913086,46.52769088745117,136.311279296875,114.4102783203125,79.0057601928711,39.23543167114258,149.1915740966797,98.51435852050781,574.2981567382812
2024-10-21,47.038543701171875,42.93626022338867,46.156410217285156,135.8317108154297,114.94539642333984,78.34290313720703,39.082218170166016,147.43785095214844,97.74899291992188,573.3550415039062
2024-10-22,46.60641860961914,43.03636932373047,46.068477630615234,134.18739318847656,114.82646942138672,78.78482055664062,38.94337844848633,147.22352600097656,97.35397338867188,573.050537109375
2024-10-23,46.48018264770508,42.81231689453125,46.029396057128906,133.7958984375,113.1814956665039,78.631103515625,39.31682205200195,146.5317840576172,95.82323455810547,567.8143310546875
2024-10-24,45.9120979309082,42.80755615234375,46.068477630615234,132.87583923339844,113.51346588134766,78.52542877197266,39.06306457519531,145.56724548339844,98.8451919555664,569.0423583984375
2024-10-25,45.620784759521484,42.793243408203125,45.56040573120117,132.5234832763672,114.10306549072266,77.8721694946289,38.4837532043457,144.76832580566406,99.15626525878906,568.8458251953125
2024-10-28,45.99950408935547,42.52153015136719,46.127098083496094,132.9149932861328,114.06838989257812,78.01627349853516,38.78538131713867,144.98268127441406,99.38835906982422,570.6043090820312
2024-10-29,45.70332717895508,41.87321853637695,45.84375,132.7388153076172,115.60437774658203,77.24774169921875,37.95710372924805,144.58322143554688,98.86988067626953,571.52783203125
2024-10-30,45.95094680786133,41.96855926513672,46.04893493652344,132.51370239257812,113.76615905761719,77.12284851074219,37.86613464355469,144.31040954589844,98.73162078857422,569.798828125
2024-10-31,45.344032287597656,42.230743408203125,45.413841247558594,130.98687744140625,110.11449432373047,76.96914672851562,38.25873565673828,143.0925750732422,97.22065734863281,558.6289672851562
2024-11-01,45.217796325683594,41.96379089355469,45.57017517089844,131.16302490234375,110.94195556640625,76.99797058105469,37.406517028808594,143.94020080566406,98.80075073242188,560.9866943359375
2024-11-04,45.41686248779297,42.697914123535156,45.21842956542969,131.0162353515625,110.85771942138672,77.20931243896484,36.96125411987305,142.9951629638672,98.46003723144531,559.7783813476562
2024-11-05,45.484840393066406,42.98392868041992,45.63856506347656,133.20863342285156,112.41846466064453,77.69925689697266,37.51663589477539,144.04736328125,100.20309448242188,566.5469970703125
2024-11-06,46.11117172241211,44.59994125366211,48.41342544555664,138.42538452148438,115.6192398071289,76.43115997314453,37.12882995605469,144.2324676513672,103.40773010253906,580.6345825195312
2024-11-07,46.29081726074219,44.39495849609375,47.631771087646484,137.5934295654297,117.63581085205078,76.70975494384766,37.19585418701172,145.27496337890625,104.73600769042969,585.1242065429688
2024-11-08,45.868404388427734,44.69050979614258,48.06167984008789,139.07138061523438,117.50698852539062,77.64161682128906,37.90922927856445,146.3174285888672,106.22228240966797,587.6587524414062
2024-11-11,45.669334411621094,44.94316101074219,48.74562454223633,140.1479949951172,116.85792541503906,77.37263488769531,38.014556884765625,145.4600830078125,108.36529541015625,588.21875
2024-11-12,44.89248275756836,44.704811096191406,48.59906768798828,138.94415283203125,117.00656127929688,77.45907592773438,37.57887268066406,143.43357849121094,106.91851806640625,586.3914184570312
2024-11-13,44.99930191040039,45.05280303955078,48.628379821777344,139.23776245117188,116.60027313232422,77.68965148925781,37.5118522644043,143.0535888671875,107.83201599121094,586.67626953125
2024-11-14,44.63029098510742,45.22441482543945,48.5013542175293,136.8887481689453,116.20389556884766,77.49751281738281,37.3825798034668,140.8030242919922,106.30128479003906,582.9039306640625
2024-11-15,44.31955337524414,45.15767288208008,48.72608947753906,136.15467834472656,113.32023620605469,76.81544494628906,37.94274139404297,138.19192504882812,105.39273834228516,575.437744140625
2024-11-18,44.664276123046875,45.75831985473633,48.87264633178711,135.96871948242188,113.68687438964844,77.35340881347656,38.273094177246094,138.28936767578125,106.36549377441406,577.7955322265625
2024-11-19,44.51862716674805,45.467529296875,48.550209045410156,135.85125732421875,114.61837005615234,77.45907592773438,38.51726531982422,137.578125,106.44449615478516,579.9076538085938
2024-11-20,44.88277053833008,45.9251594543457,48.40365219116211,135.99806213378906,114.51927185058594,77.06520080566406,38.53641891479492,139.20521545410156,105.97539520263672,580.1041870117188
2024-11-21,45.431427001953125,46.2969856262207,49.01919937133789,137.7011260986328,115.68364715576172,77.9010009765625,39.206703186035156,140.3256072998047,106.16304016113281,583.21826171875
2024-11-22,45.68390655517578,46.368492126464844,49.56635284423828,139.61947631835938,115.74311065673828,78.62149810791016,38.99604415893555,140.4522705078125,107.69375610351562,585.02587890625
2024-11-25,46.15487289428711,45.45323181152344,49.88878631591797,140.4905548095703,115.73815155029297,79.05380249023438,39.0678596496582,141.650634765625,108.79489135742188,587.0103759765625
2024-11-26,45.81014633178711,45.391265869140625,49.986488342285156,140.65696716308594,116.31785583496094,79.38041687011719,39.69026565551758,142.4105682373047,109.1899185180664,590.0755004882812
2024-11-27,45.785865783691406,45.34358596801758,50.084197998046875,140.13819885253906,114.74224090576172,79.54375457763672,39.69026565551758,143.17051696777344,108.65167999267578,588.2874755859375
2024-11-29,46.0189208984375,45.53902816772461,50.1623649597168,140.93101501464844,115.8075180053711,79.94723510742188,39.704627990722656,143.61868286132812,109.76763916015625,591.9419555664062
2024-12-02,45.98979187011719,45.05757141113281,49.66407012939453,139.89352416992188,116.907470703125,79.85115814208984,38.852413177490234,143.36537170410156,110.7255630493164,593.0029296875
2024-12-03,45.84413146972656,45.05280303955078,49.29278564453125,139.01263427734375,117.32862854003906,79.43807220458984,38.51726531982422,143.04385375976562,110.6416244506836,593.2780151367188
2024-12-04,45.397438049316406,43.9659309387207,49.10713577270508,139.61947631835938,119.47402954101562,79.21712493896484,38.51248550415039,142.96591186523438,111.66869354248047,596.9619750976562
2024-12-05,44.80023193359375,44.137535095214844,49.253700256347656,137.92623901367188,118.86955261230469,79.53414154052734,38.63217544555664,141.3680877685547,112.58219909667969,595.9796752929688
2024-12-06,44.62543869018555,43.38912582397461,49.24393081665039,137.57388305664062,119.33033752441406,79.1402587890625,38.15340805053711,140.56918334960938,114.95235443115234,597.1093139648438
2024-12-09,44.6157341003418,43.317623138427734,48.56975555419922,136.3798065185547,118.55245208740234,79.01538848876953,37.67463302612305,140.9783935546875,114.58694458007812,594.0344848632812
2024-12-10,44.159324645996094,43.02206802368164,48.55998611450195,136.04702758789062,116.907470703125,79.39002990722656,37.4017333984375,140.39382934570312,114.77458190917969,592.1875610351562
2024-12-11,44.00395202636719,43.09357452392578,48.65768814086914,135.73379516601562,118.60199737548828,78.78482055664062,37.1671257019043,138.48423767089844,116.78921508789062,596.7655639648438
2024-12-12,43.69807052612305,42.74557876586914,48.44273376464844,134.8627166748047,117.93805694580078,79.01538848876953,37.14797592163086,137.38328552246094,115.82139587402344,593.6906127929688
2024-12-13,43.32421112060547,42.53106689453125,48.40365219116211,134.51036071777344,118.44344329833984,78.81363677978516,37.17192077636719,137.36380004882812,116.28062438964844,593.57275390625
2024-12-16,42.94063949584961,41.596736907958984,48.31571578979492,134.62782287597656,119.62763214111328,78.4005355834961,36.87507629394531,135.72702026367188,117.85577392578125,596.1072998046875
2024-12-17,42.70272445678711,41.2868766784668,47.97374725341797,133.39459228515625,118.90423583984375,78.26605224609375,36.72187042236328,135.6295623779297,118.22611999511719,593.6513061523438
2024-12-18,41.4888916015625,40.066532135009766,46.5374641418457,129.62637329101562,115.06925964355469,77.07482147216797,35.85529327392578,133.78819274902344,112.8982162475586,575.95849609375
2024-12-19,41.042198181152344,39.71854019165039,46.70356369018555,129.4600067138672,115.19312286376953,76.52723693847656,36.0180778503418,132.7749481201172,112.74514770507812,575.7815551757812
2024-12-20,41.5520133972168,40.109439849853516,47.397274017333984,130.97708129882812,116.91242980957031,76.79622650146484,36.59260559082031,134.45069885253906,113.03153991699219,582.697265625
2024-12-23,41.51979446411133,40.34497833251953,47.51110076904297,130.9475555419922,118.15115356445312,76.39161682128906,36.71714782714844,135.79347229003906,113.3743667602539,586.1866455078125
2024-12-24,41.74430465698242,40.686275482177734,48.070404052734375,131.9705810546875,119.37201690673828,76.89495086669922,36.91990661621094,136.351318359375,115.99637603759766,592.7020874023438
2024-12-26,41.68085861206055,40.65262222290039,48.18814468383789,132.06895446777344,119.45143127441406,77.13694763183594,36.833011627197266,136.6253662109375,115.56597900390625,592.7416381835938
2024-12-27,41.45634841918945,40.6478157043457,47.83490753173828,131.08526611328125,117.8633041381836,76.75944519042969,36.726806640625,135.98919677734375,113.6563720703125,586.5020751953125
2024-12-30,40.89995193481445,40.64301300048828,47.37372589111328,129.7671356201172,116.3645248413086,75.85922241210938,36.572330474853516,134.31564331054688,111.83085632324219,579.8092041015625
2024-12-31,41.06589126586914,41.17658615112305,47.422794342041016,129.6097412109375,115.39676666259766,76.09154510498047,36.53853988647461,134.63864135742188,110.98983764648438,577.6997680664062
2025-01-02,40.61198806762695,41.65728759765625,47.30503845214844,129.1572723388672,115.12380981445312,75.85922241210938,36.81852722167969,134.67776489257812,109.5304183959961,576.2803344726562
2025-01-03,40.60223388671875,42.046653747558594,47.67790985107422,130.5540771484375,116.9997787475586,75.82051086425781,37.20954513549805,135.99900817871094,111.74674987792969,583.48583984375
2025-01-06,40.87554931640625,41.854373931884766,47.53072738647461,130.26881408691406,118.48863220214844,75.02679443359375,36.79438781738281,136.05770874023438,112.18704986572266,586.8470458984375
2025-01-07,40.85114288330078,42.272579193115234,47.422794342041016,130.1409454345703,116.1114273071289,74.76543426513672,36.70267105102539,136.73301696777344,110.01524353027344,580.2133178710938
2025-01-08,41.075660705566406,42.31583786010742,47.57979202270508,130.65245056152344,116.07170867919922,74.90093994140625,36.69301223754883,137.4376678466797,110.32691955566406,581.0609741210938
2025-01-10,40.655921936035156,42.488887786865234,46.4317512512207,129.186767578125,113.54064178466797,73.8942642211914,36.485435485839844,136.66448974609375,109.24348449707031,572.1896362304688
2025-01-13,41.563724517822266,43.382991790771484,46.76536178588867,130.70162963867188,112.73666381835938,74.02010345458984,36.06062698364258,138.44570922851562,109.86188507080078,573.0767822265625
2025-01-14,42.08107376098633,43.849266052246094,47.34429168701172,132.2460174560547,113.03443145751953,74.03946685791016,36.53370666503906,137.016845703125,109.6491470336914,573.8653564453125
2025-01-15,42.48128890991211,44.49821090698242,48.551204681396484,133.08213806152344,115.2826156616211,73.78779602050781,37.069549560546875,137.57469177246094,112.43936157226562,584.3040161132812
2025-01-16,42.83269500732422,44.820274353027344,48.87500762939453,134.6953582763672,114.39425659179688,74.33953094482422,38.006065368652344,138.1227569580078,111.83085632324219,583.1802368164062
2025-01-17,43.11089324951172,45.1663818359375,49.28712463378906,135.50198364257812,116.18585205078125,74.76543426513672,38.059165954589844,137.1929931640625,113.39911651611328,589.0353393554688
2025-01-21,43.66240692138672,44.935646057128906,49.699241638183594,138.28579711914062,117.15361785888672,75.11389923095703,38.64328384399414,139.46356201171875,114.23023223876953,594.4271240234375
2025-01-22,43.31100082397461,44.11845779418945,49.463748931884766,137.96121215820312,119.79883575439453,74.7460708618164,37.808143615722656,139.15037536621094,113.79983520507812,597.7685546875
2025-01-23,43.55015563964844,44.32034683227539,49.74830627441406,139.35801696777344,120.0122299194336,75.01710510253906,37.98675537109375,141.0098876953125,114.48748016357422,601.0313110351562
2025-01-24,43.43790054321289,43.89252471923828,49.89548873901367,138.767822265625,118.76158905029297,75.40428924560547,38.37294387817383,141.2349853515625,113.78992462158203,599.2767333984375
2025-01-27,43.46229934692383,43.43586730957031,50.44497299194336,136.9086456298828,112.94015502929688,77.44669342041016,37.48470687866211,144.4059600830078,114.43801879882812,590.7996826171875
2025-01-28,43.32075881958008,43.02246856689453,50.356666564941406,136.00367736816406,115.95259857177734,76.23674774169922,36.96817398071289,143.39791870117188,114.57653045654297,595.8760375976562
2025-01-29,43.24266815185547,43.11860656738281,50.317413330078125,135.5413360595703,115.00965118408203,76.42064666748047,37.04541015625,142.5562286376953,114.25001525878906,593.204833984375
2025-01-30,43.65264892578125,43.339725494384766,50.7982177734375,137.0561981201172,115.22306060791016,77.17567443847656,37.81779098510742,144.20042419433594,115.36808013916016,596.3885498046875
2025-01-31,43.33539962768555,42.12836837768555,50.503849029541016,136.09222412109375,114.54810333251953,76.44969940185547,37.595733642578125,143.7404327392578,114.8585205078125,593.2147216796875
2025-02-03,43.37932586669922,42.39274978637695,50.29779052734375,134.7445526123047,113.00465393066406,76.74976348876953,37.79848861694336,144.2982940673828,113.33973693847656,589.2225341796875
2025-02-04,43.5062255859375,43.28204345703125,50.1800422668457,134.78390502929688,114.63247680664062,76.10123443603516,37.465396881103516,143.9068145751953,114.67547607421875,593.1752319335938
2025-02-05,43.47206115722656,43.373382568359375,50.70990753173828,134.88226318359375,116.2255630493164,76.57551574707031,37.8419303894043,145.28677368164062,113.3743667602539,595.5803833007812
2025-02-06,43.623355865478516,42.575416564941406,51.131832122802734,135.49215698242188,116.5431900024414,76.92398834228516,37.79848861694336,143.98509216308594,113.82456970214844,597.6503295898438
2025-02-07,43.091373443603516,42.57061004638672,50.8472785949707,135.0888671875,115.54564666748047,76.80783081054688,37.72124481201172,143.30982971191406,111.59833526611328,592.1796875
2025-02-10,43.31100082397461,43.507972717285156,50.44497299194336,136.2987823486328,117.23302459716797,77.28213500976562,38.13157653808594,143.1825714111328,111.97927856445312,596.2012329101562
2025-02-11,43.56480026245117,43.858882904052734,50.572532653808594,136.34796142578125,117.28761291503906,78.02747344970703,38.32467269897461,142.91831970214844,110.70783996582031,596.6547241210938
2025-02-12,43.25243377685547,42.80134582519531,50.39591598510742,135.50198364257812,117.03451538085938,77.96939086914062,38.25708770751953,142.71282958984375,110.68805694580078,594.732666015625
2025-02-13,44.004058837890625,43.1234130859375,50.72953414916992,135.6396942138672,118.69210815429688,78.81151580810547,38.34397888183594,143.27066040039062,112.3503189086914,601.0115966796875
2025-02-14,43.852752685546875,43.29646682739258,50.827659606933594,135.30526733398438,119.09410858154297,78.02747344970703,38.1846809387207,141.71456909179688,112.30083465576172,600.9819946289062
2025-02-18,44.40914535522461,43.88772201538086,51.190704345703125,136.3676300048828,120.18097686767578,78.30816650390625,38.54190444946289,141.44052124023438,111.98915100097656,602.7463989257812
2025-02-19,43.88691329956055,44.233821868896484,51.21033477783203,136.50535583496094,120.1908950805664,78.9373550415039,38.744659423828125,143.2804412841797,111.92485046386719,604.1658325195312
2025-02-20,43.784423828125,44.637611389160156,50.425350189208984,135.61019897460938,119.80875396728516,78.62760162353516,38.73982620239258,144.08299255371094,110.96014404296875,601.65234375
2025-02-21,42.98399353027344,43.70986557006836,49.79736328125,132.6394805908203,116.56302642822266,79.54717254638672,38.74948501586914,143.30982971191406,108.04132080078125,591.361572265625
2025-02-24,42.93518829345703,43.71947479248047,50.01323318481445,132.0394287109375,114.8955078125,79.78915405273438,38.5563850402832,144.47445678710938,107.63565826416016,588.670654296875
2025-02-25,43.26707458496094,43.08976364135742,50.003421783447266,132.7181854248047,113.40664672851562,80.92168426513672,38.36328887939453,145.7174072265625,107.07166290283203,585.7431030273438
2025-02-26,43.24755096435547,42.844608306884766,49.89548873901367,132.796875,114.64241027832031,79.37294006347656,38.52259826660156,144.67019653320312,106.63136291503906,586.0386962890625
2025-02-27,42.9547119140625,43.075347900390625,50.170230865478516,132.3345489501953,110.4686279296875,79.3632583618164,37.66814422607422,144.08299255371094,105.0927963256836,576.6844482421875
2025-02-28,43.32075881958008,43.74351501464844,51.200523376464844,134.1051788330078,111.92770385742188,80.4183349609375,38.24260711669922,145.7565460205078,106.83916473388672,585.6838989257812
2025-03-03,42.45200729370117,42.21489334106445,50.76878356933594,132.1968231201172,108.52317810058594,80.84423065185547,38.29570770263672,146.39268493652344,104.87017822265625,575.4227905273438
2025-03-04,41.87608337402344,41.806297302246094,48.98294448852539,129.61959838867188,108.43881225585938,79.46971893310547,37.672977447509766,145.03231811523438,103.01994323730469,568.6116333007812
2025-03-05,42.96935272216797,41.1958122253418,49.26749801635742,131.6656494140625,109.96241760253906,79.79884338378906,37.407470703125,146.49057006835938,104.58819580078125,574.722900390625
2025-03-06,42.74484634399414,41.3207893371582,48.45308303833008,130.53440856933594,106.91024017333984,79.94403076171875,36.63025665283203,146.0893096923828,101.93650817871094,564.52099609375
2025-03-07,42.861976623535156,42.027427673339844,48.197959899902344,132.05909729003906,108.45866394042969,80.20538330078125,37.310916900634766,146.09910583496094,101.7485122680664,567.68505859375
2025-03-10,41.968814849853516,42.339881896972656,47.118614196777344,129.99337768554688,103.84815979003906,80.03114318847656,37.72124481201172,144.52340698242188,98.11729431152344,552.5643920898438
2025-03-11,41.646690368652344,42.003387451171875,46.71630859375,127.99649810791016,103.42630004882812,78.85991668701172,37.36885070800781,142.94769287109375,97.15754699707031,547.9710083007812
2025-03-12,41.45146179199219,42.1956672668457,46.78499221801758,127.98665618896484,105.05413055419922,77.14662170410156,37.25299072265625,141.51881408691406,97.72151184082031,550.8787841796875
2025-03-13,41.42218780517578,41.907249450683594,46.529869079589844,126.67838287353516,103.0590591430664,76.7884750366211,37.3447151184082,140.7652130126953,95.28256225585938,543.5353393554688
2025-03-14,41.96393585205078,43.1474494934082,47.60922622680664,128.99005126953125,106.17574310302734,76.96271514892578,38.07365036010742,141.84176635742188,97.31090545654297,554.762451171875
2025-03-17,42.491050720214844,43.834842681884766,48.168521881103516,130.77049255371094,106.91519927978516,78.0855484008789,38.232948303222656,143.642578125,97.4642562866211,559.0404052734375
2025-03-18,42.417842864990234,43.90694808959961,48.109649658203125,129.72779846191406,105.28738403320312,77.19501495361328,37.96744155883789,143.7110595703125,95.7278060913086,552.9981079101562
2025-03-19,42.55937576293945,44.623191833496094,48.63951110839844,131.44921875,106.65714263916016,77.19501495361328,38.10743713378906,143.78936767578125,97.5632095336914,559.0206909179688
2025-03-20,42.29094314575195,44.78662872314453,48.70819854736328,130.79017639160156,105.8978271484375,76.8175277709961,38.26192092895508,143.87745666503906,97.3306884765625,557.4041748046875
2025-03-21,41.8712043762207,44.47417068481445,48.53157424926758,130.0917510986328,106.1856689453125,76.7884750366211,38.01572036743164,143.4761962890625,97.68194580078125,557.5880126953125
2025-03-24,42.43859100341797,44.98090362548828,49.387367248535156,132.50424194335938,108.1966781616211,77.26334381103516,38.003562927246094,144.5716552734375,101.34398651123047,567.5736083984375
2025-03-25,42.42877960205078,45.165000915527344,49.66310501098633,132.7015838623047,108.55463409423828,76.5627212524414,37.3958625793457,142.724609375,102.15259552001953,568.93798828125
2025-03-26,42.50724792480469,45.43144226074219,49.51538848876953,131.8234100341797,106.13346099853516,77.74988555908203,37.643802642822266,142.20388793945312,100.8181381225586,562.1458740234375
2025-03-27,42.48762893676758,44.990596771240234,49.416908264160156,131.12286376953125,105.15406036376953,78.63539123535156,37.63407897949219,142.42987060546875,100.88263702392578,560.6528930664062
2025-03-28,41.70790481567383,44.777442932128906,48.46165466308594,128.41928100585938,102.6036376953125,78.24616241455078,37.91119384765625,141.9877471923828,97.7474136352539,549.3623046875
2025-03-31,42.163970947265625,45.27157211303711,49.05253601074219,129.3270721435547,102.65335083007812,79.47225952148438,38.33415603637695,143.45164489746094,97.95577239990234,553.0501098632812
2025-04-01,42.32089614868164,45.53801727294922,48.993446350097656,130.0572052001953,103.40406799316406,79.58903503417969,38.431392669677734,140.8284149169922,98.97769927978516,554.6121215820312
2025-04-02,42.66907501220703,45.60099792480469,49.397212982177734,131.28074645996094,104.16968536376953,79.35548400878906,38.611270904541016,141.77159118652344,100.85783386230469,558.1219482421875
2025-04-03,40.7418327331543,42.020931243896484,46.96477127075195,124.17646789550781,97.06031799316406,79.8128433227539,38.368186950683594,140.62208557128906,94.76597595214844,530.6173095703125
2025-04-04,38.19179153442383,38.15504837036133,43.52784729003906,116.37166595458984,90.66685485839844,76.34864044189453,36.23392105102539,132.90965270996094,90.67828369140625,499.5533447265625
2025-04-07,37.578792572021484,37.90797805786133,43.419517517089844,115.82896423339844,91.20875549316406,75.463134765625,35.67969512939453,132.11383056640625,89.60677337646484,498.6635437011719
2025-04-08,36.42146682739258,37.031131744384766,43.252098083496094,114.87187194824219,89.3543472290039,74.29541778564453,35.53384017944336,130.64993286132812,87.47858428955078,490.8531188964844
2025-04-09,39.60411834716797,39.8990592956543,46.51176834106445,125.07437133789062,101.35079193115234,77.1757583618164,36.933998107910156,136.32867431640625,97.0032958984375,542.4021606445312
2025-04-10,38.338905334472656,37.29273223876953,45.21184539794922,121.84785461425781,96.63275909423828,77.21469116210938,36.65688705444336,132.52647399902344,93.21324920654297,518.6346435546875
2025-04-11,39.47661590576172,38.21802520751953,45.96028137207031,123.99887084960938,98.6114501953125,78.18778228759766,37.10415267944336,134.4718017578125,94.11611938476562,527.8884887695312
2025-04-14,39.952301025390625,38.35367202758789,46.432987213134766,125.29145050048828,99.51130676269531,79.52091217041016,37.77020263671875,136.11253356933594,94.38896179199219,533.0098266601562
2025-04-15,39.63844680786133,38.2955436706543,46.55116271972656,124.66981506347656,99.87423706054688,78.84947967529297,37.765342712402344,135.2774200439453,93.70933532714844,531.5169067382812
2025-04-16,39.32949447631836,38.61042785644531,45.82240676879883,122.96282196044922,96.4040756225586,78.00289154052734,37.42502975463867,133.9019317626953,91.39761352539062,519.7022705078125
2025-04-17,39.59921646118164,39.4824333190918,45.940589904785156,123.6337890625,95.8820571899414,79.66687774658203,37.8090934753418,133.115966796875,91.9730453491211,520.44384765625
2025-04-21,38.99603271484375,38.4505615234375,44.95579528808594,120.86114501953125,93.40620422363281,78.9078598022461,36.91455078125,130.2471466064453,89.51746368408203,508.0558776855469
2025-04-22,39.908164978027344,39.429141998291016,46.44283676147461,122.97268676757812,95.68318176269531,80.02691650390625,37.92091369628906,132.69349670410156,92.3500747680664,521.2743530273438
2025-04-23,39.95720291137695,39.35647964477539,46.99431610107422,124.51195526123047,98.45732879638672,79.5695571899414,38.08135223388672,133.3517608642578,94.41377258300781,529.3516845703125
2025-04-24,40.820289611816406,39.98625564575195,47.516258239746094,127.30431365966797,102.13134002685547,78.86894989013672,38.13969039916992,134.98268127441406,96.29389953613281,540.4940185546875
2025-04-25,40.51625061035156,39.91358947753906,47.28975296020508,127.29444885253906,103.64269256591797,78.66458892822266,38.023006439208984,135.631103515625,98.02522277832031,544.3993530273438
2025-04-28,40.589805603027344,40.1945686340332,47.43747329711914,127.71874237060547,103.47367095947266,78.40185546875,38.256370544433594,136.17149353027344,98.05994415283203,544.6068115234375
2025-04-29,40.92817687988281,40.078304290771484,47.92987060546875,128.5475616455078,103.95591735839844,79.05381774902344,38.55293273925781,136.8395538330078,98.75446319580078,548.03759765625
2025-04-30,41.13905334472656,38.99798583984375,48.018497467041016,129.47506713867188,104.38844299316406,79.6279525756836,38.358463287353516,138.0087127685547,97.85655212402344,548.2550048828125
2025-05-01,40.95759963989258,39.1433219909668,48.00865173339844,130.451904296875,105.91968536376953,78.93705749511719,38.47028350830078,134.24581909179688,98.39728546142578,552.1405029296875
2025-05-02,41.649051666259766,39.71497344970703,49.003292083740234,132.79039001464844,107.6895751953125,79.36521911621094,38.771705627441406,136.1027069091797,99.9251937866211,560.3365478515625
2025-05-05,41.34011459350586,38.99798583984375,48.68815994262695,132.8594512939453,107.11783599853516,79.29710388183594,38.674476623535156,135.7195281982422,98.86359405517578,557.1234130859375
2025-05-06,41.04096984863281,39.00767135620117,48.41241455078125,131.69512939453125,106.2279281616211,79.16087341308594,39.146053314208984,131.97630310058594,98.00041961669922,552.466796875
2025-05-07,40.815391540527344,39.02220916748047,48.69801330566406,132.3660888671875,107.29185485839844,79.28736877441406,39.257869720458984,132.98825073242188,98.7643814086914,554.7902221679688
2025-05-08,41.35972213745117,39.53572463989258,49.10177230834961,134.19149780273438,108.31598663330078,79.19005584716797,38.941864013671875,131.7896270751953,99.93016815185547,558.6558227539062
2025-05-09,41.467613220214844,39.93296813964844,49.10177230834961,134.30003356933594,108.1817626953125,78.73271942138672,39.009925842285156,130.35519409179688,100.41136169433594,557.9439697265625
2025-05-12,42.42877960205078,40.97452926635742,50.096412658691406,138.43431091308594,113.20305633544922,78.84947967529297,38.77656936645508,133.57774353027344,105.40190887451172,576.382568359375
2025-05-13,42.21791458129883,41.55101776123047,50.303226470947266,139.40127563476562,115.64908599853516,77.78881072998047,38.72309112548828,129.55938720703125,106.7958984375,580.18896484375
2025-05-14,41.83050537109375,41.299110412597656,50.16535186767578,138.73033142089844,116.3998031616211,77.3703842163086,38.55293273925781,126.51372528076172,107.20764923095703,580.9304809570312
2025-05-15,42.257144927978516,41.4735107421875,50.500179290771484,140.26959228515625,116.55888366699219,78.95652770996094,39.374549865722656,128.17410278320312,106.96952819824219,583.7679443359375
2025-05-16,42.68868637084961,41.4105339050293,50.80546569824219,141.8680419921875,116.77763366699219,79.86149597167969,39.95309066772461,130.7580108642578,107.98152923583984,587.465576171875
2025-05-19,42.796573638916016,40.872798919677734,50.83500671386719,142.35153198242188,116.60861206054688,80.09503173828125,40.12324523925781,132.0155792236328,107.72852325439453,588.108154296875
2025-05-20,42.723018646240234,40.49492263793945,50.559268951416016,141.83843994140625,116.17109680175781,80.37722778320312,40.239925384521484,132.3397979736328,107.16796112060547,586.130859375
2025-05-21,42.15415954589844,39.74888229370117,49.52523422241211,139.4407501220703,113.98857879638672,79.44306182861328,39.50581359863281,129.27447509765625,104.99513244628906,576.2540893554688
2025-05-22,42.11002731323242,39.5938606262207,49.46614456176758,139.41114807128906,114.01840209960938,79.11222076416016,38.941864013671875,128.2625274658203,105.44657135009766,576.4815063476562
2025-05-23,42.02665710449219,39.71981430053711,49.288883209228516,138.957275390625,112.7605972290039,79.40413665771484,39.4085807800293,128.0561981201172,104.4990463256836,572.5465087890625
2025-05-27,42.762245178222656,40.06376647949219,50.15550231933594,141.404296875,115.44027709960938,80.12422180175781,39.705142974853516,129.84429931640625,107.58467102050781,584.4501342773438
2025-05-28,42.178688049316406,39.55509948730469,49.82067108154297,140.70375061035156,114.96300506591797,79.57929992675781,39.150917053222656,129.1762237548828,106.59746551513672,581.06884765625
2025-05-29,42.335609436035156,39.850608825683594,50.076717376708984,140.83200073242188,115.15689849853516,79.9004135131836,39.42316436767578,130.04080200195312,106.6421127319336,583.3626098632812
2025-05-30,42.34050369262695,39.49696350097656,50.1850471496582,140.9208221435547,114.7989501953125,80.60104370117188,39.826683044433594,130.31590270996094,106.06169891357422,582.7100830078125
2025-06-02,42.590606689453125,40.01532745361328,50.20473861694336,140.74319458007812,115.81314849853516,80.64969635009766,39.95309066772461,130.39451599121094,106.30974578857422,585.992431640625
2025-06-03,43.027061462402344,40.49008560180664,50.303226470947266,141.82858276367188,117.5531997680664,80.57185363769531,40.0600471496582,130.69906616210938,106.8752670288086,589.3341674804688
2025-06-04,43.18888854980469,39.70043182373047,50.01762771606445,141.9075164794922,117.72721862792969,80.00746154785156,39.35996627807617,130.95449829101562,106.5925064086914,589.176025390625
2025-06-05,42.93388748168945,39.66168212890625,49.8797607421875,141.808837890625,117.39411163330078,79.23871612548828,39.2967643737793,130.7776641845703,103.90375518798828,586.3285522460938
2025-06-06,43.04667663574219,40.4077262878418,50.500179290771484,143.0027313232422,118.50277709960938,79.49171447753906,39.47178268432617,132.02542114257812,105.25309753417969,592.349609375
2025-06-09,43.33600997924805,40.48523712158203,50.22443771362305,142.87448120117188,119.0844497680664,79.38468933105469,39.21897506713867,131.79945373535156,106.09642791748047,592.8834228515625
2025-06-10,43.6057243347168,41.207061767578125,50.28352355957031,142.2528533935547,119.75064086914062,79.55982971191406,39.31135177612305,133.3026123046875,107.36638641357422,596.2449340820312
2025-06-11,43.17417907714844,41.80293655395508,50.22443771362305,142.3219451904297,119.48714447021484,79.28736877441406,39.33565902709961,133.3714141845703,106.51809692382812,594.5443725585938
2025-06-12,43.35562515258789,41.94826889038086,50.22443771362305,141.94699096679688,120.59581756591797,79.75444793701172,39.81209945678711,134.41282653808594,106.0170669555664,596.9072875976562
2025-06-13,42.85051345825195,42.67978286743164,49.200252532958984,140.75306701660156,118.90547943115234,78.78136444091797,39.58360290527344,133.7447509765625,105.03977966308594,590.2338256835938
2025-06-16,43.213409423828125,42.55382537841797,49.76158142089844,141.72003173828125,120.82947540283203,79.03437042236328,39.38913345336914,133.33212280273438,106.17083740234375,595.8494873046875
2025-06-17,42.79167175292969,42.95107650756836,49.47599411010742,140.6544189453125,119.97437286376953,78.36293029785156,39.06340408325195,131.13134765625,104.3403091430664,590.7578125
2025-06-18,42.66907501220703,42.67009353637695,49.45630645751953,140.3189239501953,120.11853790283203,78.265625,39.16550064086914,130.9053955078125,104.3899154663086,590.6688232421875
2025-06-20,42.37974166870117,43.106101989746094,49.594173431396484,140.47677612304688,119.58657836914062,78.8397445678711,39.27245330810547,130.276611328125,104.51393127441406,589.2816162109375
2025-06-23,42.851932525634766,42.016014099121094,50.21868896484375,142.37899780273438,120.95006561279297,79.75289154052734,39.770320892333984,130.46417236328125,106.58548736572266,595.1021728515625
2025-06-24,43.20681381225586,41.469024658203125,50.96969985961914,143.566650390625,123.12126922607422,79.6843032836914,39.94165802001953,132.06336975097656,107.17707824707031,601.676513671875
2025-06-25,42.792781829833984,41.2883186340332,50.80171203613281,142.29983520507812,124.17201232910156,78.6163558959961,39.408058166503906,132.1818389892578,105.91436004638672,602.0135498046875
2025-06-26,43.26595687866211,41.87926483154297,51.177215576171875,143.84376525878906,125.0285415649414,78.54777526855469,39.73604965209961,132.49774169921875,106.88873291015625,606.7236328125
2025-06-27,43.32017517089844,41.65949630737305,51.325435638427734,145.27883911132812,124.879150390625,78.92008972167969,39.81438064575195,132.21145629882812,108.6684799194336,609.7380981445312
2025-06-30,43.28074645996094,41.4201774597168,51.75035095214844,146.00132751464844,126.10417938232422,79.33158874511719,39.975929260253906,133.06040954589844,108.0420913696289,612.6533203125
2025-07-01,44.39961242675781,41.737632751464844,52.03691864013672,146.4862823486328,124.9787368774414,80.3211441040039,40.112998962402344,134.95579528808594,108.50442504882812,612.455078125
2025-07-02,45.06501007080078,42.45556640625,51.99739456176758,146.63473510742188,126.29839324951172,80.5562973022461,39.76542282104492,133.62310791015625,109.3744125366211,615.2315063476562
2025-07-03,45.035438537597656,42.50440216064453,52.56064987182617,147.8817596435547,127.96166229248047,80.51710510253906,40.06404113769531,133.7613067626953,109.97097778320312,620.0803833007812
2025-07-07,44.60169219970703,42.09415817260742,52.05668640136719,147.36712646484375,126.9457778930664,80.44851684570312,40.14726638793945,132.6359405517578,108.57402801513672,615.4595336914062
2025-07-08,44.966434478759766,43.22721862792969,51.592247009277344,147.32754516601562,127.62801361083984,79.70390319824219,39.72136306762695,133.2381134033203,108.2061538696289,615.1224365234375
2025-07-09,45.237525939941406,43.00743865966797,51.779998779296875,148.3568115234375,128.39491271972656,79.18462371826172,40.09341812133789,133.75143432617188,108.84745025634766,618.8110961914062
2025-07-10,45.47903823852539,43.33466339111328,52.08633041381836,149.1881866455078,127.97162628173828,79.46875,40.42140579223633,134.57080078125,110.05050659179688,620.5563354492188
2025-07-11,45.109371185302734,43.53001403808594,51.5428352355957,148.65374755859375,127.40889739990234,79.17481994628906,40.3626594543457,133.45530700683594,110.0803451538086,618.3748168945312
2025-07-14,44.85799789428711,43.051395416259766,51.928218841552734,149.4553985595703,127.3043212890625,79.243408203125,40.52421188354492,133.29734802246094,110.48799133300781,619.5548095703125
2025-07-15,43.9362907409668,42.43114471435547,51.038875579833984,148.33705139160156,128.43475341796875,78.44979858398438,40.137474060058594,130.89852905273438,108.90711212158203,616.9072875976562
2025-07-16,44.05458450317383,42.06485366821289,51.39461135864258,148.861572265625,128.8331298828125,78.72413635253906,40.15705490112305,132.52735900878906,109.10596466064453,618.9697265625
2025-07-17,44.365108489990234,42.323699951171875,51.888694763183594,150.23727416992188,130.0033721923828,79.46875,40.32350158691406,131.01698303222656,109.47881317138672,622.7576293945312
2025-07-18,44.46861267089844,41.98182678222656,51.91834259033203,149.90077209472656,129.9187469482422,79.25320434570312,40.99906921386719,130.1482696533203,110.44822692871094,622.301513671875
2025-07-21,44.695343017578125,41.54716110229492,51.77011489868164,149.1090087890625,130.08804321289062,79.243408203125,41.1312370300293,129.40789794921875,110.97021484375,623.4815063476562
2025-07-22,45.311458587646484,41.742515563964844,52.05668640136719,149.46530151367188,128.8829345703125,79.96843719482422,41.63547134399414,131.81658935546875,112.09373474121094,623.5706787109375
2025-07-23,45.46424865722656,42.39695739746094,52.471710205078125,152.1473846435547,129.6199493408203,79.99783325195312,41.32217025756836,134.5214385986328,112.62566375732422,628.8757934570312
2025-07-24,44.996002197265625,42.69976043701172,52.44206619262695,151.89007568359375,130.16773986816406,79.71369934082031,41.268314361572266,134.01797485351562,110.76141357421875,629.083984375
2025-07-25,45.52832794189453,42.5385856628418,52.80768966674805,153.39442443847656,130.46649169921875,79.85086059570312,41.37601089477539,134.72872924804688,111.79048156738281,631.741455078125
2025-07-28,44.86785125732422,43.0220947265625,52.44206619262695,152.9193572998047,131.50729370117188,79.02786254882812,40.935428619384766,133.5540008544922,112.44172668457031,631.582763671875
2025-07-29,44.695343017578125,43.442108154296875,52.175262451171875,151.177490234375,131.51226806640625,79.5471420288086,41.40538787841797,132.7050323486328,111.66619873046875,629.9169311523438
2025-07-30,43.79335021972656,42.82185745239258,52.076446533203125,150.43521118164062,131.80609130859375,78.84171295166016,41.71379470825195,132.46812438964844,110.96026611328125,629.1236572265625
2025-07-31,43.24131774902344,42.59231185913086,51.75035095214844,150.44509887695312,130.83999633789062,78.1656723022461,41.93898391723633,128.75636291503906,110.0803451538086,626.763671875
2025-08-01,42.74349594116211,41.80112075805664,50.791831970214844,148.19847106933594,128.0164337158203,78.53797912597656,42.00262451171875,129.4473876953125,107.42564392089844,616.4907836914062
2025-08-04,43.31032180786133,41.70833206176758,51.29579162597656,149.5642547607422,130.6159210205078,78.92008972167969,42.746726989746094,131.30325317382812,108.68836975097656,625.8612670898438
2025-08-05,43.615909576416016,41.762054443359375,51.08828353881836,149.25746154785156,129.5352783203125,78.84171295166016,42.29145431518555,130.79981994628906,108.82756805419922,622.6881713867188
2025-08-06,43.14273452758789,41.376224517822266,51.335323333740234,149.376220703125,130.99436950683594,79.96843719482422,41.91450881958008,128.83534240722656,111.08952331542969,627.4578247070312
2025-08-07,43.33003616333008,41.215057373046875,50.76218032836914,149.15850830078125,131.1138916015625,80.57588958740234,42.36978530883789,127.35458374023438,111.05472564697266,626.9322509765625
2025-08-08,43.546905517578125,41.478790283203125,51.236507415771484,149.27725219726562,132.42359924316406,80.81103515625,42.18865203857422,128.4898223876953,111.24859619140625,631.82080078125
2025-08-11,43.44832992553711,41.14668655395508,51.21674346923828,148.79229736328125,131.5272216796875,80.7424545288086,42.05647659301758,128.6181640625,111.53694152832031,630.5712890625
2025-08-12,44.01515579223633,41.346927642822266,51.83928680419922,150.33624267578125,133.56396484375,80.95799255371094,42.237606048583984,129.50662231445312,112.72012329101562,637.284423828125
2025-08-13,44.84320831298828,41.82554244995117,52.135738372802734,150.91026306152344,133.61375427246094,80.95799255371094,42.33061599731445,131.5796661376953,114.2662124633789,639.4659423828125
2025-08-14,44.374961853027344,41.78647232055664,52.382781982421875,149.5741729736328,133.324951171875,80.23297119140625,42.036895751953125,132.24107360839844,114.13695526123047,639.5254516601562
2025-08-15,44.374961853027344,41.78647232055664,51.83928680419922,148.89126586914062,132.31402587890625,80.36034393310547,41.91450881958008,134.4622039794922,113.86353302001953,638.0281372070312
2025-08-18,44.1186637878418,41.53739929199219,51.87881088256836,149.47518920898438,132.59786987304688,80.25257110595703,41.733375549316406,134.1463165283203,114.32089233398438,637.8892822265625
2025-08-19,44.384822845458984,41.55204391479492,51.977630615234375,149.80178833007812,130.28225708007812,81.07556915283203,42.13969802856445,135.00514221191406,114.2662124633789,634.4286499023438
2025-08-20,44.41932678222656,41.898799896240234,52.24443435668945,149.6632537841797,129.40081787109375,81.53605651855469,42.183753967285156,135.7356414794922,113.1377182006836,632.7429809570312
2025-08-21,44.55240249633789,42.18695068359375,52.076446533203125,149.12879943847656,128.9327392578125,80.80123138427734,41.894927978515625,135.2815399169922,112.46658325195312,630.2044677734375
2025-08-22,45.43467712402344,43.046512603759766,52.936153411865234,151.5634765625,130.68064880371094,80.80123138427734,42.1201171875,136.3970489501953,115.88188934326172,639.88232421875
2025-08-25,45.18330383300781,43.158843994140625,52.62982177734375,150.0492401123047,130.38682556152344,79.41976165771484,41.645259857177734,134.4523162841797,115.64823913574219,637.0662231445312
2025-08-26,45.306522369384766,43.09047317504883,53.034969329833984,151.59317016601562,130.9844207763672,78.9004898071289,41.738277435302734,135.2914276123047,116.18017578125,639.733642578125
2025-08-27,45.41989517211914,43.573974609375,53.1436653137207,151.5733642578125,131.69154357910156,79.13563537597656,41.74806213378906,135.2124481201172,116.20503234863281,641.1912841796875
2025-08-28,45.41989517211914,43.90607452392578,53.21283721923828,151.84059143066406,132.7323455810547,78.6359634399414,41.42986297607422,134.6793670654297,116.40388488769531,643.4620361328125
2025-08-29,45.48396682739258,44.145389556884766,53.3511848449707,150.44509887695312,130.6956024169922,79.14543151855469,41.27810287475586,135.66653442382812,115.20580291748047,639.6245727539062
2025-09-02,45.14387130737305,44.20887756347656,52.95591735839844,149.01002502441406,129.37591552734375,79.01806640625,41.14103698730469,135.7948760986328,114.34574890136719,634.884765625
2025-09-03,44.838279724121094,43.21745300292969,52.866981506347656,148.25784301757812,130.14779663085938,78.95927429199219,41.038230895996094,135.15321350097656,114.80809020996094,638.3255615234375
2025-09-04,45.01079177856445,43.50559997558594,53.42036056518555,149.93045043945312,130.7902069091797,79.00826263427734,40.98927688598633,135.66653442382812,116.90599060058594,643.6603393554688
2025-09-05,45.32624053955078,42.66556930541992,52.44206619262695,149.376220703125,130.89974975585938,79.23361206054688,40.861995697021484,136.13050842285156,116.88113403320312,641.7960815429688
2025-09-08,45.36567306518555,42.56789779663086,52.481597900390625,149.71273803710938,131.8807830810547,78.93968200683594,40.44588851928711,136.08116149902344,117.33352661132812,643.372802734375
2025-09-09,44.62633514404297,42.77301788330078,52.70887756347656,148.70321655273438,132.13475036621094,79.09644317626953,40.72492599487305,136.81166076660156,117.16947937011719,644.8601684570312
2025-09-10,44.71013259887695,43.5202522277832,52.531005859375,149.80178833007812,134.53004455566406,78.32243347167969,41.424964904785156,135.56784057617188,115.76754760742188,646.724365234375
2025-09-11,45.64662170410156,43.53001403808594,53.390708923339844,151.2269744873047,134.98321533203125,78.95927429199219,41.645259857177734,137.9271697998047,118.01956176757812,652.0987548828125
2025-09-12,45.188232421875,43.27117156982422,53.163429260253906,150.01953125,134.8936004638672,78.69473266601562,41.85576248168945,136.3378143310547,118.63105010986328,651.8805541992188
2025-09-15,44.82349395751953,43.124656677246094,53.04484939575195,150.71234130859375,136.10865783691406,77.7933578491211,41.953670501708984,135.17295837402344,119.66011047363281,655.3511352539062
2025-09-16,44.685482025146484,43.84746551513672,52.92627716064453,150.2669677734375,135.6355743408203,78.14607238769531,41.18998718261719,135.17295837402344,120.39586639404297,654.4488525390625
2025-09-17,44.78899383544922,43.95003128051758,53.440120697021484,149.5840606689453,135.16744995117188,78.6163558959961,41.292789459228516,135.4394989013672,120.09262084960938,653.6357421875
2025-09-18,44.78899383544922,43.81328201293945,53.48952865600586,151.177490234375,137.5030059814453,77.93052673339844,41.32217025756836,135.70602416992188,119.55074310302734,656.6898193359375
2025-09-19,44.76927947998047,43.23209762573242,53.60810852050781,151.54367065429688,138.89735412597656,77.77375793457031,41.58651351928711,135.52833557128906,120.00313568115234,659.9423217773438
2025-09-22,44.75392532348633,43.182350158691406,53.53672409057617,152.05052185058594,140.9407196044922,76.9066390991211,41.989654541015625,135.49363708496094,119.61219787597656,663.0645751953125
2025-09-23,44.61030960083008,43.926109313964844,53.29878234863281,152.09027099609375,139.7240753173828,77.29136657714844,42.206504821777344,135.80105590820312,118.4866943359375,659.4551391601562
2025-09-24,44.065555572509766,44.497474670410156,53.15007400512695,151.30516052246094,138.86146545410156,77.45906829833984,42.50713348388672,135.25563049316406,119.32335662841797,657.3569946289062
2025-09-25,43.4910888671875,44.89645004272461,53.01127624511719,150.2815704345703,138.6171417236328,76.71920013427734,42.098079681396484,133.01443481445312,117.64007568359375,654.3242797851562
2025-09-26,43.99622344970703,45.3101921081543,53.397926330566406,151.6331329345703,139.03598022460938,76.9066390991211,42.783119201660156,134.37303161621094,119.37814331054688,658.072998046875
2025-09-29,44.16460418701172,44.47777557373047,53.665611267089844,152.10020446777344,139.77891540527344,77.05461120605469,42.90633010864258,134.7696990966797,119.90103912353516,659.9224243164062
2025-09-30,44.382503509521484,44.004920959472656,53.407840728759766,153.2728729248047,140.5418243408203,77.31109619140625,42.98025894165039,138.01251220703125,119.34327697753906,662.4082641601562
2025-10-01,43.91698455810547,44.004920959472656,52.93195724487305,152.84556579589844,141.9180145263672,77.1927261352539,43.39424133300781,142.27674865722656,120.09028625488281,664.6654052734375
2025-10-02,44.42707443237305,43.561622619628906,52.892303466796875,153.24305725097656,142.68589782714844,76.88690948486328,43.31538391113281,141.9990692138672,119.22374725341797,665.4309692382812
2025-10-03,44.50135803222656,43.793121337890625,53.259132385253906,153.45176696777344,141.96788024902344,76.97569274902344,43.81808090209961,143.6155242919922,118.4568099975586,665.421142578125
2025-10-06,44.46173858642578,44.00984573364258,53.23929977416992,154.16729736328125,143.40391540527344,76.41339111328125,44.241912841796875,142.9213409423828,119.4727554321289,667.8074951171875
2025-10-07,44.28345489501953,44.07880401611328,53.30870056152344,153.29275512695312,142.44654846191406,77.12366485595703,44.4439811706543,143.03041076660156,117.381103515625,665.3316040039062
2025-10-08,44.52116775512695,43.82267761230469,53.050926208496094,154.6244354248047,144.9446563720703,76.73892974853516,44.749542236328125,143.30809020996094,117.72972106933594,669.2990112304688
2025-10-09,43.91203308105469,43.226680755615234,52.8625602722168,152.33871459960938,144.70033264160156,76.98555755615234,44.63618850708008,142.99075317382812,117.1420669555664,667.3600463867188
2025-10-10,43.01071548461914,41.975589752197266,51.7125129699707,148.96974182128906,138.81161499023438,77.04474639892578,44.453834533691406,140.9280548095703,113.91993713378906,649.32275390625
2025-10-13,43.69413375854492,42.54695510864258,52.208221435546875,150.52008056640625,142.1922607421875,76.78825378417969,44.79389572143555,140.76937866210938,116.46477508544922,659.2860107421875
2025-10-14,44.12993621826172,42.542030334472656,52.78324890136719,152.28903198242188,140.3673095703125,78.0213623046875,45.19308853149414,141.1561279296875,116.70879364013672,658.4805908203125
2025-10-15,43.93184280395508,42.51740264892578,52.78324890136719,151.6529998779297,141.75845336914062,78.15947723388672,45.78449630737305,141.3743133544922,116.87812042236328,661.4039306640625
2025-10-16,43.6049919128418,42.00514602661133,51.315940856933594,150.65921020507812,141.86317443847656,77.61691284179688,45.28672790527344,141.13632202148438,115.74762725830078,656.8995971679688
2025-10-17,43.52080154418945,42.34993362426758,51.732337951660156,150.78839111328125,142.11248779296875,78.65272521972656,45.129024505615234,142.0784149169922,116.74365234375,660.62841796875
2025-10-20,44.040794372558594,42.79815673828125,52.33710479736328,152.56729125976562,143.69810485839844,78.58367156982422,45.11423873901367,143.58575439453125,117.66995239257812,667.499267578125
2025-10-21,43.872413635253906,42.699649810791016,52.27762222290039,153.91885375976562,143.77288818359375,78.21867370605469,44.65590286254883,143.92294311523438,119.10920715332031,667.4893188476562
2025-10-22,43.738704681396484,43.24638748168945,51.980194091796875,151.92132568359375,142.35182189941406,78.66258239746094,44.55240249633789,144.7460479736328,118.17793273925781,664.0191040039062
2025-10-23,44.26364517211914,43.82267761230469,52.08925247192383,153.8194580078125,144.14686584472656,78.2778549194336,44.51791000366211,144.8253631591797,118.7107925415039,667.9566650390625
2025-10-24,44.080413818359375,43.37937545776367,52.654361724853516,153.94866943359375,146.38568115234375,78.0213623046875,45.04030990600586,144.81544494628906,118.35720825195312,673.4155883789062
2025-10-27,44.060604095458984,43.482810974121094,52.872474670410156,154.8231964111328,149.0882110595703,78.14962005615234,45.16352081298828,145.15261840820312,120.06040954589844,681.3603515625
2025-10-28,44.120025634765625,43.029659271240234,52.53539276123047,153.7200927734375,150.5641326904297,77.37029266357422,44.41933822631836,144.2402801513672,120.09028625488281,683.1700439453125
2025-10-29,43.25337600708008,43.349822998046875,51.64311218261719,154.1175994873047,151.6461639404297,75.5452880859375,44.4045524597168,142.78250122070312,119.0992431640625,683.4982299804688
2025-10-30,42.67395782470703,43.09368896484375,51.78190994262695,153.73004150390625,149.78131103515625,75.46636199951172,44.21727752685547,143.099853515625,116.40998840332031,675.9810180664062
2025-10-31,42.42634201049805,43.4089241027832,51.92070770263672,154.0977325439453,149.9259033203125,75.24933624267578,43.91171646118164,143.05026245117188,119.4876937866211,678.1983032226562
2025-11-03,42.16387176513672,43.41385269165039,51.702598571777344,153.4418182373047,150.53921508789062,74.6574478149414,43.93635940551758,143.2485809326172,120.60821533203125,679.4711303710938
2025-11-04,41.955875396728516,42.945926666259766,51.97027587890625,151.66293334960938,146.565185546875,74.96324920654297,43.77865219116211,143.89320373535156,118.60621643066406,671.4169921875
2025-11-05,42.2034912109375,43.05921173095703,52.14873504638672,152.249267578125,147.1385955810547,74.91393280029297,43.78850555419922,144.44854736328125,120.05045318603516,673.7437133789062
2025-11-06,41.9954948425293,43.477882385253906,51.96036911010742,151.64305114746094,144.18177795410156,74.57852172851562,43.5963020324707,144.7261962890625,117.27653503417969,666.514892578125
2025-11-07,42.50062561035156,44.103431701660156,52.32719039916992,152.37847900390625,143.68313598632812,75.67352294921875,44.202491760253906,144.92454528808594,117.4607925415039,667.1710815429688
2025-11-10,42.901763916015625,44.50239944458008,52.51556396484375,153.24305725097656,147.3579864501953,75.39730834960938,44.18770980834961,146.0550537109375,119.00463104248047,677.5818481445312
2025-11-11,43.347469329833984,45.0836181640625,52.753501892089844,153.28282165527344,146.10147094726562,76.38379669189453,44.21234893798828,149.42677307128906,119.29845428466797,679.1329956054688
2025-11-12,43.65451431274414,44.453147888183594,53.209556579589844,153.43190002441406,146.5552215576172,76.27528381347656,44.31584167480469,151.54898071289062,118.49665832519531,679.5109252929688
2025-11-13,43.367279052734375,44.566436767578125,52.52547836303711,151.0567169189453,142.90029907226562,76.27528381347656,43.70472717285156,151.4696502685547,115.5384750366211,668.235107421875
2025-11-14,42.97109603881836,45.32497024536133,52.000022888183594,151.066650390625,143.67816162109375,76.21609497070312,43.74415588378906,150.5672149658203,114.98567962646484,668.1256713867188
2025-11-17,42.31739044189453,44.497474670410156,51.00860595703125,149.58590698242188,141.4293670654297,75.73271179199219,44.13842010498047,150.43829345703125,113.90499877929688,661.901123046875
2025-11-18,42.35205841064453,44.85211181640625,50.92928695678711,148.92007446289062,139.13072204589844,76.0582504272461,43.970855712890625,151.32089233398438,111.80339050292969,656.3427734375
2025-11-19,42.46100997924805,44.27090072631836,51.11766052246094,149.41696166992188,140.09805297851562,75.47623443603516,43.60123062133789,151.0630645751953,111.8083724975586,658.8783569335938
2025-11-20,41.827117919921875,43.76849365234375,50.6715202331543,146.91259765625,135.7001953125,76.018798828125,43.379451751708984,150.16061401367188,110.1400375366211,648.8355712890625
2025-11-21,42.763099670410156,44.0443229675293,51.226715087890625,148.70143127441406,136.2237548828125,76.84745025634766,43.44352340698242,153.3240966796875,112.30139923095703,655.2987670898438
2025-11-24,42.847286224365234,43.92118453979492,51.444828033447266,149.0691375732422,139.4697723388672,75.95960998535156,43.93635940551758,153.96868896484375,113.80040740966797,664.9437866210938
2025-11-25,43.48613357543945,43.645355224609375,52.08925247192383,150.9772186279297,139.84375,77.00528717041016,43.76879119873047,157.44949340820312,116.23567962646484,671.1982421875
2025-11-26,44.0209846496582,43.975364685058594,52.49573516845703,151.8517608642578,141.49917602539062,77.84380340576172,44.350341796875,157.10240173339844,117.03250122070312,675.8318481445312
2025-11-28,44.27355194091797,44.55165481567383,52.872474670410156,152.73623657226562,142.71580505371094,78.2975845336914,44.66575622558594,156.33880615234375,117.75960540771484,679.5208129882812
2025-12-01,44.16460418701172,44.98017883300781,52.436248779296875,150.50021362304688,142.7806396484375,78.21867370605469,43.620941162109375,153.99842834472656,117.8293228149414,676.41845703125
2025-12-02,43.763465881347656,44.39896774291992,52.38667678833008,151.81199645996094,144.25157165527344,77.7056884765625,43.31045913696289,153.076171875,117.7496337890625,677.67138671875
2025-12-03,44.07050704956055,45.23138427734375,53.0905876159668,153.25302124023438,144.5956268310547,77.76488494873047,43.17245864868164,153.79019165039062,119.01956939697266,680.0180053710938
2025-12-04,43.81298828125,45.42348098754883,53.199642181396484,154.04803466796875,145.13414001464844,77.3900146484375,43.0837516784668,152.6199951171875,118.59625244140625,680.51513671875
2025-12-05,43.66937255859375,45.236305236816406,53.2194709777832,153.62071228027344,146.19619750976562,77.39988708496094,42.67962646484375,151.9853057861328,119.25363159179688,681.8078002929688
2025-12-08,43.065189361572266,44.743751525878906,53.02118682861328,153.43190002441406,147.22335815429688,76.7586669921875,42.10793685913086,150.1705322265625,117.52055358886719,679.7594604492188
2025-12-09,42.97604751586914,45.019588470458984,52.82290267944336,152.30889892578125,147.6123046875,76.93623352050781,42.13750457763672,148.71278381347656,117.5105972290039,679.1727905273438
2025-12-10,43.81794357299805,45.49243927001953,53.427669525146484,155.09152221679688,148.32032775878906,77.16312408447266,42.11779022216797,150.8746337890625,119.23371124267578,683.6771850585938
2025-12-11,44.689544677734375,45.27571487426758,54.399261474609375,156.75115966796875,147.56243896484375,77.73529052734375,42.4233512878418,152.30267333984375,119.70183563232422,685.26806640625
2025-12-12,44.719261169433594,44.83241271972656,54.47857666015625,155.76731872558594,143.29421997070312,78.34690856933594,42.21636199951172,152.77867126464844,120.21976470947266,677.9000854492188
2025-12-15,44.689544677734375,44.51717758178711,54.51823425292969,156.01576232910156,141.90805053710938,78.5639419555664,42.600772857666016,154.80169677734375,121.24567413330078,676.8758544921875
2025-12-16,44.5706901550293,43.1577262878418,54.171234130859375,155.09152221679688,142.16732788085938,78.20880126953125,42.4233512878418,152.78858947753906,121.44487762451172,675.0264282226562
2025-12-17,44.75887680053711,44.11328125,54.16132354736328,152.5772247314453,139.0060577392578,78.57380676269531,42.147361755371094,152.5109100341797,120.04048156738281,667.5986938476562
2025-12-18,44.73906707763672,43.47296142578125,54.07209396362305,153.57101440429688,141.15013122558594,78.1200180053711,42.561344146728516,152.62991333007812,121.85324096679688,672.6399536132812
2025-12-19,44.93716049194336,43.47296142578125,54.3695182800293,154.8927764892578,144.20172119140625,77.71556091308594,42.01922607421875,153.65135192871094,121.36518859863281,678.7363891601562
2025-12-22,45.467796325683594,43.92301940917969,55.03709030151367,156.6099395751953,144.979736328125,77.44408416748047,42.17513656616211,154.6641845703125,122.0947265625,682.96484375
2025-12-23,45.54744338989258,44.21113586425781,55.14652633666992,156.55010986328125,145.7687530517578,77.07616424560547,42.324092864990234,154.35545349121094,121.9250717163086,686.0863037109375
2025-12-24,45.637046813964844,44.08198165893555,55.44499206542969,157.05868530273438,146.1183319091797,77.68274688720703,42.51277542114258,155.16213989257812,122.34423065185547,688.4996948242188
2025-12-26,45.905853271484375,43.9130859375,55.33555221557617,156.76950073242188,146.34803771972656,77.79212951660156,42.48298263549805,155.41111755371094,121.8053207397461,688.4298706054688
2025-12-29,45.53749084472656,44.33035659790039,55.03709030151367,156.43045043945312,145.68885803222656,77.84185028076172,42.56242752075195,155.17208862304688,120.60771942138672,685.9765625
2025-12-30,45.52753448486328,44.66815185546875,54.897804260253906,155.98170471191406,145.22943115234375,77.71257781982422,42.6617317199707,155.04261779785156,120.11870574951172,685.138916015625
2025-12-31,45.14921569824219,44.41977310180664,54.48990249633789,154.6853485107422,143.7912139892578,77.24520874023438,42.39360809326172,154.16622924804688,119.17060852050781,680.062744140625
2026-01-02,45.91580581665039,45.35367202758789,54.64908218383789,157.53733825683594,144.1208038330078,77.2551498413086,42.88020706176758,154.87332153320312,118.11273193359375,681.309326171875
2026-01-05,46.37377166748047,46.58562088012695,55.84294891357422,159.402099609375,144.44039916992188,76.91705322265625,42.403541564941406,154.40524291992188,120.05882263183594,685.846923828125
2026-01-06,47.289695739746094,45.34373474121094,56.111568450927734,161.56602478027344,146.46788024902344,77.03638458251953,42.61207962036133,157.4427490234375,120.82727813720703,689.92578125
2026-01-07,46.47332763671875,44.8370475769043,55.32560729980469,158.52456665039062,146.34803771972656,76.1911392211914,41.57929992675781,159.00633239746094,120.65762329101562,687.701904296875
2026-01-08,47.289695739746094,46.24782943725586,55.6141242980957,159.72120666503906,144.06088256835938,78.0009536743164,41.69847106933594,157.47262573242188,122.67356872558594,687.632080078125
2026-01-09,48.046329498291016,46.36705017089844,55.44499206542969,161.47625732421875,145.968505859375,78.8064193725586,42.2148551940918,156.66595458984375,124.16058349609375,692.1796264648438
2026-01-12,48.305179595947266,46.03919219970703,55.00724411010742,162.71279907226562,146.6077117919922,79.73121643066406,42.28437423706055,156.7356719970703,124.27035522460938,693.2666625976562
2026-01-13,48.514251708984375,46.694908142089844,53.95266342163086,163.55043029785156,146.298095703125,80.656005859375,42.55249786376953,156.09829711914062,123.96098327636719,691.8804931640625
2026-01-14,48.53416442871094,47.74802780151367,53.87307357788086,163.80972290039062,144.5203094482422,81.76974487304688,42.87027359008789,157.2136993408203,122.00491333007812,688.479736328125
2026-01-15,48.74323272705078,47.30094909667969,54.09194564819336,165.3154754638672,145.2793731689453,81.9089584350586,43.307220458984375,156.31739807128906,122.45401000976562,690.3546142578125
2026-01-16,48.464473724365234,47.380428314208984,54.16158676147461,166.43234252929688,145.4391632080078,81.6504135131836,43.088748931884766,155.10238647460938,122.05481719970703,689.7761840820312
2026-01-20,47.97663879394531,47.291011810302734,52.92793273925781,163.07179260253906,141.6638641357422,81.89900970458984,42.6617317199707,154.76376342773438,118.88118743896484,675.7345581054688
2026-01-21,49.021995544433594,48.43354797363281,53.18659973144531,165.89385986328125,143.63140869140625,81.97856903076172,42.721317291259766,157.612060546875,121.1566162109375,683.5332641601562
2026-01-22,49.30075454711914,48.59251022338867,53.534812927246094,165.03627014160156,144.70008850097656,81.80950927734375,42.41346740722656,157.64193725585938,122.37417602539062,687.103515625
2026-01-23,49.74876403808594,48.87069320678711,52.7985954284668,163.75985717773438,144.90982055664062,82.44593811035156,42.26451110839844,156.8352508544922,122.88314819335938,687.352783203125
2026-01-26,49.808494567871094,48.90049743652344,53.13685607910156,163.91940307617188,145.8986053466797,82.31665802001953,42.572357177734375,157.45272827148438,122.07477569580078,690.84326171875
2026-01-27,49.75871658325195,49.34757614135742,52.72895431518555,164.59750366210938,147.86614990234375,82.69453430175781,43.12847137451172,154.81356811523438,122.44403076171875,693.5957641601562
2026-01-28,49.728851318359375,49.7251091003418,52.7190055847168,163.68008422851562,149.044677734375,81.85923767089844,43.02916717529297,153.67823791503906,121.52587127685547,693.5259399414062
2026-01-29,49.778629302978516,50.18212127685547,53.27614212036133,165.395263671875,146.68760681152344,81.67029571533203,43.02916717529297,153.19024658203125,120.94703674316406,692.1497192382812
2026-01-30,49.05186080932617,50.7186164855957,53.16670227050781,164.9764404296875,143.7013397216797,83.0425796508789,42.94972229003906,154.10647583007812,120.92707824707031,690.0853271484375
2026-02-02,49.430179595947266,49.7251091003418,53.753684997558594,167.06057739257812,145.07960510253906,84.02703094482422,42.324092864990234,155.05258178710938,121.72547912597656,693.5159912109375
2026-02-03,50.475528717041016,51.334590911865234,53.25624084472656,168.4666290283203,141.903564453125,85.38936614990234,42.93979263305664,153.46910095214844,120.7474365234375,687.6520385742188
2026-02-04,51.66025924682617,52.487064361572266,53.684043884277344,168.9153594970703,137.94847106933594,86.50309753417969,42.78090286254883,155.3911895751953,119.85922241210938,684.3211059570312
2026-02-05,50.27641296386719,51.871089935302734,53.01747131347656,167.89822387695312,135.46157836914062,86.43348693847656,42.80076217651367,154.2060546875,117.2744140625,675.7744750976562
2026-02-06,51.28194046020508,52.90433883666992,53.98250961303711,172.69473266601562,140.95474243164062,87.44778442382812,43.04902648925781,157.06431579589844,117.75344848632812,688.739013671875
2026-02-09,51.948978424072266,53.291805267333984,53.664146423339844,173.21328735351562,143.1719970703125,86.94063568115234,43.178123474121094,155.6800079345703,117.31433868408203,692.0599975585938
2026-02-10,52.675743103027344,53.23219680786133,53.27614212036133,173.42269897460938,142.37298583984375,86.66220092773438,43.89312744140625,154.69406127929688,118.0927734375,690.2349243164062
2026-02-11,53.382598876953125,54.62310791015625,52.47028350830078,174.35009765625,142.79246520996094,87.90520477294922,44.280418395996094,155.61029052734375,117.52391815185547,690.075439453125
2026-02-12,52.596099853515625,53.629600524902344,51.42565155029297,172.2659454345703,139.03713989257812,88.7106704711914,44.93583679199219,155.36131286621094,115.89717864990234,679.41455078125
2026-02-13,53.073974609375,53.997196197509766,51.385860443115234,173.68197631835938,139.38668823242188,89.00899505615234,46.17715835571289,157.02447509765625,115.94708251953125,679.8931884765625
2026-02-17,52.4666748046875,53.401092529296875,51.93304443359375,174.5894317626953,139.30679321289062,87.7063217163086,46.05799102783203,156.7257080078125,115.80736541748047,680.9901733398438
2026-02-18,52.78525924682617,54.42440414428711,52.32105255126953,174.54953002929688,140.73501586914062,87.5472183227539,45.2933349609375,157.02447509765625,116.78539276123047,684.4208374023438
2026-02-19,52.596099853515625,54.82181167602539,51.88330078125,175.84588623046875,140.035888671875,87.17929077148438,45.78986358642578,156.61614990234375,116.0069580078125,682.61572265625
2026-02-20,52.725521087646484,54.52375793457031,52.22156524658203,176.7333984375,140.70506286621094,87.39805603027344,46.008338928222656,156.17796325683594,117.21453094482422,687.5523071289062
2026-02-23,52.725521087646484,54.79200744628906,50.47056198120117,174.34011840820312,138.34799194335938,88.47201538085938,46.35590744018555,157.8909149169922,114.75946807861328,680.531494140625
2026-02-24,53.12375259399414,54.74232864379883,50.71928405761719,176.48410034179688,140.145751953125,89.23770141601562,46.87229919433594,157.22366333007812,116.5059585571289,685.4779052734375
2026-02-25,52.82508087158203,54.51382064819336,51.604732513427734,175.10797119140625,142.8323974609375,88.51179504394531,47.031185150146484,157.18382263183594,116.85525512695312,691.26220703125
2026-02-26,52.76534652709961,54.69265365600586,52.231510162353516,176.2048797607422,140.8348846435547,88.36263275146484,46.85243606567383,156.77549743652344,116.81533813476562,687.422607421875
2026-02-27,53.17353057861328,55.557003021240234,51.16698455810547,176.64364624023438,138.58767700195312,89.50619506835938,47.398616790771484,159.5441131591797,116.62571716308594,684.1216430664062
2026-03-02,53.01424026489258,56.66973876953125,51.03764724731445,178.39871215820312,139.36671447753906,88.21347045898438,47.041114807128906,157.88095092773438,115.18860626220703,684.5106201171875
2026-03-03,51.71003723144531,56.15311050415039,50.9481086730957,174.9484100341797,137.32925415039062,87.24889373779297,46.74319839477539,156.09829711914062,114.13072967529297,678.4771118164062
2026-03-04,51.69012451171875,55.825252532958984,51.23662567138672,175.4769287109375,139.6663360595703,86.67214965820312,46.941810607910156,156.4070281982422,116.15666198730469,683.2639770507812
2026-03-05,50.60495376586914,56.11336898803711,50.9680061340332,171.577880859375,140.00592041015625,84.93194580078125,46.57438278198242,153.27987670898438,116.31634521484375,679.4544067382812
2026-03-06,49.63924789428711,56.20278549194336,50.31138229370117,169.4638214111328,137.1195068359375,85.29986572265625,46.41549301147461,152.0748291015625,114.2105712890625,670.5487060546875
2026-03-09,49.768672943115234,55.954410552978516,50.072608947753906,170.46102905273438,139.58644104003906,85.48880767822266,46.52472686767578,153.62843322753906,114.36026763916016,676.4227294921875
2026-03-10,49.65916061401367,55.23908233642578,49.80398941040039,169.54360961914062,139.58644104003906,85.24020385742188,46.23674011230469,152.52297973632812,114.2105712890625,675.3356323242188
2026-03-11,49.61933517456055,56.61012649536133,49.38613510131836,169.0150909423828,140.25559997558594,84.11652374267578,45.84944534301758,152.22421264648438,113.91117095947266,674.4879760742188
2026-03-12,49.460044860839844,57.13668441772461,48.58028030395508,164.77700805664062,137.6688232421875,83.77843475341797,46.17715835571289,149.54522705078125,111.29642486572266,664.2459106445312
2026-03-13,48.97221374511719,57.3254508972168,48.63997268676758,164.1886444091797,136.630126953125,84.26568603515625,46.63396072387695,149.17672729492188,110.63774871826172,660.4862060546875
2026-03-16,49.1812858581543,57.52415466308594,49.047874450683594,165.59469604492188,138.607666015625,84.50434875488281,46.93187713623047,150.39173889160156,111.97505950927734,667.2078857421875
2026-03-17,49.30075454711914,58.130191802978516,49.306549072265625,166.03346252441406,139.36671447753906,84.22591400146484,46.80278396606445,149.02735900878906,112.95309448242188,668.9630126953125
2026-03-18,48.265357971191406,58.05071258544922,48.719566345214844,164.7171630859375,137.78868103027344,82.17744445800781,46.40555953979492,146.53758239746094,110.34832763671875,659.6285400390625
2026-03-19,47.52863693237305,58.97467803955078,48.739463806152344,163.6002960205078,138.25808715820312,81.51119232177734,46.216880798339844,146.009765625,109.48007202148438,658.0029907226562
2026-03-20,46.77199935913086,58.92500305175781,48.829002380371094,161.2169952392578,135.1219940185547,80.83499908447266,44.340003967285156,144.73500061035156,107.52400207519531,648.5700073242188
2026-03-23,47.54999923706055,59.630001068115234,49.27000045776367,163.0500030517578,136.9499969482422,81.18000030517578,44.779998779296875,144.77000427246094,110.12000274658203,655.3800048828125
2026-03-24,48.45000076293945,60.84000015258789,49.279998779296875,164.0,136.14999389648438,81.11000061035156,45.09000015258789,144.7899932861328,109.68000030517578,653.1799926757812
2026-03-25,49.40999984741211,60.56999969482422,49.34000015258789,165.10000610351562,136.75999450683594,81.51000213623047,45.25,146.24000549316406,110.7300033569336,656.8200073242188
2026-03-26,49.09000015258789,61.52000045776367,49.04999923706055,161.27000427246094,132.5,81.13999938964844,45.33000183105469,145.74000549316406,108.83000183105469,645.0900268554688
2026-03-27,48.90999984741211,62.560001373291016,47.810001373291016,159.1999969482422,129.9199981689453,81.77999877929688,45.59000015258789,143.25999450683594,105.68000030517578,634.0900268554688
2026-03-30,49.09000015258789,61.959999084472656,48.36000061035156,156.61000061035156,127.5,81.87999725341797,45.91999816894531,143.82000732421875,105.66000366210938,631.969970703125
2026-03-31,49.970001220703125,61.2599983215332,49.369998931884766,161.72999572753906,132.89999389648438,81.9800033569336,45.88999938964844,146.61000061035156,108.9800033569336,650.3400268554688
2026-04-01,50.459999084472656,58.970001220703125,49.439998626708984,164.42999267578125,134.91000366210938,81.45999908447266,46.11000061035156,147.72999572753906,109.80000305175781,655.239990234375
2026-04-02,50.40999984741211,59.25,49.529998779296875,163.77000427246094,135.99000549316406,81.88999938964844,46.34000015258789,146.80999755859375,108.1500015258789,655.8300170898438
2026-04-06,50.220001220703125,59.68000030517578,49.880001068115234,164.61000061035156,136.77999877929688,82.66000366210938,46.16999816894531,146.27999877929688,109.04000091552734,658.9299926757812
2026-04-07,50.08000183105469,60.15999984741211,49.880001068115234,164.27999877929688,137.42999267578125,81.26000213623047,46.27000045776367,146.57000732421875,107.7699966430664,659.219970703125
2026-04-08,51.75,58.04999923706055,51.20000076293945,170.44000244140625,141.69000244140625,82.77999877929688,46.779998779296875,149.6699981689453,110.81999969482422,676.010009765625
2026-04-09,51.66999816894531,57.33000183105469,51.33000183105469,172.19000244140625,142.07000732421875,83.44999694824219,47.150001525878906,149.3300018310547,112.73999786376953,679.9099731445312
2026-04-10,51.959999084472656,56.939998626708984,50.77000045776367,171.52000427246094,142.6199951171875,82.37000274658203,46.959999084472656,147.30999755859375,112.88999938964844,679.4600219726562
2026-04-13,52.189998626708984,57.11000061035156,51.65999984741211,172.72999572753906,145.61000061035156,81.55000305175781,46.38999938964844,147.97000122070312,113.91999816894531,686.0999755859375
2026-04-14,52.0099983215332,55.95000076293945,51.779998779296875,173.35000610351562,147.94000244140625,81.47000122070312,46.470001220703125,148.8300018310547,116.44000244140625,694.4600219726562
2026-04-15,51.380001068115234,55.7599983215332,52.16999816894531,171.17999267578125,150.3000030517578,81.05999755859375,46.02000045776367,147.77000427246094,118.18000030517578,699.9400024414062
2026-04-16,51.75,56.58000183105469,52.029998779296875,170.3300018310547,152.02000427246094,81.43000030517578,46.349998474121094,146.61000061035156,117.62999725341797,701.6599731445312
2026-04-17,51.880001068115234,55.02000045776367,52.43000030517578,173.50999450683594,154.35000610351562,82.45999908447266,46.15999984741211,148.8000030517578,120.41000366210938,710.1400146484375
2026-04-20,52.22999954223633,55.06999969482422,52.630001068115234,173.89999389648438,154.55999755859375,82.38999938964844,45.75,147.4199981689453,119.87000274658203,708.719970703125
2026-04-21,51.77000045776367,55.869998931884766,52.29999923706055,171.44000244140625,154.69000244140625,81.83999633789062,44.95000076293945,145.9199981689453,118.97000122070312,704.0800170898438
2026-04-22,51.83000183105469,56.540000915527344,52.209999084472656,171.0399932861328,158.08999633789062,82.11000061035156,44.869998931884766,146.3800048828125,118.93000030517578,711.2100219726562
2026-04-23,51.810001373291016,56.97999954223633,51.79999923706055,174.07000732421875,155.83999633789062,83.4800033569336,46.09000015258789,146.24000549316406,117.73999786376953,708.4500122070312
2026-04-24,51.91999816894531,56.869998931884766,51.41999816894531,172.47000122070312,160.22000122070312,83.2300033569336,46.18000030517578,144.17999267578125,118.69000244140625,713.9400024414062
2026-04-27,51.779998779296875,56.77000045776367,51.810001373291016,172.50999450683594,160.57000732421875,82.33999633789062,46.189998626708984,143.4600067138672,117.83999633789062,715.1699829101562
2026-04-28,51.400001525878906,57.709999084472656,51.849998474121094,170.97999572753906,157.85000610351562,83.08000183105469,46.25,143.83999633789062,117.01000213623047,711.6900024414062
2026-04-29,50.959999084472656,59.029998779296875,51.91999816894531,169.92999267578125,159.11000061035156,82.91999816894531,45.68000030517578,142.83999633789062,116.83999633789062,711.5800170898438
2026-04-30,51.470001220703125,59.650001525878906,52.130001068115234,174.5800018310547,159.5,84.30999755859375,46.849998474121094,145.99000549316406,118.3499984741211,718.6599731445312
